id,name,trig_utc,src_start,src_stop,met_start,met_stop,win_s,saturation,sat_boxes,n_fifo_reset,dead_time_s,n_events_lost,peak_rate_evt_s,max_fifo_backlog,judged_on,note
0,HEB170626040,2017-06-26T00:57:55.80,0.0,10.0,173062678.800000,173062688.800000,10.000,clean,,0,0.000000,0,8882,0,1B,
1,HEB170626400,2017-06-26T09:37:22.32,-3.0,15.0,173093842.320000,173093860.320000,18.000,clean,,0,0.000000,0,37586,64,1B,
2,HEB170705115,2017-07-05T02:45:59.00,-2.0,5.0,173846760.000000,173846767.000000,7.000,clean,,0,0.000000,0,8554,0,1B,
3,HEB170708045,2017-07-08T01:06:11.25,-0.1,0.2,174099974.150000,174099974.450000,0.300,clean,,0,0.000000,0,7443,0,1B,
4,HEB170712139,2017-07-12T03:20:30.00,-8.0,5.0,174453625.000000,174453638.000000,13.000,clean,,0,0.000000,0,4434,0,1B,
5,HEB170714049,2017-07-14T01:10:51.10,-0.1,0.2,174618654.000000,174618654.300000,0.300,clean,,0,0.000000,0,4669,0,1B,
6,HEB170718152,2017-07-18T03:39:30.00,-12.0,6.0,174973161.000000,174973179.000000,18.000,clean,,0,0.000000,0,39493,66,1B,
7,HEB170726248,2017-07-26T05:58:15.42,-0.2,0.8,175672698.220000,175672699.220000,1.000,clean,,0,0.000000,0,4472,0,1B,
8,HEB170726793,2017-07-26T19:02:59.51,-8.0,20.0,175719774.510000,175719802.510000,28.000,clean,,0,0.000000,0,40551,78,1B,
9,HEB170728960,2017-07-28T23:03:19.00,-1.0,15.0,175907001.000000,175907017.000000,16.000,clean,,0,0.000000,0,13325,0,1B,
10,HEB170801208,2017-08-01T04:59:55.25,-0.05,0.1,176187598.200000,176187598.350000,0.150,clean,,0,0.000000,0,10716,0,1B,
11,HEB170802637,2017-08-02T15:18:26.00,0.0,1.0,176311109.000000,176311110.000000,1.000,clean,,0,0.000000,0,49726,192,1B,
12,HEB170803917,2017-08-03T22:00:31.00,0.6,1.2,176421634.600000,176421635.200000,0.600,clean,,0,0.000000,0,10074,0,1B,
13,HEB170805596,2017-08-05T14:18:49.50,0.0,0.3,176566732.500000,176566732.800000,0.300,clean,,0,0.000000,0,8160,0,1B,
14,HEB170805610,2017-08-05T14:38:34.00,0.2,1.2,176567917.200000,176567918.200000,1.000,clean,,0,0.000000,0,5776,0,1B,
15,HEB170817908,2017-08-17T21:47:34.00,0.0,4.0,177630457.000000,177630461.000000,4.000,clean,,0,0.000000,0,12719,0,1B,
16,HEB170825306,2017-08-25T07:22:03.00,-3.0,8.0,178269723.000000,178269734.000000,11.000,clean,,0,0.000000,0,9310,0,1B,
17,HEB170826818,2017-08-26T19:38:58.00,-2.0,10.0,178400339.000000,178400351.000000,12.000,clean,,0,0.000000,0,44022,160,1B,
18,HEB170829270,2017-08-29T06:29:39.90,-0.5,5.0,178612182.400000,178612187.900000,5.500,clean,,0,0.000000,0,35785,145,1B,
19,HEB170901499,2017-09-01T11:59:56.50,-4.0,13.0,178891195.500000,178891212.500000,17.000,clean,,0,0.000000,0,39752,87,1B,
20,HEB170903534,2017-09-03T12:49:11.00,-0.5,13.0,179066953.500000,179066967.000000,13.500,clean,,0,0.000000,0,38873,76,1B,
21,HEB170904406,2017-09-04T09:46:00.62,-4.0,15.0,179142359.620000,179142378.620000,19.000,clean,,0,0.000000,0,37847,82,1B,
22,HEB170906029,2017-09-06T00:43:06.00,-1.0,43.0,179282588.000000,179282632.000000,44.000,clean,,0,0.000000,0,5206,0,1B,
23,HEB170912984,2017-09-12T23:38:12.60,-0.1,0.2,179883495.500000,179883495.800000,0.300,clean,,0,0.000000,0,7184,0,1B,
24,HEB170921030,2017-09-21T00:43:37.00,-0.5,1.8,180578619.500000,180578621.800000,2.300,clean,,0,0.000000,0,6240,0,1B,
25,HEB170923188,2017-09-23T04:31:05.44,-1.5,35.0,180765066.940000,180765103.440000,36.500,clean,,0,0.000000,0,31485,55,1B,
26,HEB170926340,2017-09-26T08:10:39.80,-0.2,4.0,181037442.600000,181037446.800000,4.200,clean,,0,0.000000,0,9041,0,1B,
27,HEB171007498,2017-10-07T11:57:38.27,-0.1,1.8,182001461.170000,182001463.070000,1.900,clean,,0,0.000000,0,4132,0,1B,
28,HEB171008079,2017-10-08T01:54:38.50,-0.1,0.7,182051681.400000,182051682.200000,0.800,clean,,0,0.000000,0,5928,0,1B,
29,HEB171011045,2017-10-11T01:05:36.00,-0.5,10.0,182307938.500000,182307949.000000,10.500,saturated,A,1,0.027792,440,24190,82,1B,
30,HEB171013350,2017-10-13T08:24:42.11,-2.0,20.0,182507083.110000,182507105.110000,22.000,clean,,0,0.000000,0,10431,0,1B,
31,HEB171030728,2017-10-30T17:29:45.00,0.0,0.2,184008588.000000,184008588.200000,0.200,clean,,0,0.000000,0,10739,0,1B,
32,HEB171102106,2017-11-02T02:33:35.99,30.0,56.0,184214048.990000,184214074.990000,26.000,clean,,0,0.000000,0,11084,0,1B,
33,HEB171103965,2017-11-03T23:10:30.04,1.8,2.4,184374634.840000,184374635.440000,0.600,clean,,0,0.000000,0,18191,18,1B,
34,HEB171115217,2017-11-15T05:13:14.70,-0.2,2.5,185346797.500000,185346800.200000,2.700,clean,,0,0.000000,0,5456,0,1B,
35,HEB171120555,2017-11-20T13:20:02.00,-1.0,42.0,185808004.000000,185808047.000000,43.000,saturated,B,1,0.015270,514,41859,132,1B,
36,HEB171124234,2017-11-24T05:38:03.00,-8.0,3.0,186125878.000000,186125889.000000,11.000,clean,,0,0.000000,0,42281,69,1B,
37,HEB171205306,2017-12-05T07:20:43.00,-45.0,-10.0,187082401.000000,187082436.000000,35.000,saturated,C,1,0.015416,326,35528,61,1B,
38,HEB171207054,2017-12-07T01:18:42.45,-0.2,0.3,187233525.250000,187233525.750000,0.500,clean,,0,0.000000,0,7985,0,1B,
39,HEB171209615,2017-12-09T14:46:16.22,-2.0,90.0,187454777.220000,187454869.220000,92.000,clean,,0,0.000000,0,52304,141,1B,
40,HEB171210492,2017-12-10T11:49:16.00,-5.0,25.0,187530554.000000,187530584.000000,30.000,clean,,0,0.000000,0,48444,104,1B,
41,HEB171215705,2017-12-15T16:55:26.57,-5.0,24.0,187980924.570000,187980953.570000,29.000,clean,,0,0.000000,0,38032,64,1B,
42,HEB171223818,2017-12-23T19:38:15.00,-0.1,0.3,188681897.900000,188681898.300000,0.400,clean,,0,0.000000,0,19804,38,1B,
43,HEB171230955,2017-12-30T22:55:34.00,-0.5,16.0,189298536.500000,189298553.000000,16.500,clean,,0,0.000000,0,13517,0,1B,
44,HEB180103047,2018-01-03T01:08:40.00,-5.0,162.0,189565718.000000,189565885.000000,167.000,clean,,0,0.000000,0,46741,200,1B,
45,HEB180103949,2018-01-03T22:47:12.00,0.8,1.4,189643635.800000,189643636.400000,0.600,clean,,0,0.000000,0,6788,0,1B,
46,HEB180110608,2018-01-10T14:35:59.22,-1.0,1.0,190218961.220000,190218963.220000,2.000,clean,,0,0.000000,0,5907,0,1B,
47,HEB180111695,2018-01-11T16:42:06.38,-1.0,30.0,190312928.380000,190312959.380000,31.000,clean,,0,0.000000,0,5273,0,1B,
48,HEB180112687,2018-01-12T16:30:38.00,-10.0,185.0,190398631.000000,190398826.000000,195.000,clean,,0,0.000000,0,5337,0,1B,
49,HEB180113011,2018-01-13T00:16:00.00,-2.0,18.0,190426561.000000,190426581.000000,20.000,saturated,B,12,0.307094,5529,43235,227,1B,
50,HEB180113418,2018-01-13T10:02:07.50,-5.0,45.0,190461725.500000,190461775.500000,50.000,saturated,B,7,0.189786,3011,29636,84,1B,
51,HEB180119836,2018-01-19T20:04:49.78,1.0,7.0,191016293.780000,191016299.780000,6.000,clean,,0,0.000000,0,5150,0,1B,
52,HEB180127049,2018-01-27T01:11:12.91,0.0,8.0,191639475.910000,191639483.910000,8.000,clean,,0,0.000000,0,5800,0,1B,
53,HEB180130744,2018-01-30T17:51:26.79,-0.3,0.1,191958689.490000,191958689.890000,0.400,clean,,0,0.000000,0,6477,0,1B,
54,HEB180202211,2018-02-02T05:04:28.00,-2.5,12.0,192171868.500000,192171883.000000,14.500,clean,,0,0.000000,0,6313,0,1B,
55,HEB180208764,2018-02-08T18:20:50.30,-4.0,6.0,192738049.300000,192738059.300000,10.000,saturated,AB,2,0.035606,1259,39074,160,1B,
56,HEB180210517,2018-02-10T12:24:44.00,-7.0,42.0,192889480.000000,192889529.000000,49.000,saturated,BC,4,0.062570,2538,56902,243,1B,
57,HEB180210728,2018-02-10T17:29:06.00,-0.5,10.0,192907748.500000,192907759.000000,10.500,saturated,BC,6,0.093570,3453,58413,156,1B,
58,HEB180218634,2018-02-18T15:14:05.49,-1.0,10.0,193590847.490000,193590858.490000,11.000,saturated,AC,21,0.546574,10282,24649,165,1B,
59,HEB180219482,2018-02-19T11:34:39.00,-30.0,100.0,193664052.000000,193664182.000000,130.000,saturated,B,1,0.015682,404,25508,42,1B,
60,HEB180221520,2018-02-21T12:30:01.00,-1.0,70.0,193840203.000000,193840274.000000,71.000,saturated,A,1,0.020668,939,45454,160,1B,
61,HEB180226392,2018-02-26T09:24:58.73,0.0,1.0,194261101.730000,194261102.730000,1.000,clean,,0,0.000000,0,5534,0,1B,
62,HEB180305393,2018-03-05T09:26:08.66,-1.0,11.0,194865970.660000,194865982.660000,12.000,clean,,0,0.000000,0,14414,0,1B,
63,HEB180306972,2018-03-06T23:20:33.93,-6.0,10.0,195002430.930000,195002446.930000,16.000,clean,,0,0.000000,0,43988,70,1B,
64,HEB180309321,2018-03-09T07:43:10.62,-3.0,16.0,195205390.620000,195205409.620000,19.000,clean,,0,0.000000,0,45266,72,1B,
65,HEB180313977,2018-03-13T23:28:17.53,-0.1,0.1,195607700.430000,195607700.630000,0.200,clean,,0,0.000000,0,17241,11,1B,
66,HEB180326143,2018-03-26T03:26:07.06,1.0,19.0,196658771.060000,196658789.060000,18.000,clean,,0,0.000000,0,37176,64,1B,
67,HEB180330891,2018-03-30T21:23:15.52,-0.5,5.0,197068998.020000,197069003.520000,5.500,clean,,0,0.000000,0,8356,0,1B,
68,HEB180331177,2018-03-31T04:14:55.70,0.0,4.0,197093698.700000,197093702.700000,4.000,clean,,0,0.000000,0,44237,119,1B,
69,HEB180401279,2018-04-01T06:42:43.78,-2.0,12.0,197188964.780000,197188978.780000,14.000,clean,,0,0.000000,0,11680,0,1B,
70,HEB180402406,2018-04-02T09:44:59.37,-0.1,0.2,197286302.270000,197286302.570000,0.300,clean,,0,0.000000,0,15747,1,1B,
71,HEB180404091,2018-04-04T02:11:38.64,-2.0,62.0,197431899.640000,197431963.640000,64.000,clean,,0,0.000000,0,50277,167,1B,
72,HEB180405168,2018-04-05T04:02:53.06,0.0,25.0,197524976.060000,197525001.060000,25.000,saturated,B,1,0.016738,57,6383,0,1B,"the criterion still misses this one: GAP_FACTOR compares the hole against mean_event_interval, which is the same packet-averaged quantity the rate gate used, so 100x the baseline (23-25 ms) exceeds the 16.7 ms hole.  1K shows the same hole."
73,HEB180409346,2018-04-09T08:18:18.67,-1.0,18.0,197885900.670000,197885919.670000,19.000,clean,,0,0.000000,0,4581,0,1B,
74,HEB180411359,2018-04-11T08:37:29.76,-1.0,110.0,198059851.760000,198059962.760000,111.000,saturated,C,4,0.055942,2143,54491,221,1B,
75,HEB180413117,2018-04-13T02:49:43.23,-10.0,70.0,198211776.230000,198211856.230000,80.000,saturated,C,1,0.030058,957,44745,188,1B,
76,HEB180416923,2018-04-16T22:10:11.00,-2.0,20.0,198540612.000000,198540634.000000,22.000,clean,,0,0.000000,0,9100,0,1B,
77,HEB180427442,2018-04-27T10:37:03.00,-2.0,8.0,199449424.000000,199449434.000000,10.000,saturated,B,1,0.016954,170,21958,32,1B,
78,HEB180505539,2018-05-05T12:57:30.00,-22.0,3.0,200149031.000000,200149056.000000,25.000,clean,,0,0.000000,0,4863,0,1B,
79,HEB180506902,2018-05-06T21:38:58.00,0.0,20.0,200266741.000000,200266761.000000,20.000,clean,,0,0.000000,0,6887,0,1B,
80,HEB180510808,2018-05-10T19:24:39.00,0.0,5.0,200604282.000000,200604287.000000,5.000,clean,,0,0.000000,0,8514,0,1B,
81,HEB180523782,2018-05-23T18:46:28.00,-0.1,1.0,201725190.900000,201725192.000000,1.100,clean,,0,0.000000,0,5357,0,1B,
82,HEB180525151,2018-05-25T03:37:59.05,-0.1,0.1,201843481.950000,201843482.150000,0.200,clean,,0,0.000000,0,9020,0,1B,
83,HEB180603682,2018-06-03T16:23:06.00,-3.0,35.0,202666986.000000,202667024.000000,38.000,clean,,0,0.000000,0,45721,122,1B,
84,HEB180603235,2018-06-03T05:39:50.00,0.0,0.7,202628393.000000,202628393.700000,0.700,clean,,0,0.000000,0,6560,0,1B,
85,HEB180605457,2018-06-05T10:59:25.00,0.0,19.0,202820368.000000,202820387.000000,19.000,clean,,0,0.000000,0,7755,0,1B,
86,HEB180618030,2018-06-18T00:43:13.00,0.0,0.4,203906596.000000,203906596.400000,0.400,clean,,0,0.000000,0,13035,0,1B,
87,HEB180623696,2018-06-23T16:42:21.00,-5.0,48.0,204396139.000000,204396192.000000,53.000,clean,,0,0.000000,0,42545,132,1B,
88,HEB180625940,2018-06-25T22:34:41.50,0.0,0.7,204590084.500000,204590085.200000,0.700,clean,,0,0.000000,0,9244,0,1B,
89,HEB180626260,2018-06-26T06:15:14.00,-1.0,25.0,204617716.000000,204617742.000000,26.000,clean,,0,0.000000,0,40732,67,1B,
90,HEB180626391,2018-06-26T09:23:50.95,-0.4,0.2,204629033.550000,204629034.150000,0.600,clean,,0,0.000000,0,5866,0,1B,
91,HEB180704233,2018-07-04T05:36:43.00,-22.0,5.0,205306584.000000,205306611.000000,27.000,saturated,C,1,0.016266,401,24423,39,1B,
92,HEB180704525,2018-07-04T12:36:33.00,-3.0,15.0,205331793.000000,205331811.000000,18.000,clean,,0,0.000000,0,7522,0,1B,
93,HEB180715754,2018-07-15T18:07:05.00,-0.1,0.6,206302027.900000,206302028.600000,0.700,clean,,0,0.000000,0,9197,0,1B,
94,HEB180718762,2018-07-18T18:18:24.00,-0.5,40.0,206561906.500000,206561947.000000,40.500,saturated,A,1,0.017488,223,40192,177,1B,
95,HEB180720598,2018-07-20T14:21:39.65,-2.0,60.0,206720500.650000,206720562.650000,62.000,saturated,BC,5,0.130618,2179,23634,171,1B,
96,HEB180722992,2018-07-22T23:49:13.00,-2.0,58.0,206927354.000000,206927414.000000,60.000,clean,,0,0.000000,0,30532,53,1B,
97,HEB180724807,2018-07-24T19:22:31.00,-4.0,55.0,207084150.000000,207084209.000000,59.000,clean,,0,0.000000,0,5721,0,1B,
98,HEB180730017,2018-07-30T00:25:40.00,0.2,0.5,207534343.200000,207534343.500000,0.300,clean,,0,0.000000,0,7690,0,1B,
99,HEB180801275,2018-08-01T06:37:03.51,-0.1,0.4,207729426.410000,207729426.910000,0.500,clean,,0,0.000000,0,4835,0,1B,
100,HEB180803590,2018-08-03T14:09:49.73,-0.3,0.1,207929392.430000,207929392.830000,0.400,clean,,0,0.000000,0,4390,0,1B,
101,HEB180804554,2018-08-04T13:17:48.00,-12.0,41.0,208012659.000000,208012712.000000,53.000,saturated,AB,3,0.061264,1939,49180,259,1B,
102,HEB180804930,2018-08-04T22:20:38.28,-0.2,7.0,208045241.080000,208045248.280000,7.200,clean,,0,0.000000,0,37355,174,1B,
103,HEB180816088,2018-08-16T02:07:18.91,-2.0,35.0,209009239.910000,209009276.910000,37.000,clean,,0,0.000000,0,45266,204,1B,
104,HEB180822561,2018-08-22T13:28:34.05,-1.0,135.0,209568516.050000,209568652.050000,136.000,clean,,0,0.000000,0,38353,125,1B,
105,HEB180828789,2018-08-28T18:57:26.58,-1.0,11.0,210106648.580000,210106660.580000,12.000,clean,,0,0.000000,0,8823,0,1B,
106,HEB180914765,2018-09-14T18:22:48.00,-13.0,250.0,211573358.000000,211573621.000000,263.000,saturated,ABC,426,8.911964,208994,50230,190,1B,
107,HEB180922461,2018-09-22T11:03:52.02,-2.0,5.0,212238233.020000,212238240.020000,7.000,clean,,0,0.000000,0,17474,12,1B,
108,HEB180925407,2018-09-25T09:46:30.54,-0.6,0.0,212492792.940000,212492793.540000,0.600,clean,,0,0.000000,0,6082,0,1B,
109,HEB180925609,2018-09-25T14:37:27.90,0.0,25.0,212510250.900000,212510275.900000,25.000,saturated,B,1,0.026008,773,48791,190,1B,
110,HEB180927992,2018-09-27T23:49:20.19,-1.0,6.0,212716162.190000,212716169.190000,7.000,clean,,0,0.000000,0,5683,0,1B,
111,HEB180929453,2018-09-29T10:52:33.92,-0.3,3.0,212842356.620000,212842359.920000,3.300,clean,,0,0.000000,0,8208,0,1B,
112,HEB181008269,2018-10-08T06:28:13.50,-30.0,10.0,213604066.500000,213604106.500000,40.000,clean,,0,0.000000,0,30044,53,1B,
113,HEB181011181,2018-10-11T04:21:12.00,0.0,15.0,213855675.000000,213855690.000000,15.000,clean,,0,0.000000,0,8198,0,1B,
114,HEB181014479,2018-10-14T11:30:23.00,-10.0,15.0,214140616.000000,214140641.000000,25.000,clean,,0,0.000000,0,19416,22,1B,
115,HEB181028590,2018-10-28T14:09:43.00,-1.0,35.0,215359785.000000,215359821.000000,36.000,clean,,0,0.000000,0,6262,0,1B,
116,HEB181112582,2018-11-12T13:58:51.00,-1.0,4.0,216655133.000000,216655138.000000,5.000,clean,,0,0.000000,0,5479,0,1B,
117,HEB181119605,2018-11-19T14:32:17.13,-1.0,16.0,217261939.130000,217261956.130000,17.000,clean,,0,0.000000,0,7469,0,1B,
118,HEB181121306,2018-11-21T07:21:29.27,-0.3,0.0,217408891.970000,217408892.270000,0.300,clean,,0,0.000000,0,9845,0,1B,
119,HEB181122381,2018-11-22T09:09:03.06,-0.2,23.0,217501745.860000,217501769.060000,23.200,clean,,0,0.000000,0,6162,0,1B,
120,HEB181123231,2018-11-23T05:33:03.09,0.0,0.5,217575186.090000,217575186.590000,0.500,clean,,0,0.000000,0,10158,0,1B,
121,HEB181201111,2018-12-01T02:39:53.00,-12.0,35.0,218255984.000000,218256031.000000,47.000,saturated,AC,4,0.061122,2643,75842,153,1B,
122,HEB181212692,2018-12-12T16:37:45.50,-3.0,10.0,219256665.500000,219256678.500000,13.000,clean,,0,0.000000,0,13358,0,1B,
123,HEB181213540,2018-12-13T12:57:38.00,0.0,15.0,219329861.000000,219329876.000000,15.000,clean,,0,0.000000,0,27305,47,1B,
124,HEB181217664,2018-12-17T15:56:57.00,-1.0,18.0,219686219.000000,219686238.000000,19.000,clean,,0,0.000000,0,37483,97,1B,
125,HEB181222841,2018-12-22T20:11:37.00,0.3,1.5,220133500.300000,220133501.500000,1.200,saturated,B,12,0.132080,8113,101313,266,1B,
126,HEB181225489,2018-12-25T11:44:10.00,0.0,12.0,220362253.000000,220362265.000000,12.000,clean,,0,0.000000,0,5152,0,1B,
127,HEB190102652,2019-01-02T15:40:17.27,2.5,7.0,221067622.770000,221067627.270000,4.500,clean,,0,0.000000,0,16540,6,1B,
128,HEB190103695,2019-01-03T16:41:52.64,1.0,29.0,221157716.640000,221157744.640000,28.000,saturated,A,2,0.058058,937,35207,104,1B,
129,HEB190103877,2019-01-03T21:03:50.00,-1.0,16.0,221173432.000000,221173449.000000,17.000,clean,,0,0.000000,0,8091,0,1B,
130,HEB190110725,2019-01-10T17:24:53.00,-5.0,5.0,221765091.000000,221765101.000000,10.000,clean,,0,0.000000,0,6898,0,1B,
131,HEB190114872,2019-01-14T20:57:02.00,-3.0,25.0,222123422.000000,222123450.000000,28.000,saturated,ABC,433,6.957270,225619,67619,228,1B,
132,HEB190117608,2019-01-17T14:36:47.00,-10.0,25.0,222359800.000000,222359835.000000,35.000,clean,,0,0.000000,0,26252,44,1B,
133,HEB190131964,2019-01-31T23:08:35.00,-2.0,40.0,223600116.000000,223600158.000000,42.000,clean,,0,0.000000,0,43186,73,1B,
134,HEB190203655,2019-02-03T15:44:09.00,-38.0,30.0,223832614.000000,223832682.000000,68.000,clean,,0,0.000000,0,55443,143,1B,
135,HEB190212129,2019-02-12T03:06:06.20,-0.05,0.03,224564769.150000,224564769.230000,0.080,clean,,0,0.000000,0,6100,0,1B,
136,HEB190215771,2019-02-15T18:31:22.48,-1.0,16.0,224879484.480000,224879501.480000,17.000,clean,,0,0.000000,0,9825,0,1B,
137,HEB190218810,2019-02-18T19:27:40.00,0.0,18.0,225142063.000000,225142081.000000,18.000,clean,,0,0.000000,0,49011,208,1B,
138,HEB190222537,2019-02-22T12:53:27.15,-1.0,10.0,225464009.150000,225464020.150000,11.000,saturated,B,1,0.015470,270,40520,136,1B,
139,HEB190226515,2019-02-26T12:21:45.50,0.1,0.5,225807708.600000,225807709.000000,0.400,clean,,0,0.000000,0,8870,0,1B,
140,HEB190305545,2019-03-05T13:05:19.00,0.2,2.5,226415122.200000,226415124.500000,2.300,saturated,ABC,55,0.979288,28869,53360,237,1B,
141,HEB190306467,2019-03-06T11:13:27.95,-1.0,25.0,226494809.950000,226494835.950000,26.000,saturated,B,1,0.015260,479,36406,151,1B,
142,HEB190310398,2019-03-10T09:33:25.00,-3.0,6.0,226834405.000000,226834414.000000,9.000,clean,,0,0.000000,0,11625,0,1B,
143,HEB190321931,2019-03-21T22:21:21.00,0.0,6.0,227830884.000000,227830890.000000,6.000,clean,,0,0.000000,0,6016,0,1B,
144,HEB190323878,2019-03-23T21:05:24.00,-8.0,25.0,227999119.000000,227999152.000000,33.000,clean,,0,0.000000,0,45569,119,1B,
145,HEB190324348,2019-03-24T08:21:21.00,-14.0,52.0,228039670.000000,228039736.000000,66.000,clean,,0,0.000000,0,32421,69,1B,
146,HEB190324947,2019-03-24T22:44:20.50,-2.0,8.0,228091461.500000,228091471.500000,10.000,clean,,0,0.000000,0,7402,0,1B,
147,HEB190326313,2019-03-26T07:31:47.00,-1.0,55.0,228209509.000000,228209565.000000,56.000,clean,,0,0.000000,0,50230,228,1K,"1B archive does not cover this window; judged on 1K (no non-Poisson hole, FIFO backlog 228/455 events)"
148,HEB190326316,2019-03-26T07:35:28.90,0.01,0.04,228209731.910000,228209731.940000,0.030,clean,,0,0.000000,0,15912,10,1K,"1B archive does not cover this window; judged on 1K (no non-Poisson hole, FIFO backlog 10/455 events)"
149,HEB190330694,2019-03-30T16:39:32.00,-0.5,11.0,228587974.500000,228587986.000000,11.500,clean,,0,0.000000,0,5630,0,1B,
150,HEB190331093,2019-03-31T02:14:38.00,-1.0,1.0,228622480.000000,228622482.000000,2.000,clean,,0,0.000000,0,10867,0,1B,
151,HEB190331841,2019-03-31T20:12:00.10,0.02,0.13,228687123.120000,228687123.230000,0.110,clean,,0,0.000000,0,10859,0,1B,
152,HEB190401139,2019-04-01T03:20:21.00,-1.0,18.0,228712823.000000,228712842.000000,19.000,clean,,0,0.000000,0,46502,147,1B,
153,HEB190407671,2019-04-07T16:07:26.49,-1.0,8.0,229277248.490000,229277257.490000,9.000,clean,,0,0.000000,0,10762,0,1B,
154,HEB190411406,2019-04-11T09:45:46.00,-5.0,190.0,229599944.000000,229600139.000000,195.000,saturated,ABC,22,0.551618,10241,48617,175,1B,
155,HEB190415173,2019-04-15T04:09:49.90,0.0,27.0,229925392.900000,229925419.900000,27.000,saturated,A,4,0.116198,1838,38873,105,1B,
156,HEB190424417,2019-04-24T10:00:42.00,-4.0,23.0,230724041.000000,230724068.000000,27.000,clean,,0,0.000000,0,14119,0,1B,
157,HEB190507269,2019-05-07T06:28:23.00,-2.0,21.0,231834504.000000,231834527.000000,23.000,clean,,0,0.000000,0,19920,24,1B,
158,HEB190510119,2019-05-10T02:52:13.23,-1.0,83.0,232080735.230000,232080819.230000,84.000,saturated,AC,2,0.040502,1377,48315,350,1B,
159,HEB190515189,2019-05-15T04:33:03.00,0.0,0.5,232518786.000000,232518786.500000,0.500,clean,,0,0.000000,0,7311,0,1B,
160,HEB190525031,2019-05-25T00:45:47.65,0.0,0.7,233369150.650000,233369151.350000,0.700,clean,,0,0.000000,0,5369,0,1B,
161,HEB190530429,2019-05-30T10:19:08.90,-4.0,40.0,233835547.900000,233835591.900000,44.000,saturated,ABC,666,11.265568,347029,62211,271,1B,
162,HEB190531840,2019-05-31T20:10:12.00,-1.0,42.0,233957414.000000,233957457.000000,43.000,clean,,0,0.000000,0,20913,28,1B,
163,HEB190604446,2019-06-04T10:42:37.05,-2.0,10.0,234268958.050000,234268970.050000,12.000,clean,,0,0.000000,0,5958,0,1B,
164,HEB190605110,2019-06-05T02:39:08.00,-1.0,22.0,234326350.000000,234326373.000000,23.000,clean,,0,0.000000,0,18252,16,1B,
165,HEB190606079,2019-06-06T01:55:07.78,0.0,0.3,234410110.780000,234410111.080000,0.300,saturated,ABC,5,0.117318,2394,26188,173,1B,
166,HEB190610477,2019-06-10T11:27:45.00,0.8,2.0,234790068.800000,234790070.000000,1.200,clean,,0,0.000000,0,16187,4,1B,
167,HEB190613449,2019-06-13T10:47:00.00,-1.0,3.5,235046822.000000,235046826.500000,4.500,saturated,B,1,0.016380,686,41506,119,1B,
168,HEB190615612,2019-06-15T14:42:22.00,-1.0,34.0,235233744.000000,235233779.000000,35.000,saturated,B,2,0.036592,1222,42053,121,1B,
169,HEB190615636,2019-06-15T15:16:27.00,-1.0,18.0,235235789.000000,235235808.000000,19.000,saturated,A,1,0.018080,881,48257,171,1B,
170,HEB190619594,2019-06-19T14:16:37.00,-13.0,18.0,235577787.000000,235577818.000000,31.000,clean,,0,0.000000,0,28730,50,1B,
171,HEB190620507,2019-06-20T12:10:19.50,-14.0,65.0,235656608.500000,235656687.500000,79.000,clean,,0,0.000000,0,45722,161,1B,
172,HEB190706571,2019-07-06T13:42:25.95,-1.0,5.0,237044547.950000,237044553.950000,6.000,saturated,BC,3,0.076040,1340,26418,86,1B,
173,HEB190706710,2019-07-06T17:03:05.40,-0.3,0.4,237056588.100000,237056588.800000,0.700,clean,,0,0.000000,0,9597,0,1B,
174,HEB190720964,2019-07-20T23:08:39.50,-1.0,3.0,238288121.500000,238288125.500000,4.000,clean,,0,0.000000,0,8576,0,1B,
175,HEB190723308,2019-07-23T07:24:16.00,0.0,4.0,238490659.000000,238490663.000000,4.000,clean,,0,0.000000,0,41667,148,1B,
176,HEB190724030,2019-07-24T00:43:56.75,0.0,0.2,238553039.750000,238553039.950000,0.200,clean,,0,0.000000,0,14956,0,1B,
177,HEB190726642,2019-07-26T15:24:59.20,-3.0,4.0,238778699.200000,238778706.200000,7.000,clean,,0,0.000000,0,11703,0,1B,
178,HEB190806675,2019-08-06T16:12:33.32,-1.0,20.0,239731955.320000,239731976.320000,21.000,clean,,0,0.000000,0,24538,70,1B,
179,HEB190813520,2019-08-13T12:29:09.94,-0.15,0.15,240323352.790000,240323353.090000,0.300,clean,,0,0.000000,0,12100,0,1B,
180,HEB190814837,2019-08-14T20:05:21.00,0.0,7.0,240437124.000000,240437131.000000,7.000,clean,,0,0.000000,0,8521,0,1B,
181,HEB190825878,2019-08-25T21:04:54.50,-2.0,12.0,241391095.500000,241391109.500000,14.000,clean,,0,0.000000,0,41225,179,1B,
182,HEB190828783,2019-08-28T18:48:33.70,0.0,6.0,241642116.700000,241642122.700000,6.000,clean,,0,0.000000,0,9978,0,1B,
183,HEB190831271,2019-08-31T06:30:27.11,0.9,1.7,241857031.010000,241857031.810000,0.800,clean,,0,0.000000,0,9778,0,1B,
184,HEB190901890,2019-09-01T21:21:57.80,-7.0,17.0,241996913.800000,241996937.800000,24.000,clean,,0,0.000000,0,8057,0,1B,
185,HEB190903721,2019-09-03T17:19:36.26,-0.1,0.15,242155179.160000,242155179.410000,0.250,clean,,0,0.000000,0,9115,0,1B,
186,HEB190906045,2019-09-06T01:04:50.90,-0.01,0.06,242355893.890000,242355893.960000,0.070,clean,,0,0.000000,0,13787,0,1B,
187,HEB190906767,2019-09-06T18:25:09.29,-0.5,5.0,242418311.790000,242418317.290000,5.500,saturated,B,1,0.033202,1646,49135,275,1B,
188,HEB190915239,2019-09-15T05:44:58.40,-3.0,12.0,243150298.400000,243150313.400000,15.000,saturated,B,1,0.020140,603,29670,64,1B,
189,HEB190927106,2019-09-27T02:33:50.30,1.6,11.0,244175634.900000,244175644.300000,9.400,clean,,0,0.000000,0,7361,0,1B,
190,HEB190928550,2019-09-28T13:12:14.00,-4.0,128.0,244300333.000000,244300465.000000,132.000,saturated,AB,4,0.115630,1807,44783,134,1B,
191,HEB190929884,2019-09-29T21:13:49.66,-24.0,26.0,244415608.660000,244415658.660000,50.000,saturated,B,2,0.031536,864,46982,201,1B,
192,HEB191009297,2019-10-09T07:08:56.77,0.0,15.0,245228939.770000,245228954.770000,15.000,clean,,0,0.000000,0,11625,0,1B,
193,HEB191019970,2019-10-19T23:17:13.35,-3.0,152.0,246151033.350000,246151188.350000,155.000,saturated,BC,3,0.065902,1819,45837,216,1B,
194,HEB191021831,2019-10-21T19:57:29.00,-0.5,9.5,246311851.500000,246311861.500000,10.000,clean,,0,0.000000,0,10758,0,1B,
195,HEB191025779,2019-10-25T18:42:09.10,0.0,0.2,246652932.100000,246652932.300000,0.200,saturated,ABC,7,0.125258,3406,52708,199,1B,
196,HEB191031182,2019-10-31T04:23:11.36,-0.2,7.5,247119794.160000,247119801.860000,7.700,clean,,0,0.000000,0,8230,0,1B,
197,HEB191031318,2019-10-31T07:38:55.54,-2.0,14.0,247131536.540000,247131552.540000,16.000,clean,,0,0.000000,0,44930,163,1B,
198,HEB191031780,2019-10-31T18:43:16.00,-1.0,52.0,247171398.000000,247171451.000000,53.000,clean,,0,0.000000,0,12529,0,1B,
199,HEB191105261,2019-11-05T06:16:31.00,-1.5,14.0,247558592.500000,247558608.000000,15.500,clean,,0,0.000000,0,10904,0,1B,
200,HEB191105257,2019-11-05T06:11:08.65,0.0,0.25,247558271.650000,247558271.900000,0.250,clean,,0,0.000000,0,8623,0,1B,
201,HEB191108003,2019-11-08T00:04:37.60,-1.0,116.0,247795479.600000,247795596.600000,117.000,saturated,B,1,0.016696,69,39237,169,1B,"the criterion still misses this one: GAP_FACTOR compares the hole against mean_event_interval, which is the same packet-averaged quantity the rate gate used, so 100x the baseline (23-25 ms) exceeds the 16.7 ms hole.  1K shows the same hole."
202,HEB191111364,2019-11-11T08:44:29.95,0.0,95.0,248085872.950000,248085967.950000,95.000,saturated,C,1,0.015562,410,44745,197,1B,
203,HEB191113578,2019-11-13T13:52:44.52,-0.6,1.0,248277166.920000,248277168.520000,1.600,clean,,0,0.000000,0,9194,0,1B,
204,HEB191118925,2019-11-18T22:12:01.82,-1.0,15.0,248739123.820000,248739139.820000,16.000,clean,,0,0.000000,0,8475,0,1B,
205,HEB191119445,2019-11-19T10:41:07.00,-0.02,0.14,248784069.980000,248784070.140000,0.160,clean,,0,0.000000,0,10332,0,1B,
206,HEB191130506,2019-11-30T12:09:34.90,0.0,26.0,249739777.900000,249739803.900000,26.000,clean,,0,0.000000,0,10720,0,1B,
207,HEB191202867,2019-12-02T20:48:59.55,-10.0,7.0,249943732.550000,249943749.550000,17.000,saturated,C,1,0.017094,150,36799,63,1B,
208,HEB191203289,2019-12-03T06:57:19.08,-0.6,0.1,249980241.480000,249980242.180000,0.700,clean,,0,0.000000,0,5391,0,1B,
209,HEB191205740,2019-12-05T17:46:20.44,-5.0,0.0,250191978.440000,250191983.440000,5.000,clean,,0,0.000000,0,13117,0,1B,
210,HEB191218113,2019-12-18T02:42:43.20,-2.0,60.0,251260964.200000,251261026.200000,62.000,clean,,0,0.000000,0,49411,197,1B,
211,HEB191221860,2019-12-21T20:39:10.70,-4.8,15.0,251584748.900000,251584768.700000,19.800,clean,,0,0.000000,0,42216,69,1B,
212,HEB191227069,2019-12-27T01:39:34.40,-16.0,36.0,252034761.400000,252034813.400000,52.000,clean,,0,0.000000,0,48315,187,1B,
213,HEB191227723,2019-12-27T17:21:44.10,0.0,0.3,252091307.100000,252091307.400000,0.300,saturated,BC,2,0.049210,820,26101,111,1B,
214,HEB200109073,2020-01-09T01:45:51.00,-1.0,15.0,253158353.000000,253158369.000000,16.000,saturated,BC,2,0.041346,1665,46982,228,1B,
215,HEB200111632,2020-01-11T15:11:08.00,-0.51,7.75,253379470.490000,253379478.750000,8.260,clean,,0,0.000000,0,12023,0,1B,
216,HEB200114153,2020-01-14T03:40:43.72,-3.0,30.0,253597243.720000,253597276.720000,33.000,clean,,0,0.000000,0,53171,213,1B,
217,HEB200120961,2020-01-20T23:04:55.34,-1.0,8.0,254185497.340000,254185506.340000,9.000,clean,,0,0.000000,0,5845,0,1B,
218,HEB200122221,2020-01-22T05:18:20.74,-2.0,2.0,254294301.740000,254294305.740000,4.000,clean,,0,0.000000,0,6825,0,1B,
219,HEB200125863,2020-01-25T20:43:31.19,-0.5,8.0,254609013.690000,254609022.190000,8.500,clean,,0,0.000000,0,14600,0,1B,
220,HEB200130416,2020-01-30T09:59:56.67,-0.5,12.0,255002399.170000,255002411.670000,12.500,clean,,0,0.000000,0,6299,0,1B,
221,HEB200131945,2020-01-31T22:41:15.00,0.0,3.0,255134478.000000,255134481.000000,3.000,clean,,0,0.000000,0,14079,0,1B,
222,HEB200207057,2020-02-07T01:22:55.60,-4.0,10.0,255662574.600000,255662588.600000,14.000,clean,,0,0.000000,0,7638,0,1B,
223,HEB200219998,2020-02-19T23:57:10.33,-2.0,10.0,256780631.330000,256780643.330000,12.000,clean,,0,0.000000,0,41699,157,1B,
224,HEB200221161,2020-02-21T03:52:58.71,-0.4,0.5,256881181.310000,256881182.210000,0.900,clean,,0,0.000000,0,6767,0,1B,
225,HEB200227305,2020-02-27T07:20:08.70,-1.0,24.0,257412010.700000,257412035.700000,25.000,clean,,0,0.000000,0,22996,35,1B,
226,HEB200228468,2020-02-28T11:14:43.89,-5.0,1.0,257512481.890000,257512487.890000,6.000,clean,,0,0.000000,0,8154,0,1B,
227,HEB200313878,2020-03-13T21:04:58.00,-0.5,4.0,258757500.500000,258757505.000000,4.500,clean,,0,0.000000,0,7709,0,1B,
228,HEB200323782,2020-03-23T18:46:32.96,-0.2,0.5,259613195.760000,259613196.460000,0.700,clean,,0,0.000000,0,5843,0,1B,
229,HEB200325137,2020-03-25T03:18:31.74,-0.3,1.0,259730314.440000,259730315.740000,1.300,clean,,0,0.000000,0,6890,0,1B,
230,HEB200326517,2020-03-26T12:24:47.90,-1.5,1.5,259849489.400000,259849492.400000,3.000,clean,,0,0.000000,0,8618,0,1B,
231,HEB200326421,2020-03-26T10:07:36.86,-3.0,110.0,259841256.860000,259841369.860000,113.000,saturated,B,1,0.016154,142,46862,198,1B,
232,HEB200403896,2020-04-03T21:30:16.35,-5.0,21.0,260573414.350000,260573440.350000,26.000,saturated,B,1,0.016964,334,19516,22,1B,
233,HEB200403919,2020-04-03T22:04:03.42,-5.0,22.0,260575441.420000,260575468.420000,27.000,clean,,0,0.000000,0,16842,8,1B,
234,HEB200403973,2020-04-03T23:21:57.37,-2.0,2.0,260580118.370000,260580122.370000,4.000,clean,,0,0.000000,0,6322,0,1B,
235,HEB200410100,2020-04-10T02:25:10.00,-0.5,3.0,261109512.500000,261109516.000000,3.500,clean,,0,0.000000,0,7285,0,1B,
236,HEB200412381,2020-04-12T09:08:40.71,3.0,13.0,261306526.710000,261306536.710000,10.000,clean,,0,0.000000,0,17643,23,1B,
237,HEB200413712,2020-04-13T17:06:38.00,-0.3,3.0,261421600.700000,261421604.000000,3.300,clean,,0,0.000000,0,7701,0,1B,
238,HEB200415366,2020-04-15T08:48:05.56,-0.01,0.15,261564488.550000,261564488.710000,0.160,saturated,ABC,5,0.108026,3431,40192,199,1B,
239,HEB200416295,2020-04-16T07:05:17.38,-0.4,6.8,261644719.980000,261644727.180000,7.200,clean,,0,0.000000,0,8274,0,1B,
240,HEB200418864,2020-04-18T20:45:00.28,-5.0,5.0,261866698.280000,261866708.280000,10.000,clean,,0,0.000000,0,5656,0,1B,
241,HEB200421865,2020-04-21T20:45:59.73,-8.0,20.0,262125954.730000,262125982.730000,28.000,clean,,0,0.000000,0,29863,52,1B,
242,HEB200519472,2020-05-19T11:20:23.00,1.0,34.6,264511227.000000,264511260.600000,33.600,saturated,C,5,0.084588,2980,53306,142,1B,
243,HEB200521511,2020-05-21T12:16:40.80,-0.3,0.15,264687403.500000,264687403.950000,0.450,saturated,C,3,0.061874,1492,27074,153,1B,
244,HEB200524211,2020-05-24T05:04:00.36,-4.0,13.0,264920639.360000,264920656.360000,17.000,clean,,0,0.000000,0,5628,0,1B,"one box running at a much lower rate; its wider inter-packet gaps are Poisson, not dead time"
245,HEB200526628,2020-05-26T15:04:48.31,0.0,86.0,265129491.310000,265129577.310000,86.000,clean,,0,0.000000,0,38543,65,1B,"one box running at a much lower rate; its wider inter-packet gaps are Poisson, not dead time"
246,HEB200601097,2020-06-01T02:19:50.00,-0.5,160.0,265601992.500000,265602153.000000,160.500,saturated,AB,3,0.071016,2100,49726,217,1B,
247,HEB200609379,2020-06-09T09:06:59.31,-60.0,40.0,266317562.310000,266317662.310000,100.000,clean,,0,0.000000,0,7527,0,1B,
248,HEB200613229,2020-06-13T05:30:08.21,-1.0,32.0,266650210.210000,266650243.210000,33.000,clean,,0,0.000000,0,45568,135,1B,
249,HEB200614607,2020-06-14T14:34:55.24,-2.0,8.0,266769296.240000,266769306.240000,10.000,clean,,0,0.000000,0,15797,2,1B,
250,HEB200617679,2020-06-17T16:18:05.80,-2.0,0.5,267034686.800000,267034689.300000,2.500,clean,,0,0.000000,0,5852,0,1B,
251,HEB200619108,2020-06-19T02:36:11.67,-0.5,17.0,267158174.170000,267158191.670000,17.500,clean,,0,0.000000,0,40550,116,1B,
252,HEB200622091,2020-06-22T02:11:48.12,-1.0,35.0,267415910.120000,267415946.120000,36.000,clean,,0,0.000000,0,43600,152,1B,
253,HEB200629534,2020-06-29T12:49:49.29,3.0,8.0,268058995.290000,268059000.290000,5.000,clean,,0,0.000000,0,6814,0,1B,
254,HEB200630980,2020-06-30T23:31:21.89,-5.0,16.0,268183879.890000,268183900.890000,21.000,clean,,0,0.000000,0,51174,201,1B,
255,HEB200703969,2020-07-03T23:16:41.84,-2.0,38.0,268442202.840000,268442242.840000,40.000,clean,,0,0.000000,0,28974,50,1B,
256,HEB200707072,2020-07-07T01:44:02.54,-1.0,18.0,268710244.540000,268710263.540000,19.000,clean,,0,0.000000,0,29160,51,1B,
257,HEB200711461,2020-07-11T11:04:32.93,-2.0,6.0,269089473.930000,269089481.930000,8.000,saturated,C,1,0.019000,327,17029,9,1B,
258,HEB200714661,2020-07-14T15:52:16.79,-5.0,-1.0,269365934.790000,269365938.790000,4.000,clean,,0,0.000000,0,15788,1,1B,
259,HEB200716315,2020-07-16T07:34:28.48,-1.0,13.0,269508870.480000,269508884.480000,14.000,clean,,0,0.000000,0,5870,0,1B,
260,HEB200716956,2020-07-16T22:57:41.18,0.0,3.0,269564264.180000,269564267.180000,3.000,clean,,0,0.000000,0,23044,73,1B,
261,HEB200729818,2020-07-29T19:38:05.00,1.0,33.0,270675489.000000,270675521.000000,32.000,clean,,0,0.000000,0,10499,0,1B,
262,HEB200801352,2020-08-01T08:27:14.08,-7.0,21.0,270894430.080000,270894458.080000,28.000,clean,,0,0.000000,0,11433,0,1B,
263,HEB200806645,2020-08-06T15:28:49.00,0.0,40.0,271351732.000000,271351772.000000,40.000,clean,,0,0.000000,0,9103,0,1B,
264,HEB200809653,2020-08-09T15:41:27.13,-0.2,1.0,271611689.930000,271611691.130000,1.200,clean,,0,0.000000,0,10493,0,1B,
265,HEB200815876,2020-08-15T21:02:43.56,-0.1,0.1,272149366.460000,272149366.660000,0.200,saturated,ABC,4,0.090514,1757,25267,184,1B,
266,HEB200819655,2020-08-19T15:43:52.00,1.0,5.0,272475836.000000,272475840.000000,4.000,clean,,0,0.000000,0,7215,0,1B,
267,HEB200824594,2020-08-24T14:15:38.82,-1.0,1.0,272902540.820000,272902542.820000,2.000,clean,,0,0.000000,0,5825,0,1B,
268,HEB200901157,2020-09-01T03:47:27.62,-1.0,7.0,273556049.620000,273556057.620000,8.000,clean,,0,0.000000,0,9570,0,1B,
269,HEB200903112,2020-09-03T02:42:40.87,-4.0,42.0,273724959.870000,273725005.870000,46.000,saturated,B,1,0.015964,401,29994,52,1B,
270,HEB200907956,2020-09-07T22:57:28.09,-2.0,120.0,274143449.090000,274143571.090000,122.000,saturated,A,1,0.023080,716,45530,124,1B,
271,HEB200908885,2020-09-08T21:15:41.43,-0.5,0.0,274223743.930000,274223744.430000,0.500,clean,,0,0.000000,0,5644,0,1B,
272,HEB200919964,2020-09-19T23:08:22.64,-1.0,70.0,275180904.640000,275180975.640000,71.000,clean,,0,0.000000,0,9049,0,1B,
273,HEB200922504,2020-09-22T12:06:46.00,-0.5,4.0,275400408.500000,275400413.000000,4.500,clean,,0,0.000000,0,7061,0,1B,
274,HEB200925609,2020-09-25T14:38:02.66,-4.0,36.0,275668681.660000,275668721.660000,40.000,saturated,B,1,0.016562,513,31001,88,1B,
275,HEB200928551,2020-09-28T13:14:44.75,-7.0,15.0,275922880.750000,275922902.750000,22.000,clean,,0,0.000000,0,6573,0,1B,
276,HEB201004094,2020-10-04T02:16:00.83,-1.0,10.0,276401762.830000,276401773.830000,11.000,clean,,0,0.000000,0,8481,0,1B,
277,HEB201013157,2020-10-13T03:46:30.00,-0.2,8.0,277184792.800000,277184801.000000,8.200,saturated,B,2,0.035664,1099,46115,141,1B,
278,HEB201016019,2020-10-16T00:27:49.50,-1.0,12.0,277432071.500000,277432084.500000,13.000,saturated,ABC,131,2.772726,64433,43374,172,1B,
279,HEB201021111,2020-10-21T02:39:55.41,-0.8,13.9,277871997.610000,277872012.310000,14.700,clean,,0,0.000000,0,37821,83,1B,
280,HEB201103754,2020-11-03T18:06:45.36,-3.0,14.0,279050805.360000,279050822.360000,17.000,clean,,0,0.000000,0,6773,0,1B,
281,HEB201104000,2020-11-04T00:00:56.75,-0.1,8.9,279072059.650000,279072068.650000,9.000,clean,,0,0.000000,0,17609,13,1B,
282,HEB201105229,2020-11-05T05:31:07.00,0.4,20.0,279178270.400000,279178290.000000,19.600,clean,,0,0.000000,0,16837,8,1B,
283,HEB201122355,2020-11-22T08:32:01.00,0.0,10.0,280657924.000000,280657934.000000,10.000,clean,,0,0.000000,0,24450,40,1B,
284,HEB201209239,2020-12-09T05:44:52.53,-2.0,20.0,282116693.530000,282116715.530000,22.000,clean,,0,0.000000,0,8974,0,1B,
285,HEB201218176,2020-12-18T04:14:15.90,-1.0,23.0,282888857.900000,282888881.900000,24.000,saturated,ABC,6,0.161378,2941,36413,198,1B,
286,HEB201221297,2020-12-21T07:09:01.00,-14.0,20.0,283158530.000000,283158564.000000,34.000,clean,,0,0.000000,0,45041,108,1B,
287,HEB201221591,2020-12-21T14:11:43.00,-0.01,0.05,283183905.990000,283183906.050000,0.060,clean,,0,0.000000,0,7571,0,1B,
288,HEB201221978,2020-12-21T23:28:47.63,-2.0,3.0,283217328.630000,283217333.630000,5.000,saturated,B,1,0.016012,218,13473,0,1B,
289,HEB201226553,2020-12-26T13:16:26.60,-4.0,70.0,283612585.600000,283612659.600000,74.000,clean,,0,0.000000,0,42678,127,1B,
290,HEB201227634,2020-12-27T15:14:07.40,-0.1,0.1,283706050.300000,283706050.500000,0.200,saturated,ABC,5,0.076728,2761,52204,249,1B,
291,HEB210112068,2021-01-12T01:38:06.55,-2.0,16.0,285039487.550000,285039505.550000,18.000,clean,,0,0.000000,0,13293,0,1B,
292,HEB210119120,2021-01-19T02:54:09.82,-0.05,0.05,285648852.770000,285648852.870000,0.100,clean,,0,0.000000,0,4594,0,1B,
293,HEB210121779,2021-01-21T18:41:48.75,-0.5,25.0,285878511.250000,285878536.750000,25.500,clean,,0,0.000000,0,16580,7,1B,
294,HEB210123304,2021-01-23T07:19:10.35,-8.0,7.0,286010345.350000,286010360.350000,15.000,clean,,0,0.000000,0,7175,0,1B,
295,HEB210124558,2021-01-24T13:23:48.40,0.0,0.1,286118631.400000,286118631.500000,0.100,clean,,0,0.000000,0,23370,122,1B,
296,HEB210129908,2021-01-29T21:48:56.90,0.0,3.1,286580939.900000,286580943.000000,3.100,saturated,C,1,0.016028,132,8168,0,1B,
297,HEB210207911,2021-02-07T21:52:49.60,-45.0,5.0,287358727.600000,287358777.600000,50.000,clean,,0,0.000000,0,10507,0,1B,
298,HEB210208564,2021-02-08T13:32:25.63,0.55,1.35,287415149.180000,287415149.980000,0.800,clean,,0,0.000000,0,4757,0,1B,
299,HEB210213286,2021-02-13T06:52:27.18,-2.0,23.0,287823148.180000,287823173.180000,25.000,clean,,0,0.000000,0,43049,93,1K,"1B archive does not cover this window; judged on 1K (no non-Poisson hole, FIFO backlog 93/455 events)"
300,HEB210225217,2021-02-25T05:13:36.00,-2.0,10.0,288854017.000000,288854029.000000,12.000,clean,,0,0.000000,0,44709,189,1B,
301,HEB210227114,2021-02-27T02:45:10.63,0.0,12.0,289017913.630000,289017925.630000,12.000,clean,,0,0.000000,0,9180,0,1B,
302,HEB210228057,2021-02-28T01:22:53.90,-0.5,1.5,289099376.400000,289099378.400000,2.000,clean,,0,0.000000,0,6997,0,1B,
303,HEB210306320,2021-03-06T07:41:07.50,-3.0,35.0,289640467.500000,289640505.500000,38.000,saturated,C,1,0.015434,400,35997,135,1B,
304,HEB210306879,2021-03-06T21:07:09.56,-3.0,34.0,289688829.560000,289688866.560000,37.000,clean,,0,0.000000,0,22909,35,1B,
305,HEB210307247,2021-03-07T05:56:37.94,0.7,1.5,289720601.640000,289720602.440000,0.800,clean,,0,0.000000,0,6572,0,1B,
306,HEB210323918,2021-03-23T22:02:18.40,-0.2,0.5,291160941.200000,291160941.900000,0.700,clean,,0,0.000000,0,8911,0,1B,
307,HEB210324468,2021-03-24T11:14:28.21,-0.5,33.0,291208470.710000,291208504.210000,33.500,clean,,0,0.000000,0,13520,0,1B,
308,HEB210326057,2021-03-26T01:22:24.93,-0.2,0.2,291345747.730000,291345748.130000,0.400,clean,,0,0.000000,0,10351,0,1B,
309,HEB210405507,2021-04-05T12:11:26.68,0.3,1.0,292248689.980000,292248690.680000,0.700,clean,,0,0.000000,0,9467,0,1B,
310,HEB210406716,2021-04-06T17:11:28.92,-1.0,18.0,292353090.920000,292353109.920000,19.000,saturated,C,1,0.015318,167,10806,0,1B,
311,HEB210409894,2021-04-09T21:28:26.86,-2.0,20.0,292627707.860000,292627729.860000,22.000,clean,,0,0.000000,0,45303,72,1B,
312,HEB210411147,2021-04-11T03:31:41.10,-1.0,7.0,292735903.100000,292735911.100000,8.000,clean,,0,0.000000,0,6910,0,1B,
313,HEB210421454,2021-04-21T10:54:44.81,-2.0,6.0,293626485.810000,293626493.810000,8.000,clean,,0,0.000000,0,6949,0,1B,
314,HEB210422572,2021-04-22T13:44:37.13,2.8,9.3,293723082.930000,293723089.430000,6.500,clean,,0,0.000000,0,47598,173,1B,
315,HEB210427206,2021-04-27T04:57:12.99,-1.0,11.0,294123434.990000,294123446.990000,12.000,clean,,0,0.000000,0,6102,0,1B,
316,HEB210429071,2021-04-29T01:43:11.33,-17.0,40.0,294284577.330000,294284634.330000,57.000,clean,,0,0.000000,0,24115,39,1B,
317,HEB210502295,2021-05-02T07:05:16.38,0.0,11.0,294563119.380000,294563130.380000,11.000,clean,,0,0.000000,0,6649,0,1B,
318,HEB210504958,2021-05-04T23:00:47.17,-3.0,10.0,294793247.170000,294793260.170000,13.000,clean,,0,0.000000,0,12764,0,1B,
319,HEB210506027,2021-05-06T00:39:48.54,-0.05,0.065,294885591.490000,294885591.605000,0.115,clean,,0,0.000000,0,10459,0,1B,
320,HEB210511476,2021-05-11T11:26:39.26,0.0,7.0,295356402.260000,295356409.260000,7.000,clean,,0,0.000000,0,27115,46,1B,
321,HEB210511647,2021-05-11T15:32:56.10,-1.0,15.0,295371178.100000,295371194.100000,16.000,clean,,0,0.000000,0,31250,75,1B,
322,HEB210515546,2021-05-15T13:06:45.70,-2.0,2.0,295708006.700000,295708010.700000,4.000,clean,,0,0.000000,0,15068,0,1B,
323,HEB210516982,2021-05-16T23:34:45.86,0.0,2.0,295832088.860000,295832090.860000,2.000,clean,,0,0.000000,0,9879,0,1B,
324,HEB210518544,2021-05-18T13:04:09.64,-1.0,5.0,295967051.640000,295967057.640000,6.000,clean,,0,0.000000,0,5707,0,1B,
325,HEB210520796,2021-05-20T19:07:02.00,-0.5,28.0,296161624.500000,296161653.000000,28.500,clean,,0,0.000000,0,18917,19,1B,
326,HEB210602502,2021-06-02T12:04:01.32,0.0,4.0,297259444.320000,297259448.320000,4.000,clean,,0,0.000000,0,6619,0,1B,
327,HEB210605214,2021-06-05T05:08:58.39,-0.2,0.5,297493741.190000,297493741.890000,0.700,clean,,0,0.000000,0,16596,7,1B,
328,HEB210606120,2021-06-06T02:53:02.89,0.0,8.0,297571985.890000,297571993.890000,8.000,clean,,0,0.000000,0,14039,0,1B,
329,HEB210606945,2021-06-06T22:41:05.24,0.0,30.0,297643268.240000,297643298.240000,30.000,clean,,0,0.000000,0,42118,184,1B,
330,HEB210607775,2021-06-07T18:37:17.80,-1.0,14.0,297715039.800000,297715054.800000,15.000,saturated,B,1,0.022178,1011,45151,259,1B,
331,HEB210607902,2021-06-07T21:39:20.72,-5.0,20.0,297725958.720000,297725983.720000,25.000,clean,,0,0.000000,0,48188,172,1B,
332,HEB210610827,2021-06-10T19:51:05.05,10.0,50.0,297978678.050000,297978718.050000,40.000,clean,,0,0.000000,0,17781,14,1B,
333,HEB210615891,2021-06-15T21:23:51.50,-1.0,5.0,298416233.500000,298416239.500000,6.000,clean,,0,0.000000,0,8072,0,1B,
334,HEB210615981,2021-06-15T23:33:53.60,-1.5,0.5,298424035.100000,298424037.100000,2.000,clean,,0,0.000000,0,45992,72,1B,
335,HEB210622064,2021-06-22T01:32:35.94,-1.0,45.0,298949557.940000,298949603.940000,46.000,saturated,C,1,0.016850,573,33666,112,1B,
336,HEB210622339,2021-06-22T08:09:30.61,2.0,8.0,298973375.610000,298973381.610000,6.000,clean,,0,0.000000,0,6058,0,1B,
337,HEB210627311,2021-06-27T07:29:15.68,-1.0,7.0,299402957.680000,299402965.680000,8.000,clean,,0,0.000000,0,8658,0,1B,
338,HEB210627813,2021-06-27T19:31:37.68,0.0,14.0,299446300.680000,299446314.680000,14.000,clean,,0,0.000000,0,6497,0,1B,
339,HEB210702796,2021-07-02T19:07:07.500,-2.0,45.0,299876828.500000,299876875.500000,47.000,clean,,0,0.000000,0,54610,194,1B,
340,HEB210704684,2021-07-04T16:25:20.350,-3.0,34.0,300039920.350000,300039957.350000,37.000,clean,,0,0.000000,0,40162,119,1B,
341,HEB210705226,2021-07-05T05:26:13.650,-0.1,0.6,300086776.550000,300086777.250000,0.700,clean,,0,0.000000,0,13073,0,1B,
342,HEB210714330,2021-07-14T07:56:33.650,-2.0,58.0,300873394.650000,300873454.650000,60.000,clean,,0,0.000000,0,13921,0,1B,
343,HEB210723615,2021-07-23T14:46:07.750,-4.0,34.0,301675566.750000,301675604.750000,38.000,clean,,0,0.000000,0,50982,164,1B,
344,HEB210726106,2021-07-26T02:33:07.750,-12.0,2.0,301890778.750000,301890792.750000,14.000,clean,,0,0.000000,0,7212,0,1B,
345,HEB210730206,2021-07-30T04:57:29.300,-1.0,1.0,302245051.300000,302245053.300000,2.000,clean,,0,0.000000,0,7987,6,1K,"1B archive does not cover this window; judged on 1K (no non-Poisson hole, FIFO backlog 6/455 events)"
346,HEB210802838,2021-08-02T20:08:09.200,-4.0,11.0,302558888.200000,302558903.200000,15.000,clean,,0,0.000000,0,10701,0,1B,
347,HEB210807419,2021-08-07T10:04:43.750,-5.0,110.0,302954681.750000,302954796.750000,115.000,saturated,BC,3,0.074754,1981,44636,159,1B,
348,HEB210807525,2021-08-07T12:36:42.950,-1.5,4.2,302963804.450000,302963810.150000,5.700,clean,,0,0.000000,0,5081,0,1B,
349,HEB210807955,2021-08-07T22:55:32.500,-12.0,140.0,303000923.500000,303001075.500000,152.000,saturated,B,1,0.015232,180,53960,251,1K,1B archive does not cover boxes B/C here; 1K box B shows one 15.2 ms hole at T-7.3 s
350,HEB210812699,2021-08-12T16:47:00.750,-1.0,40.0,303410822.750000,303410863.750000,41.000,clean,,0,0.000000,0,23883,38,1B,
351,HEB210813093,2021-08-13T02:15:14.400,-0.2,1.0,303444917.200000,303444918.400000,1.200,clean,,0,0.000000,0,8368,0,1B,
352,HEB210818043,2021-08-18T01:02:08.150,-1.0,45.0,303872530.150000,303872576.150000,46.000,saturated,B,1,0.015624,200,21601,51,1B,
353,HEB210821319,2021-08-21T07:40:28.400,-1.0,7.0,304155630.400000,304155638.400000,8.000,saturated,A,1,0.015364,262,16870,8,1B,
354,HEB210825353,2021-08-25T08:29:23.000,-10.0,28.0,304504156.000000,304504194.000000,38.000,clean,,0,0.000000,0,10212,0,1B,
355,HEB210827423,2021-08-27T10:10:18.240,-2.0,5.0,304683019.240000,304683026.240000,7.000,clean,,0,0.000000,0,6681,0,1B,
356,HEB210903076,2021-09-03T01:50:17.900,-3.0,2.0,305257817.900000,305257822.900000,5.000,clean,,0,0.000000,0,36237,165,1B,
357,HEB210909446,2021-09-09T10:43:19.600,-0.6,2.5,305808202.000000,305808205.100000,3.100,clean,,0,0.000000,0,7068,0,1B,
358,HEB210917156,2021-09-17T03:45:43.950,-1.0,8.0,306474345.950000,306474354.950000,9.000,clean,,0,0.000000,0,18878,19,1B,
359,HEB210919019,2021-09-19T00:28:33.650,-0.15,0.3,306635316.500000,306635316.950000,0.450,clean,,0,0.000000,0,6672,0,1B,
360,HEB210919652,2021-09-19T15:39:52.207,-0.5,0.2,306689994.707000,306689995.407000,0.700,clean,,0,0.000000,0,8275,0,1B,
361,HEB210923091,2021-09-23T02:11:29.100,-0.1,0.2,306987092.000000,306987092.300000,0.300,clean,,0,0.000000,0,8062,0,1B,
362,HEB211002337,2021-10-02T08:06:33.000,-0.5,12.0,307785995.500000,307786008.000000,12.500,clean,,0,0.000000,0,40103,114,1B,
363,HEB211002739,2021-10-02T17:45:21.400,-1.0,8.5,307820723.400000,307820732.900000,9.500,clean,,0,0.000000,0,48316,74,1B,
364,HEB211018936,2021-10-18T22:28:18.750,-8.0,135.0,309220093.750000,309220236.750000,143.000,saturated,BC,4,0.065318,1716,33914,171,1B,
365,HEB211019249,2021-10-19T05:59:33.800,-3.0,56.0,309247173.800000,309247232.800000,59.000,clean,,0,0.000000,0,27305,47,1B,
366,HEB211022032,2021-10-22T00:47:26.250,-3.0,146.0,309487646.250000,309487795.250000,149.000,saturated,C,1,0.033050,1462,43831,189,1B,
367,HEB211102587,2021-11-02T14:05:36.200,-2.0,5.0,310485937.200000,310485944.200000,7.000,clean,,0,0.000000,0,6293,0,1B,
368,HEB211104765,2021-11-04T18:21:45.600,-4.5,53.0,310674104.100000,310674161.600000,57.500,clean,,0,0.000000,0,42981,160,1B,
369,HEB211105190,2021-11-05T04:34:31.800,-1.0,143.0,310710873.800000,310711017.800000,144.000,saturated,B,1,0.011872,111,41698,148,1B,
370,HEB211109327,2021-11-09T07:51:06.700,-7.0,20.0,311068262.700000,311068289.700000,27.000,clean,,0,0.000000,0,38407,165,1B,
371,HEB211118984,2021-11-18T23:38:14.250,-0.5,3.0,311902696.750000,311902700.250000,3.500,clean,,0,0.000000,0,7274,0,1B,
372,HEB211120548,2021-11-20T13:09:47.000,-14.0,18.0,312037776.000000,312037808.000000,32.000,clean,,0,0.000000,0,8886,0,1B,
373,HEB211120962,2021-11-20T23:05:20.650,-1.0,6.0,312073522.650000,312073529.650000,7.000,clean,,0,0.000000,0,10140,0,1B,
374,HEB211121637,2021-11-21T15:18:17.100,-14.0,12.0,312131886.100000,312131912.100000,26.000,clean,,0,0.000000,0,4785,0,1B,
375,HEB211124104,2021-11-24T02:29:53.300,-0.5,1.0,312344995.800000,312344997.300000,1.500,clean,,0,0.000000,0,11378,0,1B,
376,HEB211129410,2021-11-29T09:51:05.500,-4.0,33.0,312803464.500000,312803501.500000,37.000,saturated,B,1,0.023276,366,40132,163,1B,
377,HEB211206827,2021-12-06T19:51:09.850,-0.5,5.0,313444272.350000,313444277.850000,5.500,clean,,0,0.000000,0,12857,0,1B,
378,HEB211207416,2021-12-07T09:59:11.950,-3.5,25.0,313495151.450000,313495179.950000,28.500,saturated,B,1,0.017484,184,53694,109,1B,
379,HEB211211548,2021-12-11T13:10:01.050,-0.5,53.0,313852203.550000,313852257.050000,53.500,saturated,ABC,395,6.294864,212592,75630,254,1B,
380,HEB211216281,2021-12-16T06:45:55.100,-10.0,24.0,314261148.100000,314261182.100000,34.000,clean,,0,0.000000,0,12316,0,1B,
381,HEB211219909,2021-12-19T21:49:46.550,-3.0,10.0,314574586.550000,314574599.550000,13.000,clean,,0,0.000000,0,13742,0,1B,
382,HEB211223111,2021-12-23T02:40:35.300,-0.1,0.4,314851238.200000,314851238.700000,0.500,clean,,0,0.000000,0,6290,0,1B,
383,HEB211223112,2021-12-23T02:41:18.900,-0.2,1.0,314851281.700000,314851282.900000,1.200,clean,,0,0.000000,0,6176,0,1B,
384,HEB211226226,2021-12-26T05:25:43.500,-1.0,11.0,315120345.500000,315120357.500000,12.000,clean,,0,0.000000,0,38435,65,1B,
385,HEB211229145,2021-12-29T03:30:11.001,-73.0,4.0,315372541.001000,315372618.001000,77.000,clean,,0,0.000000,0,7332,0,1B,
386,HEB211229929,2021-12-29T22:18:44.650,-3.0,3.0,315440324.650000,315440330.650000,6.000,clean,,0,0.000000,0,4820,0,1B,
387,HEB220101216,2022-01-01T05:11:23.150,-4.0,66.0,315637882.150000,315637952.150000,70.000,clean,,0,0.000000,0,6616,0,1B,
388,HEB220104167,2022-01-04T04:01:02.150,0.0,5.0,315892865.150000,315892870.150000,5.000,clean,,0,0.000000,0,6573,0,1B,
389,HEB220107792,2022-01-07T19:01:35.400,-1.5,25.0,316206096.900000,316206123.400000,26.500,clean,,0,0.000000,0,5704,0,1B,
390,HEB220108499,2022-01-08T11:58:36.000,-0.1,0.2,316267118.900000,316267119.200000,0.300,saturated,ABC,9,0.156666,4221,37252,255,1B,
391,HEB220117198,2022-01-17T04:46:01.500,-7.0,1.0,317018757.500000,317018765.500000,8.000,clean,,0,0.000000,0,7802,0,1B,
392,HEB220121088,2022-01-21T02:07:46.300,-10.0,10.0,317354859.300000,317354879.300000,20.000,clean,,0,0.000000,0,44058,119,1B,
393,HEB220124151,2022-01-24T03:37:39.250,-7.5,243.0,317619454.750000,317619705.250000,250.500,clean,,0,0.000000,0,45645,116,1B,
394,HEB220128137,2022-01-28T03:18:18.600,-5.0,27.0,317963896.600000,317963928.600000,32.000,clean,,0,0.000000,0,31448,55,1B,
395,HEB220129873,2022-01-29T20:57:30.200,-1.0,2.0,318113852.200000,318113855.200000,3.000,clean,,0,0.000000,0,11866,0,1B,
396,HEB220131048,2022-01-31T01:09:17.200,-5.0,7.0,318215355.200000,318215367.200000,12.000,clean,,0,0.000000,0,37458,64,1B,
397,HEB220209959,2022-02-09T23:00:58.500,-1.0,212.0,319071660.500000,319071873.500000,213.000,saturated,BC,2,0.055586,1781,41603,124,1B,
398,HEB220210997,2022-02-10T23:56:38.400,-0.5,1.0,319161400.900000,319161402.400000,1.500,clean,,0,0.000000,0,5648,0,1B,
399,HEB220218226,2022-02-18T05:26:01.000,-0.2,4.0,319785963.800000,319785968.000000,4.200,clean,,0,0.000000,0,7427,0,1B,
400,HEB220219394,2022-02-19T09:27:26.000,-1.0,25.0,319886848.000000,319886874.000000,26.000,clean,,0,0.000000,0,22539,34,1B,
401,HEB220219473,2022-02-19T11:21:34.150,-1.0,7.0,319893696.150000,319893704.150000,8.000,clean,,0,0.000000,0,10560,0,1B,
402,HEB220222808,2022-02-22T19:24:07.250,-3.0,5.0,320181847.250000,320181855.250000,8.000,clean,,0,0.000000,0,5973,0,1B,
403,HEB220305482,2022-03-05T11:34:05.450,-5.0,140.0,321104043.450000,321104188.450000,145.000,clean,,0,0.000000,0,46225,153,1B,
404,HEB220308238,2022-03-08T05:43:08.250,-1.0,15.0,321342190.250000,321342206.250000,16.000,saturated,A,6,0.158912,2728,24527,127,1B,
405,HEB220316476,2022-03-16T11:25:38.000,-1.0,14.0,322053940.000000,322053955.000000,15.000,clean,,0,0.000000,0,4709,0,1B,
406,HEB220405258,2022-04-05T06:11:38.800,-1.0,6.5,323763100.800000,323763108.300000,7.500,clean,,0,0.000000,0,8387,0,1B,
407,HEB220408311,2022-04-08T07:28:10.145,-6.0,11.0,324026887.145000,324026904.145000,17.000,clean,,0,0.000000,0,9143,0,1B,
408,HEB220411305,2022-04-11T07:20:00.600,-1.0,4.0,324285602.600000,324285607.600000,5.000,clean,,0,0.000000,0,6195,0,1B,
409,HEB220417578,2022-04-17T13:52:35.050,-2.0,14.0,324827556.050000,324827572.050000,16.000,clean,,0,0.000000,0,5235,4,1K,"1B archive does not cover this window; judged on 1K (no non-Poisson hole, FIFO backlog 4/455 events)"
410,HEB220421345,2022-04-21T08:17:54.500,-0.5,6.5,325153077.000000,325153084.000000,7.000,clean,,0,0.000000,0,9186,0,1B,
411,HEB220423593,2022-04-23T14:14:11.900,-1.0,13.0,325347253.900000,325347267.900000,14.000,clean,,0,0.000000,0,12924,0,1B,
412,HEB220426320,2022-04-26T07:41:28.300,-0.5,1.2,325582890.800000,325582892.500000,1.700,clean,,0,0.000000,0,12854,0,1B,
413,HEB220427875,2022-04-27T21:00:41.000,-4.0,20.0,325717240.000000,325717264.000000,24.000,clean,,0,0.000000,0,29160,51,1B,
414,HEB220507422,2022-05-07T10:09:05.800,-0.2,2.5,326542148.600000,326542151.300000,2.700,clean,,0,0.000000,0,5831,0,1B,
415,HEB220508939,2022-05-08T22:32:49.650,-2.0,21.0,326673170.650000,326673193.650000,23.000,clean,,0,0.000000,0,45303,208,1B,
416,HEB220511570,2022-05-11T13:41:56.800,-1.0,4.0,326900518.800000,326900523.800000,5.000,saturated,C,1,0.015080,530,39550,286,1B,
417,HEB220521627,2022-05-21T15:03:33.850,-0.5,2.5,327769416.350000,327769419.350000,3.000,clean,,0,0.000000,0,7756,0,1B,
418,HEB220522012,2022-05-22T00:17:41.000,-4.5,16.5,327802659.500000,327802680.500000,21.000,clean,,0,0.000000,0,9269,0,1B,
419,HEB220523558,2022-05-23T13:24:08.900,-2.0,5.0,327936249.900000,327936256.900000,7.000,clean,,0,0.000000,0,6539,0,1B,
420,HEB220528258,2022-05-28T06:12:47.300,-0.1,1.2,328342370.200000,328342371.500000,1.300,clean,,0,0.000000,0,5967,0,1B,
421,HEB220603070,2022-06-03T01:41:24.000,-4.5,4.0,328844482.500000,328844491.000000,8.500,clean,,0,0.000000,0,8986,0,1B,
422,HEB220606566,2022-06-06T13:35:17.700,-1.0,10.0,329146519.700000,329146530.700000,11.000,clean,,0,0.000000,0,10497,0,1B,
423,HEB220609514,2022-06-09T12:21:11.750,-1.0,13.0,329401273.750000,329401287.750000,14.000,clean,,0,0.000000,0,33538,58,1B,
424,HEB220610294,2022-06-10T07:04:43.200,-3.0,15.0,329468683.200000,329468701.200000,18.000,clean,,0,0.000000,0,13507,0,1B,
425,HEB220613849,2022-06-13T20:23:39.150,-3.0,122.0,329775819.150000,329775944.150000,125.000,clean,,0,0.000000,0,31340,55,1B,
426,HEB220619207,2022-06-19T04:58:32.700,-12.0,43.0,330238703.700000,330238758.700000,55.000,clean,,0,0.000000,0,5554,0,1B,
427,HEB220623294,2022-06-23T07:04:10.650,-1.0,14.0,330591852.650000,330591867.650000,15.000,clean,,0,0.000000,0,42379,85,1K,"1B archive does not cover this window; judged on 1K (no non-Poisson hole, FIFO backlog 85/455 events)"
428,HEB220623648,2022-06-23T15:33:57.000,-1.0,0.5,330622439.000000,330622440.500000,1.500,clean,,0,0.000000,0,5975,0,1B,
429,HEB220624124,2022-06-24T02:58:35.250,-1.0,166.0,330663517.250000,330663684.250000,167.000,clean,,0,0.000000,0,47433,161,1B,
430,HEB220624430,2022-06-24T10:20:24.235,-3.0,9.0,330690024.235000,330690036.235000,12.000,clean,,0,0.000000,0,6728,0,1B,
431,HEB220702842,2022-07-02T20:12:46.900,-2.0,18.0,331416767.900000,331416787.900000,20.000,clean,,0,0.000000,0,10576,0,1B,
432,HEB220705281,2022-07-05T06:45:52.900,-1.0,11.0,331627554.900000,331627566.900000,12.000,clean,,0,0.000000,0,28050,48,1B,
433,HEB220707858,2022-07-07T20:36:49.000,-10.0,103.0,331850202.000000,331850315.000000,113.000,clean,,0,0.000000,0,5846,0,1B,
434,HEB220710145,2022-07-10T03:29:34.650,-2.0,2.0,332047775.650000,332047779.650000,4.000,clean,,0,0.000000,0,6929,0,1B,
435,HEB220713691,2022-07-13T16:35:42.600,-4.0,4.0,332354141.600000,332354149.600000,8.000,clean,,0,0.000000,0,5345,0,1B,
436,HEB220715367,2022-07-15T08:49:40.300,-2.0,12.0,332498981.300000,332498995.300000,14.000,clean,,0,0.000000,0,42479,113,1B,
437,HEB220724988,2022-07-24T23:43:03.456,-5.0,25.0,333330181.456000,333330211.456000,30.000,clean,,0,0.000000,0,30094,53,1B,
438,HEB220729428,2022-07-29T10:17:31.050,0.3,1.2,333713854.350000,333713855.250000,0.900,clean,,0,0.000000,0,5589,0,1B,
439,HEB220804089,2022-08-04T02:08:31.870,0.0,5.0,334202914.870000,334202919.870000,5.000,clean,,0,0.000000,0,7491,0,1B,
440,HEB220807580,2022-08-07T13:56:26.250,-1.0,26.0,334504588.250000,334504615.250000,27.000,clean,,0,0.000000,0,19471,22,1B,
441,HEB220813807,2022-08-13T19:23:05.070,-2.0,2.0,335042586.070000,335042590.070000,4.000,clean,,0,0.000000,0,6931,0,1B,
442,HEB220821295,2022-08-21T07:05:40.100,-13.0,30.0,335689530.100000,335689573.100000,43.000,clean,,0,0.000000,0,6163,0,1B,
443,HEB220823145,2022-08-23T03:28:51.800,-0.7,1.5,335849334.100000,335849336.300000,2.200,clean,,0,0.000000,0,7764,0,1B,
444,HEB220827895,2022-08-27T21:30:04.170,-6.5,2.5,336259800.670000,336259809.670000,9.000,saturated,B,6,0.070050,2989,53839,116,1B,
445,HEB220829609,2022-08-29T14:37:51.350,-5.0,8.0,336407869.350000,336407882.350000,13.000,clean,,0,0.000000,0,18203,16,1B,
446,HEB220903125,2022-09-03T03:00:38.700,-1.5,2.5,336798040.200000,336798044.200000,4.000,clean,,0,0.000000,0,5602,0,1B,
447,HEB220905478,2022-09-05T11:28:45.550,-6.5,10.0,337001322.050000,337001338.550000,16.500,clean,,0,0.000000,0,5716,0,1B,
448,HEB220910241,2022-09-10T05:48:26.900,-5.0,9.0,337412904.900000,337412918.900000,14.000,saturated,B,3,0.079122,1072,21372,103,1B,
449,HEB220910627,2022-09-10T15:02:57.630,-0.3,0.0,337446180.330000,337446180.630000,0.300,clean,,0,0.000000,0,5356,0,1B,
450,HEB220912034,2022-09-12T00:50:23.950,-3.0,22.0,337567823.950000,337567848.950000,25.000,clean,,0,0.000000,0,11368,0,1B,
451,HEB220915217,2022-09-15T05:13:42.900,-2.0,18.0,337842823.900000,337842843.900000,20.000,clean,,0,0.000000,0,6425,0,1B,
452,HEB220926443,2022-09-26T10:38:16.100,-1.0,10.0,338812698.100000,338812709.100000,11.000,clean,,0,0.000000,0,9906,0,1B,
453,HEB220930466,2022-09-30T11:11:51.500,-4.0,12.5,339160310.500000,339160327.000000,16.500,clean,,0,0.000000,0,10033,0,1B,
454,HEB221009553,2022-10-09T13:17:00.050,-50.0,2000.0,339945373.050000,339947423.050000,2050.000,saturated,ABC,11628,128.239398,11547162,204554,289,1B,
455,HEB221011452,2022-10-11T10:50:56.250,-5.0,28.0,340109454.250000,340109487.250000,33.000,clean,,0,0.000000,0,10106,0,1B,
456,HEB221016985,2022-10-16T23:39:23.350,-5.0,17.0,340587561.350000,340587583.350000,22.000,clean,,0,0.000000,0,42248,174,1B,
457,HEB221021387,2022-10-21T09:18:22.800,-3.0,90.0,340967902.800000,340967995.800000,93.000,clean,,0,0.000000,0,37151,70,1B,
458,HEB221022955,2022-10-22T22:55:59.150,-5.0,40.0,341103357.150000,341103402.150000,45.000,saturated,B,2,0.031356,1212,44629,161,1B,
459,HEB221024542,2022-10-24T13:00:30.223,-6.0,8.0,341240427.223000,341240441.223000,14.000,clean,,0,0.000000,0,8956,0,1B,
460,HEB221027459,2022-10-27T11:01:05.800,-1.0,4.0,341492467.800000,341492472.800000,5.000,clean,,0,0.000000,0,15470,0,1B,
461,HEB221028553,2022-10-28T13:16:27.800,-1.0,28.0,341586989.800000,341587018.800000,29.000,clean,,0,0.000000,0,37508,64,1B,"one box running at a much lower rate; its wider inter-packet gaps are Poisson, not dead time"
462,HEB221029045,2022-10-29T01:05:27.900,-1.0,34.0,341629529.900000,341629564.900000,35.000,clean,,0,0.000000,0,15692,1,1B,"one box running at a much lower rate; its wider inter-packet gaps are Poisson, not dead time"
463,HEB221107057,2022-11-07T01:22:57.250,-5.0,9.0,342408175.250000,342408189.250000,14.000,clean,,0,0.000000,0,10572,0,1B,
464,HEB221118575,2022-11-18T13:48:21.034,-5.0,4.0,343403299.034000,343403308.034000,9.000,clean,,0,0.000000,0,43391,173,1B,
465,HEB221119627,2022-11-19T15:02:54.600,-2.0,55.0,343494175.600000,343494232.600000,57.000,saturated,AC,3,0.046414,1363,43987,135,1B,
466,HEB221121274,2022-11-21T06:34:49.950,-4.0,30.0,343636488.950000,343636522.950000,34.000,clean,,0,0.000000,0,10336,0,1B,
467,HEB221124083,2022-11-24T02:00:22.270,0.0,345.0,343879225.270000,343879570.270000,345.000,saturated,ABC,7,0.113566,2895,45686,173,1B,
468,HEB221126546,2022-11-26T13:07:31.350,-2.0,5.0,344092052.350000,344092059.350000,7.000,clean,,0,0.000000,0,9744,0,1B,
469,HEB221203536,2022-12-03T12:53:00.800,-2.0,4.0,344695981.800000,344695987.800000,6.000,clean,,0,0.000000,0,4803,0,1B,
470,HEB221203736,2022-12-03T17:40:54.600,-3.0,24.0,344713254.600000,344713281.600000,27.000,clean,,0,0.000000,0,6384,0,1B,
471,HEB221206463,2022-12-06T11:07:38.191,-5.0,3.0,344948856.191000,344948864.191000,8.000,clean,,0,0.000000,0,11736,0,1B,
472,HEB221206515,2022-12-06T12:22:48.000,-1.0,9.0,344953370.000000,344953380.000000,10.000,clean,,0,0.000000,0,6041,0,1B,
473,HEB221208132,2022-12-08T03:10:56.900,-1.0,9.0,345093058.900000,345093068.900000,10.000,clean,,0,0.000000,0,8688,0,1B,
474,HEB221218343,2022-12-18T08:15:11.500,-60.0,80.0,345975254.500000,345975394.500000,140.000,saturated,B,1,0.016032,288,40854,104,1B,
475,HEB221221944,2022-12-21T22:39:30.950,-1.0,12.0,346286372.950000,346286385.950000,13.000,clean,,0,0.000000,0,12122,0,1B,
476,HEB221223997,2022-12-23T23:56:06.700,-0.1,0.2,346463769.600000,346463769.900000,0.300,clean,,0,0.000000,0,8603,0,1B,
477,HEB221226697,2022-12-26T16:44:27.250,-1.0,15.0,346697069.250000,346697085.250000,16.000,saturated,A,1,0.015216,121,32635,74,1B,
478,HEB230101094,2023-01-01T02:16:41.000,-2.0,52.0,347163402.000000,347163456.000000,54.000,clean,,0,0.000000,0,11495,0,1B,
479,HEB230102015,2023-01-02T00:22:12.950,0.0,0.2,347242935.950000,347242936.150000,0.200,clean,,0,0.000000,0,14278,0,1B,
480,HEB230104252,2023-01-04T06:03:15.000,-1.0,13.0,347436197.000000,347436211.000000,14.000,clean,,0,0.000000,0,10589,0,1B,
481,HEB230114707,2023-01-14T16:59:15.000,-8.0,12.0,348339550.000000,348339570.000000,20.000,clean,,0,0.000000,0,12630,0,1B,
482,HEB230116204,2023-01-16T04:54:34.500,-2.0,9.0,348468875.500000,348468886.500000,11.000,clean,,0,0.000000,0,37534,112,1B,
483,HEB230116374,2023-01-16T08:59:06.650,0.0,0.2,348483549.650000,348483549.850000,0.200,saturated,ABC,6,0.102664,2999,40602,207,1B,
484,HEB230119558,2023-01-19T13:23:37.000,-4.0,100.0,348758616.000000,348758720.000000,104.000,saturated,AB,3,0.051858,1599,45645,337,1B,
485,HEB230120453,2023-01-20T10:53:13.050,-13.0,110.0,348835983.050000,348836106.050000,123.000,clean,,0,0.000000,0,48617,160,1B,
486,HEB230128950,2023-01-28T22:48:32.050,-2.0,10.0,349570113.050000,349570125.050000,12.000,clean,,0,0.000000,0,6959,0,1B,
487,HEB230207194,2023-02-07T04:40:47.600,-2.0,12.0,350368848.600000,350368862.600000,14.000,clean,,0,0.000000,0,16435,6,1B,
488,HEB230217911,2023-02-17T21:53:10.750,-0.5,1.0,351294793.250000,351294794.750000,1.500,saturated,ABC,14,0.334394,7080,33131,185,1B,
489,HEB230304264,2023-03-04T06:20:54.550,-1.0,255.0,352534856.550000,352535112.550000,256.000,clean,,0,0.000000,0,45759,130,1B,
490,HEB230304608,2023-03-04T14:35:49.200,0.0,16.0,352564552.200000,352564568.200000,16.000,clean,,0,0.000000,0,11466,0,1B,
491,HEB230304917,2023-03-04T22:01:40.296,-0.6,1.5,352591302.696000,352591304.796000,2.100,clean,,0,0.000000,0,11399,0,1B,
492,HEB230308564,2023-03-08T13:32:27.400,-0.1,0.8,352906350.300000,352906351.200000,0.900,saturated,ABC,6,0.146410,2447,26614,148,1B,
493,HEB230316546,2023-03-16T13:06:33.415,-3.0,4.0,353595993.415000,353596000.415000,7.000,clean,,0,0.000000,0,5795,0,1B,
494,HEB230328582,2023-03-28T13:58:53.345,-6.0,1.0,354635930.345000,354635937.345000,7.000,clean,,0,0.000000,0,4837,0,1B,
495,HEB230402314,2023-04-02T07:32:36.100,-2.0,45.0,355044757.100000,355044804.100000,47.000,saturated,AB,3,0.051270,1372,45079,137,1B,
496,HEB230404958,2023-04-04T23:00:07.750,-1.0,39.0,355273209.750000,355273249.750000,40.000,clean,,0,0.000000,0,35902,109,1B,
497,HEB230405832,2023-04-05T19:58:05.350,-1.5,2.0,355348686.850000,355348690.350000,3.500,clean,,0,0.000000,0,7089,0,1B,
498,HEB230409033,2023-04-09T00:48:14.930,-1.0,6.0,355625296.930000,355625303.930000,7.000,clean,,0,0.000000,0,18028,15,1B,
499,HEB230409625,2023-04-09T15:00:58.150,-1.0,18.0,355676460.150000,355676479.150000,19.000,clean,,0,0.000000,0,19423,22,1B,
500,HEB230410188,2023-04-10T04:31:20.050,-0.1,0.3,355725082.950000,355725083.350000,0.400,clean,,0,0.000000,0,20275,32,1B,
501,HEB230410476,2023-04-10T11:26:11.800,-2.0,8.0,355749972.800000,355749982.800000,10.000,clean,,0,0.000000,0,15223,0,1B,
502,HEB230412034,2023-04-12T00:49:00.700,-0.5,2.5,355884543.200000,355884546.200000,3.000,clean,,0,0.000000,0,6482,0,1B,
503,HEB230430368,2023-04-30T08:50:31.830,-3.0,36.0,357468631.830000,357468670.830000,39.000,clean,,0,0.000000,0,10850,0,1B,
504,HEB230503846,2023-05-03T20:19:08.500,-3.0,73.0,357769148.500000,357769224.500000,76.000,clean,,0,0.000000,0,48966,206,1B,
505,HEB230506214,2023-05-06T05:08:25.000,-8.0,38.0,357973700.000000,357973746.000000,46.000,clean,,0,0.000000,0,18531,17,1B,
506,HEB230506531,2023-05-06T12:45:18.800,0.0,28.0,358001121.800000,358001149.800000,28.000,clean,,0,0.000000,0,38381,67,1B,
507,HEB230506714,2023-05-06T17:09:21.470,-10.0,7.0,358016954.470000,358016971.470000,17.000,clean,,0,0.000000,0,32991,58,1B,
508,HEB230509357,2023-05-09T08:35:05.400,-4.0,30.0,358245304.400000,358245338.400000,34.000,saturated,C,2,0.031000,877,39068,124,1B,
509,HEB230511547,2023-05-11T13:08:32.200,-2.0,63.0,358434513.200000,358434578.200000,65.000,saturated,C,1,0.015294,326,30346,53,1B,
510,HEB230516742,2023-05-16T17:49:54.460,-2.0,6.0,358883395.460000,358883403.460000,8.000,clean,,0,0.000000,0,33354,96,1B,
511,HEB230517462,2023-05-17T11:05:49.050,-1.0,20.0,358945551.050000,358945572.050000,21.000,clean,,0,0.000000,0,9011,0,1B,
512,HEB230523474,2023-05-23T11:23:12.688,-10.0,20.0,359464985.688000,359465015.688000,30.000,clean,,0,0.000000,0,35185,61,1B,
513,HEB230523641,2023-05-23T15:23:54.350,-0.5,2.5,359479436.850000,359479439.850000,3.000,clean,,0,0.000000,0,18550,18,1B,
514,HEB230525448,2023-05-25T10:46:08.320,-0.03,0.07,359635571.290000,359635571.390000,0.100,saturated,A,1,0.016202,156,42215,197,1B,
515,HEB230527289,2023-05-27T06:57:14.100,0.0,83.0,359794637.100000,359794720.100000,83.000,clean,,0,0.000000,0,43810,210,1B,
516,HEB230530746,2023-05-30T17:55:00.150,-1.0,33.0,360093302.150000,360093336.150000,34.000,saturated,A,3,0.041618,1633,45226,140,1B,
517,HEB230604245,2023-06-04T05:53:48.050,-0.1,0.5,360482030.950000,360482031.550000,0.600,clean,,0,0.000000,0,4931,0,1B,
518,HEB230608467,2023-06-08T11:13:32.000,-2.0,4.0,360846813.000000,360846819.000000,6.000,saturated,A,1,0.015704,578,36486,180,1B,
519,HEB230608774,2023-06-08T18:34:35.450,-1.0,13.0,360873277.450000,360873291.450000,14.000,clean,,0,0.000000,0,43705,99,1B,
520,HEB230614008,2023-06-14T00:12:22.966,-20.0,1.0,361325525.966000,361325546.966000,21.000,clean,,0,0.000000,0,17111,10,1B,
521,HEB230614385,2023-06-14T09:15:01.500,-1.0,18.0,361358103.500000,361358122.500000,19.000,clean,,0,0.000000,0,5635,0,1B,
522,HEB230616859,2023-06-16T20:37:58.705,0.0,0.15,361571881.705000,361571881.855000,0.150,saturated,ABC,8,0.126690,4129,55555,196,1B,
523,HEB230617926,2023-06-17T22:13:33.097,-2.0,-0.5,361664014.097000,361664015.597000,1.500,clean,,0,0.000000,0,35367,61,1B,
524,HEB230618226,2023-06-18T05:26:13.000,-2.0,12.0,361689974.000000,361689988.000000,14.000,clean,,0,0.000000,0,38791,80,1B,
525,HEB230623890,2023-06-23T21:22:33.550,0.0,23.0,362179356.550000,362179379.550000,23.000,clean,,0,0.000000,0,29051,51,1B,
526,HEB230624768,2023-06-24T18:26:36.100,-1.0,20.0,362255198.100000,362255219.100000,21.000,clean,,0,0.000000,0,18234,16,1B,
527,HEB230625311,2023-06-25T07:28:47.200,-10.0,720.0,362302120.200000,362302850.200000,730.000,saturated,ABC,4,0.077548,2670,49590,249,1B,
528,HEB230703953,2023-07-03T22:53:07.150,-1.0,16.0,363048789.150000,363048806.150000,17.000,clean,,0,0.000000,0,55273,205,1B,
529,HEB230707140,2023-07-07T03:22:54.460,-3.0,26.0,363324174.460000,363324203.460000,29.000,clean,,0,0.000000,0,6244,0,1B,
530,HEB230709705,2023-07-09T16:56:14.550,-2.0,31.0,363545775.550000,363545808.550000,33.000,saturated,B,1,0.016368,281,17024,9,1B,
531,HEB230709735,2023-07-09T17:38:26.750,0.0,0.25,363548309.750000,363548310.000000,0.250,saturated,ABC,8,0.196542,3804,27665,173,1B,
532,HEB230712027,2023-07-12T00:39:13.150,-0.1,0.1,363746356.050000,363746356.250000,0.200,clean,,0,0.000000,0,6153,0,1B,
533,HEB230712029,2023-07-12T00:42:55.000,-0.3,0.5,363746577.700000,363746578.500000,0.800,clean,,0,0.000000,0,5250,0,1B,
534,HEB230717117,2023-07-17T02:49:07.050,-1.0,18.0,364186149.050000,364186168.050000,19.000,clean,,0,0.000000,0,21524,30,1B,
535,HEB230723193,2023-07-23T04:38:43.200,-0.1,0.8,364711126.100000,364711127.000000,0.900,clean,,0,0.000000,0,7907,0,1B,
536,HEB230727460,2023-07-27T11:03:07.050,-2.0,15.0,365079788.050000,365079805.050000,17.000,clean,,0,0.000000,0,36874,166,1B,
537,HEB230802284,2023-08-02T06:50:20.750,-4.0,14.0,365583019.750000,365583037.750000,18.000,clean,,0,0.000000,0,7959,0,1B,
538,HEB230803061,2023-08-03T01:28:42.050,-95.0,35.0,365650030.050000,365650160.050000,130.000,clean,,0,0.000000,0,32325,56,1B,
539,HEB230815451,2023-08-15T10:49:54.800,-2.0,5.0,366720595.800000,366720602.800000,7.000,clean,,0,0.000000,0,8971,0,1B,
540,HEB230818977,2023-08-18T23:27:38.873,-3.0,11.0,367025258.873000,367025272.873000,14.000,clean,,0,0.000000,0,47934,177,1B,
541,HEB230820461,2023-08-20T11:05:07.750,-1.0,6.0,367153509.750000,367153516.750000,7.000,clean,,0,0.000000,0,37509,94,1B,
542,HEB230822992,2023-08-22T23:48:52.750,-0.5,1.5,367372135.250000,367372137.250000,2.000,clean,,0,0.000000,0,7109,0,1B,
543,HEB230827255,2023-08-27T06:08:30.900,-1.0,6.0,367740512.900000,367740519.900000,7.000,clean,,0,0.000000,0,13123,0,1B,
544,HEB230905659,2023-09-05T15:49:37.950,-6.0,3.0,368552974.950000,368552983.950000,9.000,clean,,0,0.000000,0,31054,74,1B,
545,HEB230906538,2023-09-06T12:55:07.100,0.0,1.2,368628910.100000,368628911.300000,1.200,saturated,BC,2,0.052912,1286,27456,131,1B,
546,HEB230911131,2023-09-11T03:09:34.000,-5.0,27.0,369025772.000000,369025804.000000,32.000,clean,,0,0.000000,0,8529,0,1B,
547,HEB230911328,2023-09-11T07:53:11.400,-3.0,50.0,369042791.400000,369042844.400000,53.000,clean,,0,0.000000,0,37847,148,1B,
548,HEB230915235,2023-09-15T05:39:34.960,-6.0,23.0,369380371.960000,369380400.960000,29.000,saturated,B,1,0.029422,1459,49590,157,1B,
549,HEB230915287,2023-09-15T06:54:25.500,-1.0,10.0,369384867.500000,369384878.500000,11.000,clean,,0,0.000000,0,38435,112,1B,
550,HEB231004349,2023-10-04T08:23:34.400,-1.0,9.0,371031816.400000,371031826.400000,10.000,clean,,0,0.000000,0,5180,0,1B,
551,HEB231017336,2023-10-17T08:05:04.400,-2.0,1.0,372153905.400000,372153908.400000,3.000,clean,,0,0.000000,0,13104,0,1B,
552,HEB231018521,2023-10-18T12:30:42.200,-7.0,31.0,372256238.200000,372256276.200000,38.000,clean,,0,0.000000,0,32325,103,1B,
553,HEB231020789,2023-10-20T18:56:58.050,-2.0,13.0,372452219.050000,372452234.050000,15.000,clean,,0,0.000000,0,13974,0,1B,
554,HEB231020899,2023-10-20T21:35:53.650,-1.0,28.0,372461755.650000,372461784.650000,29.000,clean,,0,0.000000,0,15010,0,1B,
555,HEB231028173,2023-10-28T04:09:09.450,-1.0,8.0,373090151.450000,373090160.450000,9.000,clean,,0,0.000000,0,35785,62,1B,
556,HEB231101099,2023-11-01T02:23:18.300,-4.0,0.0,373429397.300000,373429401.300000,4.000,clean,,0,0.000000,0,4825,0,1B,
557,HEB231104074,2023-11-04T01:47:37.400,-1.0,30.0,373686459.400000,373686490.400000,31.000,clean,,0,0.000000,0,30635,163,1B,
558,HEB231104965,2023-11-04T23:10:39.000,-0.5,4.0,373763441.500000,373763446.000000,4.500,clean,,0,0.000000,0,4856,0,1B,
559,HEB231110888,2023-11-10T21:19:34.600,-1.0,8.0,374275176.600000,374275185.600000,9.000,clean,,0,0.000000,0,11326,0,1B,
560,HEB231115650,2023-11-15T15:36:21.230,-0.1,0.05,374686584.130000,374686584.280000,0.150,clean,,0,0.000000,0,8983,0,1B,
561,HEB231117127,2023-11-17T03:03:19.650,0.0,0.4,374814202.650000,374814203.050000,0.400,clean,,0,0.000000,0,22502,96,1B,
562,HEB231118719,2023-11-18T17:16:30.050,-2.0,7.0,374951791.050000,374951800.050000,9.000,clean,,0,0.000000,0,8265,0,1B,
563,HEB231122633,2023-11-22T15:12:40.150,-2.0,42.0,375289961.150000,375290005.150000,44.000,clean,,0,0.000000,0,44967,209,1B,
564,HEB231123113,2023-11-23T02:44:04.677,-1.0,1.0,375331446.677000,375331448.677000,2.000,clean,,0,0.000000,0,9126,0,1B,
565,HEB231125741,2023-11-25T17:47:20.450,-0.5,1.0,375558442.950000,375558444.450000,1.500,clean,,0,0.000000,0,8594,0,1B,
566,HEB231126050,2023-11-26T01:12:24.432,-4.0,2.0,375585143.432000,375585149.432000,6.000,clean,,0,0.000000,0,8437,0,1B,
567,HEB231129212,2023-11-29T05:05:58.250,-5.0,75.0,375858356.250000,375858436.250000,80.000,saturated,B,1,0.031238,1343,42587,254,1B,
568,HEB231129798,2023-11-29T19:10:18.050,-1.0,10.0,375909020.050000,375909031.050000,11.000,saturated,ABC,65,1.569110,31161,29700,167,1B,
569,HEB231203292,2023-12-03T07:01:30.700,-1.0,30.0,376210892.700000,376210923.700000,31.000,clean,,0,0.000000,0,24201,39,1B,
570,HEB231204833,2023-12-04T20:00:04.000,-1.0,25.0,376344006.000000,376344032.000000,26.000,clean,,0,0.000000,0,16048,3,1B,
571,HEB231205696,2023-12-05T16:43:30.750,-1.5,30.0,376418612.250000,376418643.750000,31.500,clean,,0,0.000000,0,10018,0,1B,
572,HEB231206109,2023-12-06T02:37:43.200,-0.2,0.25,376454266.000000,376454266.450000,0.450,clean,,0,0.000000,0,8444,0,1B,
573,HEB231220673,2023-12-20T16:10:16.600,0.0,4.0,377712619.600000,377712623.600000,4.000,clean,,0,0.000000,0,8350,0,1B,
574,HEB231222309,2023-12-22T07:26:02.600,-3.0,117.0,377853962.600000,377854082.600000,120.000,clean,,0,0.000000,0,42779,222,1K,"1B archive does not cover this window; judged on 1K (no non-Poisson hole, FIFO backlog 222/455 events)"
575,HEB240101539,2024-01-01T12:57:23.750,-0.1,0.25,378737846.650000,378737847.000000,0.350,clean,,0,0.000000,0,6112,0,1B,
576,HEB240106023,2024-01-06T00:34:18.700,-20.0,150.0,379125241.700000,379125411.700000,170.000,clean,,0,0.000000,0,39927,115,1B,
577,HEB240106264,2024-01-06T06:21:23.050,-6.0,35.0,379146080.050000,379146121.050000,41.000,clean,,0,0.000000,0,12255,0,1B,
578,HEB240107803,2024-01-07T19:16:28.650,-2.0,53.0,379278989.650000,379279044.650000,55.000,saturated,B,1,0.020426,935,45378,235,1B,
579,HEB240110620,2024-01-10T14:53:31.570,-4.0,17.0,379522410.570000,379522431.570000,21.000,clean,,0,0.000000,0,7967,0,1B,
580,HEB240112237,2024-01-12T05:41:26.250,-0.5,1.5,379662088.750000,379662090.750000,2.000,clean,,0,0.000000,0,8346,0,1B,
581,HEB240112734,2024-01-12T17:37:28.620,-4.0,2.0,379705047.620000,379705053.620000,6.000,clean,,0,0.000000,0,18645,18,1B,
582,HEB240112913,2024-01-12T21:56:04.550,-1.5,2.0,379720566.050000,379720569.550000,3.500,clean,,0,0.000000,0,10720,0,1B,
583,HEB240117828,2024-01-17T19:52:32.550,-3.0,8.0,380145152.550000,380145163.550000,11.000,clean,,0,0.000000,0,6295,0,1B,
584,HEB240118075,2024-01-18T01:48:41.850,-17.0,80.0,380166507.850000,380166604.850000,97.000,saturated,A,2,0.026698,920,47723,290,1K,"1B archive does not cover this window; 1K box A shows two holes 15.6+11.1 ms at T+79.46 s, the rate jumps to 34 kHz right after"
585,HEB240118325,2024-01-18T07:48:12.450,-1.0,21.0,380188094.450000,380188116.450000,22.000,clean,,0,0.000000,0,31612,100,1B,
586,HEB240122803,2024-01-22T19:16:27.000,-3.0,14.0,380574987.000000,380575004.000000,17.000,clean,,0,0.000000,0,8401,0,1B,
587,HEB240123462,2024-01-23T11:05:45.500,-4.0,21.0,380631944.500000,380631969.500000,25.000,clean,,0,0.000000,0,40281,129,1B,
588,HEB240123967,2024-01-23T23:12:36.450,-0.3,0.6,380675559.150000,380675560.050000,0.900,clean,,0,0.000000,0,8049,0,1B,
589,HEB240124885,2024-01-24T21:14:32.250,-1.0,3.0,380754874.250000,380754878.250000,4.000,clean,,0,0.000000,0,7876,0,1B,
590,HEB240125399,2024-01-25T09:34:59.450,-0.1,1.2,380799302.350000,380799303.650000,1.300,clean,,0,0.000000,0,5468,0,1B,
591,HEB240201773,2024-02-01T18:33:27.900,-4.0,12.0,381436406.900000,381436422.900000,16.000,clean,,0,0.000000,0,54664,156,1B,
592,HEB240204630,2024-02-04T15:07:50.177,-3.0,5.0,381683270.177000,381683278.177000,8.000,clean,,0,0.000000,0,13571,0,1B,
593,HEB240205851,2024-02-05T20:26:30.600,0.0,0.5,381788793.600000,381788794.100000,0.500,clean,,0,0.000000,0,7622,0,1B,
594,HEB240222194,2024-02-22T04:39:54.550,-2.0,11.0,383200795.550000,383200808.550000,13.000,clean,,0,0.000000,0,30227,53,1B,
595,HEB240222369,2024-02-22T08:51:31.400,-4.0,2.0,383215890.400000,383215896.400000,6.000,clean,,0,0.000000,0,39068,66,1B,
596,HEB240225180,2024-02-25T04:20:17.850,-0.8,1.5,383458820.050000,383458822.350000,2.300,clean,,0,0.000000,0,5955,0,1B,
597,HEB240226814,2024-02-26T19:33:08.423,-2.0,2.0,383599989.423000,383599993.423000,4.000,clean,,0,0.000000,0,6362,0,1B,
598,HEB240229588,2024-02-29T14:07:11.350,-8.0,30.0,383839626.350000,383839664.350000,38.000,clean,,0,0.000000,0,18142,15,1B,
599,HEB240303513,2024-03-03T12:18:53.500,-1.0,5.0,384092335.500000,384092341.500000,6.000,clean,,0,0.000000,0,14875,0,1B,
600,HEB240314479,2024-03-14T11:31:10.956,-6.0,1.5,385039867.956000,385039875.456000,7.500,clean,,0,0.000000,0,27034,46,1B,
601,HEB240318118,2024-03-18T02:51:02.119,-1.5,9.0,385354263.619000,385354274.119000,10.500,clean,,0,0.000000,0,3844,0,1B,
602,HEB240320729,2024-03-20T17:29:47.059,-2.0,6.0,385579788.059000,385579796.059000,8.000,clean,,0,0.000000,0,10939,0,1B,
603,HEB240324149,2024-03-24T03:35:13.850,-1.0,6.5,385875315.850000,385875323.350000,7.500,clean,,0,0.000000,0,6188,0,1B,
604,HEB240329904,2024-03-29T21:43:07.200,0.0,5.0,386372590.200000,386372595.200000,5.000,clean,,0,0.000000,0,7290,0,1B,
605,HEB240331996,2024-03-31T23:55:19.600,-1.0,32.0,386553321.600000,386553354.600000,33.000,clean,,0,0.000000,0,12173,0,1B,
606,HEB240403498,2024-04-03T11:57:55.300,-20.0,20.0,386769458.300000,386769498.300000,40.000,clean,,0,0.000000,0,7700,0,1B,
607,HEB240407041,2024-04-07T00:59:55.700,-2.0,12.0,387075596.700000,387075610.700000,14.000,clean,,0,0.000000,0,5993,0,1B,
608,HEB240407771,2024-04-07T18:30:31.150,-0.2,1.8,387138633.950000,387138635.950000,2.000,clean,,0,0.000000,0,4634,0,1B,
609,HEB240408043,2024-04-08T01:02:14.264,-3.0,1.0,387162134.264000,387162138.264000,4.000,clean,,0,0.000000,0,12595,0,1B,
610,HEB240414097,2024-04-14T02:20:39.700,-2.0,23.0,387685240.700000,387685265.700000,25.000,clean,,0,0.000000,0,40947,178,1B,
611,HEB240415132,2024-04-15T03:10:49.105,-0.1,0.5,387774652.005000,387774652.605000,0.600,clean,,0,0.000000,0,5770,0,1B,
612,HEB240426558,2024-04-26T13:24:05.650,-4.0,23.0,388761844.650000,388761871.650000,27.000,clean,,0,0.000000,0,11196,0,1B,
613,HEB240430806,2024-04-30T19:21:21.000,-2.0,12.0,389128882.000000,389128896.000000,14.000,clean,,0,0.000000,0,33746,59,1B,
614,HEB240502228,2024-05-02T05:28:39.984,-4.0,10.0,389251718.984000,389251732.984000,14.000,clean,,0,0.000000,0,33978,113,1B,
615,HEB240504217,2024-05-04T05:12:53.900,-2.0,220.0,389423574.900000,389423796.900000,222.000,clean,,0,0.000000,0,34824,175,1B,
616,HEB240514029,2024-05-14T00:43:11.200,0.0,7.0,390271394.200000,390271401.200000,7.000,clean,,0,0.000000,0,5089,0,1B,
617,HEB240527586,2024-05-27T14:04:03.950,-14.0,8.0,391442632.950000,391442654.950000,22.000,saturated,C,1,0.050210,1616,31896,86,1B,
618,HEB240529123,2024-05-29T02:57:51.250,-5.0,102.0,391575469.250000,391575576.250000,107.000,clean,,0,0.000000,0,41924,153,1B,
619,HEB240606564,2024-06-06T13:33:07.600,-5.0,1.0,392304785.600000,392304791.600000,6.000,clean,,0,0.000000,0,5393,0,1B,
620,HEB240607459,2024-06-07T11:01:14.500,-1.0,14.0,392382076.500000,392382091.500000,15.000,clean,,0,0.000000,0,11347,0,1B,
621,HEB240612503,2024-06-12T12:04:29.680,-1.0,3.0,392817871.680000,392817875.680000,4.000,clean,,0,0.000000,0,5397,0,1B,
622,HEB240615744,2024-06-15T17:51:45.065,-0.05,0.1,393097908.015000,393097908.165000,0.150,clean,,0,0.000000,0,17368,11,1B,
623,HEB240626278,2024-06-26T06:41:04.000,-1.0,7.0,394008066.000000,394008074.000000,8.000,clean,,0,0.000000,0,38219,113,1B,
624,HEB240628817,2024-06-28T19:36:35.565,-0.05,0.3,394227398.515000,394227398.865000,0.350,clean,,0,0.000000,0,8350,0,1B,
625,HEB240702885,2024-07-02T21:14:50.950,-1.0,21.0,394578892.950000,394578914.950000,22.000,clean,,0,0.000000,0,24428,43,1K,"1B archive does not cover this window; judged on 1K (no non-Poisson hole, FIFO backlog 43/455 events)"
626,HEB240710642,2024-07-10T15:25:38.100,-1.0,3.0,395249140.100000,395249144.100000,4.000,clean,,0,0.000000,0,14043,0,1B,
627,HEB240713982,2024-07-13T23:34:51.850,-7.0,4.0,395537687.850000,395537698.850000,11.000,clean,,0,0.000000,0,7494,0,1B,
628,HEB240720017,2024-07-20T00:24:51.200,-0.1,2.1,396059094.100000,396059096.300000,2.200,clean,,0,0.000000,0,8128,0,1B,
629,HEB240727729,2024-07-27T17:30:07.200,-1.0,5.0,396725409.200000,396725415.200000,6.000,clean,,0,0.000000,0,9321,0,1B,
630,HEB240727994,2024-07-27T23:51:45.800,-1.0,6.0,396748307.800000,396748314.800000,7.000,clean,,0,0.000000,0,24298,39,1B,
631,HEB240730819,2024-07-30T19:40:24.350,-1.0,21.0,396992426.350000,396992448.350000,22.000,clean,,0,0.000000,0,32421,57,1B,
632,HEB240731597,2024-07-31T14:20:12.600,-2.0,5.0,397059613.600000,397059620.600000,7.000,clean,,0,0.000000,0,6168,0,1B,
633,HEB240801137,2024-08-01T03:18:12.000,-3.0,31.0,397106292.000000,397106326.000000,34.000,clean,,0,0.000000,0,20817,27,1B,
634,HEB240802440,2024-08-02T10:34:03.150,-2.0,36.0,397218844.150000,397218882.150000,38.000,clean,,0,0.000000,0,11698,0,1B,
635,HEB240807919,2024-08-07T22:04:13.450,0.0,0.25,397692256.450000,397692256.700000,0.250,clean,,0,0.000000,0,7689,0,1B,
636,HEB240809354,2024-08-09T08:30:26.000,-1.0,12.0,397816228.000000,397816241.000000,13.000,clean,,0,0.000000,0,22521,34,1B,
637,HEB240814785,2024-08-14T18:50:26.050,-8.0,60.0,398285421.050000,398285489.050000,68.000,saturated,A,1,0.015660,413,32229,89,1B,
638,HEB240815942,2024-08-15T22:37:08.050,-3.0,20.0,398385428.050000,398385451.050000,23.000,clean,,0,0.000000,0,5099,0,1B,
639,HEB240821720,2024-08-21T17:17:36.700,-1.0,3.0,398884658.700000,398884662.700000,4.000,clean,,0,0.000000,0,5527,0,1B,
640,HEB240821775,2024-08-21T18:36:02.600,-0.1,0.8,398889365.500000,398889366.400000,0.900,clean,,0,0.000000,0,35139,87,1B,
641,HEB240822115,2024-08-22T02:46:20.950,-0.2,1.0,398918783.750000,398918784.950000,1.200,clean,,0,0.000000,0,11633,0,1B,
642,HEB240825661,2024-08-25T15:53:01.150,-1.0,8.0,399225183.150000,399225192.150000,9.000,saturated,AB,7,0.159638,3841,33130,207,1B,
643,HEB240828621,2024-08-28T14:55:07.300,-3.0,50.0,399480907.300000,399480960.300000,53.000,clean,,0,0.000000,0,9094,0,1B,"one box running at a much lower rate; its wider inter-packet gaps are Poisson, not dead time"
644,HEB240902115,2024-09-02T02:45:54.000,-1.0,21.0,399869156.000000,399869178.000000,22.000,clean,,0,0.000000,0,8214,0,1B,"one box running at a much lower rate; its wider inter-packet gaps are Poisson, not dead time"
645,HEB240905052,2024-09-05T01:16:17.450,-1.0,7.5,400122979.450000,400122987.950000,8.500,clean,,0,0.000000,0,6233,0,1B,
646,HEB240905185,2024-09-05T04:27:16.250,-0.2,1.5,400134439.050000,400134440.750000,1.700,saturated,B,6,0.132824,2916,31616,150,1B,
647,HEB240914298,2024-09-14T07:09:49.250,-3.0,9.0,400921789.250000,400921801.250000,12.000,saturated,B,1,0.015526,417,34406,108,1B,
648,HEB240918872,2024-09-18T20:56:58.100,-1.0,4.0,401317020.100000,401317025.100000,5.000,saturated,B,1,0.018150,474,25887,43,1B,
649,HEB240929826,2024-09-29T19:50:05.000,-1.0,8.0,402263407.000000,402263416.000000,9.000,clean,,0,0.000000,0,35926,63,1B,
650,HEB241008916,2024-10-08T22:00:04.600,-2.0,20.0,403048805.600000,403048827.600000,22.000,clean,,0,0.000000,0,6416,0,1B,
651,HEB241013935,2024-10-13T22:27:41.900,-1.0,26.0,403482463.900000,403482490.900000,27.000,clean,,0,0.000000,0,5745,0,1B,
652,HEB241021624,2024-10-21T14:58:59.350,-12.0,110.0,404146730.350000,404146852.350000,122.000,clean,,0,0.000000,0,35714,113,1B,
653,HEB241022922,2024-10-22T22:08:22.650,-0.1,0.9,404258905.550000,404258906.550000,1.000,clean,,0,0.000000,0,6867,0,1B,
654,HEB241026946,2024-10-26T22:42:31.650,-2.0,10.0,404606552.650000,404606564.650000,12.000,clean,,0,0.000000,0,18800,19,1B,
655,HEB241030773,2024-10-30T18:34:20.500,-1.5,5.0,404937262.000000,404937268.500000,6.500,clean,,0,0.000000,0,4945,0,1B,
656,HEB241114461,2024-11-14T11:05:07.000,-2.0,27.0,406206308.000000,406206337.000000,29.000,clean,,0,0.000000,0,12836,0,1B,
657,HEB241115755,2024-11-15T18:07:30.070,-5.0,24.0,406318048.070000,406318077.070000,29.000,clean,,0,0.000000,0,48748,185,1B,
658,HEB241129063,2024-11-29T01:31:33.430,-3.0,5.0,407467893.430000,407467901.430000,8.000,clean,,0,0.000000,0,7107,0,1B,
659,HEB241130967,2024-11-30T23:13:45.300,-1.0,3.0,407632427.300000,407632431.300000,4.000,clean,,0,0.000000,0,7086,0,1B,
660,HEB241207370,2024-12-07T08:54:11.800,-2.0,70.0,408185652.800000,408185724.800000,72.000,clean,,0,0.000000,0,5577,0,1B,
661,HEB241213096,2024-12-13T02:18:59.400,-2.0,4.0,408680340.400000,408680346.400000,6.000,clean,,0,0.000000,0,5291,0,1B,
662,HEB241214142,2024-12-14T03:24:33.950,-1.0,1.0,408770675.950000,408770677.950000,2.000,clean,,0,0.000000,0,6944,0,1B,
663,HEB241219050,2024-12-19T01:12:45.500,-10.0,20.0,409194758.500000,409194788.500000,30.000,clean,,0,0.000000,0,36333,159,1B,
664,HEB241223506,2024-12-23T12:09:08.100,-1.0,20.0,409579750.100000,409579771.100000,21.000,clean,,0,0.000000,0,33091,99,1B,
665,HEB241228175,2024-12-28T04:13:06.450,-1.0,24.0,409983188.450000,409983213.450000,25.000,clean,,0,0.000000,0,9660,0,1B,
666,HEB250107210,2025-01-07T05:02:30.150,-1.0,32.0,410850152.150000,410850185.150000,33.000,clean,,0,0.000000,0,4277,0,1B,
667,HEB250107481,2025-01-07T11:34:04.300,-0.2,1.0,410873647.100000,410873648.300000,1.200,clean,,0,0.000000,0,5286,0,1B,
668,HEB250107786,2025-01-07T18:52:15.750,-0.4,4.0,410899938.350000,410899942.750000,4.400,saturated,A,1,0.028230,451,19416,42,1B,
669,HEB250116523,2025-01-16T12:34:00.050,-1.0,20.0,411654842.050000,411654863.050000,21.000,clean,,0,0.000000,0,17747,15,1B,
670,HEB250117848,2025-01-17T20:21:58.160,-0.3,0.25,411769320.860000,411769321.410000,0.550,clean,,0,0.000000,0,11769,0,1B,
671,HEB250118151,2025-01-18T03:38:24.600,-5.0,8.0,411795502.600000,411795515.600000,13.000,clean,,0,0.000000,0,7722,0,1B,
672,HEB250119352,2025-01-19T08:27:02.200,-2.0,285.0,411899223.200000,411899510.200000,287.000,saturated,C,2,0.030814,1078,42554,161,1B,
673,HEB250127232,2025-01-27T05:34:45.800,-2.0,40.0,412580086.800000,412580128.800000,42.000,clean,,0,0.000000,0,15715,1,1B,
674,HEB250204278,2025-02-04T06:41:13.900,-0.1,2.0,413275276.800000,413275278.900000,2.100,clean,,0,0.000000,0,5964,0,1B,
675,HEB250206827,2025-02-06T19:51:32.250,-2.0,75.0,413495493.250000,413495570.250000,77.000,clean,,0,0.000000,0,26847,46,1B,
676,HEB250221149,2025-02-21T03:34:36.700,-1.0,5.0,414732878.700000,414732884.700000,6.000,clean,,0,0.000000,0,6321,0,1B,
677,HEB250222600,2025-02-22T14:24:25.950,-1.0,10.0,414858267.950000,414858278.950000,11.000,clean,,0,0.000000,0,19388,21,1B,
678,HEB250223691,2025-02-23T16:36:11.810,-0.15,0.4,414952574.660000,414952575.210000,0.550,clean,,0,0.000000,0,6508,0,1B,
679,HEB250306687,2025-03-06T16:30:08.450,-2.0,8.0,415902609.450000,415902619.450000,10.000,clean,,0,0.000000,0,14850,0,1B,
680,HEB250308754,2025-03-08T18:06:30.650,-0.1,0.5,416081193.550000,416081194.150000,0.600,clean,,0,0.000000,0,22456,59,1B,
681,HEB250312558,2025-03-12T13:24:20.500,-4.0,1.0,416409859.500000,416409864.500000,5.000,clean,,0,0.000000,0,5459,0,1B,
682,HEB250313607,2025-03-13T14:34:34.350,-1.0,11.0,416500476.350000,416500488.350000,12.000,clean,,0,0.000000,0,13048,0,1B,
683,HEB250320969,2025-03-20T23:16:31.100,-5.0,36.0,417136589.100000,417136630.100000,41.000,clean,,0,0.000000,0,48358,196,1B,
684,HEB250402964,2025-04-02T23:08:11.100,-6.0,27.0,418259288.100000,418259321.100000,33.000,clean,,0,0.000000,0,6769,24,1K,"1B archive does not cover this window; judged on 1K (no non-Poisson hole, FIFO backlog 24/455 events)"
685,HEB250403635,2025-04-03T15:15:26.150,-5.0,12.0,418317324.150000,418317341.150000,17.000,saturated,B,1,0.016082,141,10870,0,1B,
686,HEB250404597,2025-04-04T14:19:46.500,-2.0,108.0,418400387.500000,418400497.500000,110.000,clean,,0,0.000000,0,38165,110,1B,
687,HEB250406247,2025-04-06T05:56:42.900,-0.1,0.3,418543005.800000,418543006.200000,0.400,clean,,0,0.000000,0,8293,0,1B,
688,HEB250406609,2025-04-06T14:38:15.900,-5.0,10.0,418574293.900000,418574308.900000,15.000,clean,,0,0.000000,0,4987,0,1B,
689,HEB250412754,2025-04-12T18:06:07.520,-1.0,2.0,419105169.520000,419105172.520000,3.000,clean,,0,0.000000,0,6276,0,1B,
690,HEB250413111,2025-04-13T02:40:17.787,-14.0,8.0,419136006.787000,419136028.787000,22.000,clean,,0,0.000000,0,6468,0,1B,
691,HEB250421916,2025-04-21T21:59:42.100,-2.0,20.0,419896783.100000,419896805.100000,22.000,clean,,0,0.000000,0,36189,88,1B,
692,HEB250424286,2025-04-24T06:52:11.050,-8.0,15.0,420101526.050000,420101549.050000,23.000,clean,,0,0.000000,0,21231,29,1B,
693,HEB250509939,2025-05-09T22:33:31.500,-2.0,2.0,421454012.500000,421454016.500000,4.000,clean,,0,0.000000,0,5862,0,1B,
694,HEB250516271,2025-05-16T06:31:34.700,-1.0,55.0,422001096.700000,422001152.700000,56.000,saturated,BC,19,0.550268,8374,44058,160,1B,
695,HEB250520441,2025-05-20T10:36:01.905,-2.0,15.0,422361362.905000,422361379.905000,17.000,clean,,0,0.000000,0,32831,120,1B,
696,HEB250521185,2025-05-21T04:27:02.900,-2.0,19.0,422425623.900000,422425644.900000,21.000,clean,,0,0.000000,0,4574,0,1B,
697,HEB250521931,2025-05-21T22:21:56.250,-1.0,12.0,422490118.250000,422490131.250000,13.000,clean,,0,0.000000,0,6185,0,1B,
698,HEB250527985,2025-05-27T23:38:47.150,-1.0,4.0,423013129.150000,423013134.150000,5.000,clean,,0,0.000000,0,45152,202,1B,
699,HEB250529457,2025-05-29T10:58:24.050,-5.0,20.0,423140302.050000,423140327.050000,25.000,clean,,0,0.000000,0,6065,0,1B,
700,HEB250602128,2025-06-02T03:04:31.300,-0.5,2.0,423457473.800000,423457476.300000,2.500,clean,,0,0.000000,0,5288,0,1B,
701,HEB250610966,2025-06-10T23:11:12.850,-12.0,35.0,424221063.850000,424221110.850000,47.000,clean,,0,0.000000,0,12970,0,1B,
702,HEB250619635,2025-06-19T15:14:36.400,-2.0,22.0,424970077.400000,424970101.400000,24.000,clean,,0,0.000000,0,25197,42,1B,
703,HEB250620337,2025-06-20T08:05:18.900,0.0,11.0,425030721.900000,425030732.900000,11.000,clean,,0,0.000000,0,8939,0,1B,
704,HEB250620557,2025-06-20T13:22:57.000,-1.0,2.0,425049779.000000,425049782.000000,3.000,clean,,0,0.000000,0,5880,6,1K,"1B archive does not cover this window; judged on 1K (no non-Poisson hole, FIFO backlog 6/455 events)"
705,HEB250620671,2025-06-20T16:07:09.900,-1.0,36.0,425059631.900000,425059668.900000,37.000,saturated,ABC,11,0.257926,5269,38326,183,1B,
706,HEB250621052,2025-06-21T01:14:55.405,-1.0,3.0,425092497.405000,425092501.405000,4.000,clean,,0,0.000000,0,13700,0,1B,
707,HEB250625670,2025-06-25T16:04:57.750,-1.0,2.0,425491499.750000,425491502.750000,3.000,clean,,0,0.000000,0,35436,150,1B,
708,HEB250627698,2025-06-27T16:46:23.150,-0.5,1.5,425666785.650000,425666787.650000,2.000,clean,,0,0.000000,0,10459,0,1B,
709,HEB250702412,2025-07-02T09:54:07.560,-1.0,20.0,426074049.560000,426074070.560000,21.000,clean,,0,0.000000,0,5149,0,1B,
710,HEB250702580,2025-07-02T13:56:05.766,2.9,3.7,426088571.666000,426088572.466000,0.800,clean,,0,0.000000,0,4051,0,1B,
711,HEB250704154,2025-07-04T03:42:22.000,-2.0,6.0,426224543.000000,426224551.000000,8.000,clean,,0,0.000000,0,9294,0,1B,
712,HEB250704344,2025-07-04T08:16:27.100,-0.1,0.4,426240990.000000,426240990.500000,0.500,clean,,0,0.000000,0,22400,33,1B,
713,HEB250716061,2025-07-16T01:29:06.245,-3.0,75.0,427253346.245000,427253424.245000,78.000,clean,,0,0.000000,0,26663,45,1B,
714,HEB250717158,2025-07-17T03:48:11.060,-1.0,12.0,427348093.060000,427348106.060000,13.000,clean,,0,0.000000,0,6986,0,1B,
715,HEB250718009,2025-07-18T00:14:02.000,-0.4,2.9,427421644.600000,427421647.900000,3.300,clean,,0,0.000000,0,17373,18,1K,"1B archive does not cover this window; judged on 1K (no non-Poisson hole, FIFO backlog 18/455 events)"
716,HEB250720789,2025-07-20T18:57:10.300,-0.15,0.15,427661833.150000,427661833.450000,0.300,clean,,0,0.000000,0,5118,0,1B,
717,HEB250723550,2025-07-23T13:13:04.500,-1.0,5.0,427900386.500000,427900392.500000,6.000,clean,,0,0.000000,0,32115,83,1B,
718,HEB250723615,2025-07-23T14:45:37.500,-1.3,4.5,427905939.200000,427905945.000000,5.800,clean,,0,0.000000,0,6826,0,1B,
719,HEB250725077,2025-07-25T01:51:34.810,-0.7,5.8,428032297.110000,428032303.610000,6.500,saturated,B,2,0.043718,1510,48273,147,1B,
720,HEB250804960,2025-08-04T23:02:29.760,0.3,6.5,428972553.060000,428972559.260000,6.200,clean,,0,0.000000,0,3799,0,1B,
721,HEB250819742,2025-08-19T17:49:46.000,-1.5,3.5,430249787.500000,430249792.500000,5.000,clean,,0,0.000000,0,5965,0,1B,
722,HEB250821672,2025-08-21T16:07:47.500,-0.2,2.5,430416470.300000,430416473.000000,2.700,clean,,0,0.000000,0,16821,8,1B,
723,HEB250824475,2025-08-24T11:24:18.375,0.0,65.0,430658661.375000,430658726.375000,65.000,saturated,B,1,0.032668,1155,45003,196,1K,"1B archive does not cover this window; 1K box B shows a 32.7 ms hole at T+37.9 s, the rate jumps to 35 kHz right after"
724,HEB250826308,2025-08-26T07:24:03.000,-1.5,6.0,430817044.500000,430817052.000000,7.500,clean,,0,0.000000,0,5910,0,1B,
725,HEB250830619,2025-08-30T14:51:55.100,-1.0,34.0,431189517.100000,431189552.100000,35.000,saturated,C,1,0.018954,442,23116,36,1B,
726,HEB250902062,2025-09-02T01:30:01.000,-2.0,12.0,431400602.000000,431400616.000000,14.000,clean,,0,0.000000,0,10515,0,1B,
727,HEB250902781,2025-09-02T18:45:34.100,-2.0,20.0,431462735.100000,431462757.100000,22.000,clean,,0,0.000000,0,6611,0,1B,
728,HEB250904734,2025-09-04T17:37:03.000,-2.0,18.0,431631424.000000,431631444.000000,20.000,clean,,0,0.000000,0,27977,48,1B,
729,HEB250905343,2025-09-05T08:14:40.870,-2.5,20.0,431684081.370000,431684103.870000,22.500,clean,,0,0.000000,0,4116,0,1B,
730,HEB250909106,2025-09-09T02:33:28.880,-1.0,10.0,432009210.880000,432009221.880000,11.000,clean,,0,0.000000,0,34913,107,1B,
731,HEB250918522,2025-09-18T12:32:24.000,-10.0,50.0,432822737.000000,432822797.000000,60.000,clean,,0,0.000000,0,53800,85,1B,
732,HEB250919020,2025-09-19T00:28:52.285,-3.0,42.0,432865732.285000,432865777.285000,45.000,saturated,ABC,34,0.821766,16263,28745,162,1B,
733,HEB250920120,2025-09-20T02:54:09.000,-2.5,11.0,432960849.500000,432960863.000000,13.500,saturated,A,1,0.030482,479,23872,38,1B,
734,HEB250920365,2025-09-20T08:46:26.160,-1.0,144.0,432981988.160000,432982133.160000,145.000,clean,,0,0.000000,0,38929,153,1B,
735,HEB250920642,2025-09-20T15:25:17.060,-1.0,45.0,433005919.060000,433005965.060000,46.000,saturated,B,2,0.042810,1849,58823,153,1B,
736,HEB250922884,2025-09-22T21:13:25.900,-0.3,0.2,433199608.600000,433199609.100000,0.500,clean,,0,0.000000,0,3998,0,1B,
737,HEB250922829,2025-09-22T19:53:50.450,-0.2,0.4,433194833.250000,433194833.850000,0.600,clean,,0,0.000000,0,4125,0,1B,
738,HEB250924435,2025-09-24T10:26:58.900,-0.3,0.2,433333621.600000,433333622.100000,0.500,clean,,0,0.000000,0,5860,0,1B,
739,HEB250926014,2025-09-26T00:21:23.965,-0.3,2.0,433470086.665000,433470088.965000,2.300,clean,,0,0.000000,0,8956,0,1B,
740,HEB250930875,2025-09-30T21:00:23.000,-7.0,0.0,433890019.000000,433890026.000000,7.000,clean,,0,0.000000,0,45875,145,1B,
741,HEB251001111,2025-10-01T02:40:56.950,0.0,8.0,433910459.950000,433910467.950000,8.000,clean,,0,0.000000,0,4914,0,1B,
742,HEB251002843,2025-10-02T20:14:54.000,-1.5,10.0,434060095.500000,434060107.000000,11.500,clean,,0,0.000000,0,3902,0,1B,
743,HEB251006836,2025-10-06T20:05:08.000,-4.0,2.0,434405107.000000,434405113.000000,6.000,clean,,0,0.000000,0,5897,0,1B,
744,HEB251007817,2025-10-07T19:36:58.000,0.0,88.0,434489821.000000,434489909.000000,88.000,clean,,0,0.000000,0,9741,0,1B,
745,HEB251009665,2025-10-09T15:58:56.610,-0.3,0.0,434649539.310000,434649539.610000,0.300,clean,,0,0.000000,0,6681,0,1B,
746,HEB251009077,2025-10-09T01:51:15.350,-0.1,1.0,434598678.250000,434598679.350000,1.100,clean,,0,0.000000,0,8596,0,1B,
747,HEB251011153,2025-10-11T03:41:40.085,-1.6,4.0,434778101.485000,434778107.085000,5.600,clean,,0,0.000000,0,14997,0,1B,
748,HEB251011297,2025-10-11T07:08:21.915,-1.5,5.0,434790503.415000,434790509.915000,6.500,clean,,0,0.000000,0,5362,0,1B,
749,HEB251013336,2025-10-13T08:04:05.800,0.0,1.0,434966648.800000,434966649.800000,1.000,clean,,0,0.000000,0,6409,0,1B,
750,HEB251013735,2025-10-13T17:39:42.000,-1.0,10.0,435001184.000000,435001195.000000,11.000,clean,,0,0.000000,0,5713,0,1B,
751,HEB251016624,2025-10-16T14:59:19.000,0.5,1.1,435250762.500000,435250763.100000,0.600,clean,,0,0.000000,0,13517,0,1B,
752,HEB251018133,2025-10-18T03:12:00.635,-2.0,20.0,435381121.635000,435381143.635000,22.000,clean,,0,0.000000,0,5646,0,1B,
753,HEB251028143,2025-10-28T03:26:31.860,0.0,25.0,436245994.860000,436246019.860000,25.000,clean,,0,0.000000,0,6955,0,1B,
754,HEB251103198,2025-11-03T04:46:28.110,-3.0,6.0,436769188.110000,436769197.110000,9.000,clean,,0,0.000000,0,6297,0,1B,
755,HEB251105040,2025-11-05T00:58:34.700,-0.5,40.0,436928317.200000,436928357.700000,40.500,clean,,0,0.000000,0,12039,0,1B,
756,HEB251106760,2025-11-06T18:14:44.300,-0.1,1.0,437076887.200000,437076888.300000,1.100,clean,,0,0.000000,0,5218,0,1B,
757,HEB251114860,2025-11-14T20:38:30.000,-2.0,2.5,437776711.000000,437776715.500000,4.500,clean,,0,0.000000,0,4442,0,1B,
758,HEB251116807,2025-11-16T19:22:36.700,-2.0,13.0,437944957.700000,437944972.700000,15.000,clean,,0,0.000000,0,44129,90,1B,
759,HEB251117513,2025-11-17T12:19:52.200,-0.1,1.0,438005995.100000,438005996.200000,1.100,clean,,0,0.000000,0,5138,0,1B,
760,HEB251118855,2025-11-18T20:31:30.090,-0.5,77.0,438121892.590000,438121970.090000,77.500,saturated,ABC,45,1.270118,21460,32097,138,1B,
761,HEB251128182,2025-11-28T04:22:21.000,0.0,42.0,438927744.000000,438927786.000000,42.000,clean,,0,0.000000,0,8651,0,1B,
762,HEB251201685,2025-12-01T16:26:24.000,-4.0,50.0,439230383.000000,439230437.000000,54.000,saturated,A,1,0.029482,1144,38434,201,1B,
763,HEB251202076,2025-12-02T01:50:52.000,-1.5,12.0,439264253.500000,439264267.000000,13.500,clean,,0,0.000000,0,5297,0,1B,
764,HEB251203346,2025-12-03T08:18:45.150,3.0,20.0,439373931.150000,439373948.150000,17.000,clean,,0,0.000000,0,4483,0,1B,
765,HEB251208536,2025-12-08T12:52:32.600,-0.15,0.1,439822355.450000,439822355.700000,0.250,clean,,0,0.000000,0,6072,3,1K,"1B archive does not cover this window; judged on 1K (no non-Poisson hole, FIFO backlog 3/455 events)"
766,HEB251220984,2025-12-20T23:38:04.630,-0.15,0.3,440897887.480000,440897887.930000,0.450,clean,,0,0.000000,0,14588,0,1B,
767,HEB251221782,2025-12-21T18:46:21.995,-0.8,3.0,440966784.195000,440966787.995000,3.800,clean,,0,0.000000,0,4109,0,1B,
768,HEB251226334,2025-12-26T08:01:02.550,-2.0,54.0,441360063.550000,441360119.550000,56.000,clean,,0,0.000000,0,43357,119,1B,
769,HEB251230056,2025-12-30T01:21:41.000,0.0,73.0,441681704.000000,441681777.000000,73.000,clean,,0,0.000000,0,13833,0,1B,
770,HEB260103074,2026-01-03T01:46:54.000,-1.0,5.0,442028816.000000,442028822.000000,6.000,clean,,0,0.000000,0,6661,0,1B,
771,HEB260114486,2026-01-14T11:40:26.400,-0.15,0.3,443014829.250000,443014829.700000,0.450,clean,,0,0.000000,0,10244,0,1B,
772,HEB260115740,2026-01-15T17:46:45.880,-0.4,3.0,443123208.480000,443123211.880000,3.400,clean,,0,0.000000,0,35162,111,1B,
773,HEB260121098,2026-01-21T02:22:32.000,-1.0,2.0,443586154.000000,443586157.000000,3.000,clean,,0,0.000000,0,15474,0,1B,
774,HEB260127835,2026-01-27T20:02:32.600,-0.1,0.25,444168155.500000,444168155.850000,0.350,clean,,0,0.000000,0,14278,0,1B,
775,HEB260130562,2026-01-30T13:29:20.850,-0.1,0.1,444403763.750000,444403763.950000,0.200,clean,,0,0.000000,0,17649,13,1B,
776,HEB260131277,2026-01-31T06:39:30.435,-2.0,244.0,444465571.435000,444465817.435000,246.000,saturated,BC,5,0.080046,3037,46193,219,1B,
777,HEB260204701,2026-02-04T16:50:06.960,10.0,14.0,444847819.960000,444847823.960000,4.000,clean,,0,0.000000,0,4805,0,1B,
778,HEB260207237,2026-02-07T05:42:33.650,-0.2,1.5,445066956.450000,445066958.150000,1.700,clean,,0,0.000000,0,5773,0,1B,
779,HEB260208411,2026-02-08T09:52:44.910,0.0,30.0,445168367.910000,445168397.910000,30.000,clean,,0,0.000000,0,9723,0,1B,
780,HEB260208904,2026-02-08T21:42:45.480,-5.0,10.0,445210963.480000,445210978.480000,15.000,clean,,0,0.000000,0,28268,49,1B,
781,HEB260210477,2026-02-10T11:27:37.300,-1.5,25.0,445346858.800000,445346885.300000,26.500,clean,,0,0.000000,0,11753,0,1B,
782,HEB260217387,2026-02-17T09:18:12.010,0.0,10.0,445943895.010000,445943905.010000,10.000,clean,,0,0.000000,0,23231,36,1B,
783,HEB260221682,2026-02-21T16:22:52.240,-1.0,1.5,446314974.240000,446314976.740000,2.500,clean,,0,0.000000,0,4223,0,1B,
784,HEB260223174,2026-02-23T04:11:28.000,-22.0,13.0,446443869.000000,446443904.000000,35.000,saturated,AB,3,0.050340,1446,45802,135,1B,
785,HEB260225634,2026-02-25T15:14:07.480,-4.0,22.0,446656446.480000,446656472.480000,26.000,clean,,0,0.000000,0,18871,19,1B,
786,HEB260226443,2026-02-26T10:37:55.960,4.0,54.0,446726282.960000,446726332.960000,50.000,saturated,ABC,226,4.952010,110650,47039,198,1B,
787,HEB260305112,2026-03-05T02:41:38.185,0.0,45.0,447302501.185000,447302546.185000,45.000,saturated,A,1,0.015532,147,13982,0,1B,
788,HEB260308837,2026-03-08T20:05:53.100,-1.0,0.5,447624355.100000,447624356.600000,1.500,clean,,0,0.000000,0,8391,0,1B,
789,HEB260310903,2026-03-10T21:41:23.000,0.0,25.0,447802886.000000,447802911.000000,25.000,clean,,0,0.000000,0,26821,46,1B,
790,HEB260311790,2026-03-11T18:57:55.420,-2.0,5.0,447879476.420000,447879483.420000,7.000,clean,,0,0.000000,0,7340,0,1B,
791,HEB260312407,2026-03-12T09:46:46.055,-1.0,11.0,447932808.055000,447932820.055000,12.000,clean,,0,0.000000,0,5620,0,1B,
792,HEB260320819,2026-03-20T19:40:04.700,-1.5,5.0,448659606.200000,448659612.700000,6.500,clean,,0,0.000000,0,13996,0,1B,
793,HEB260326054,2026-03-26T01:18:28.505,-2.0,19.0,449111909.505000,449111930.505000,21.000,clean,,0,0.000000,0,45493,131,1B,
794,HEB260327102,2026-03-27T02:27:32.750,-0.5,93.0,449202455.250000,449202548.750000,93.500,clean,,0,0.000000,0,32210,133,1B,
795,HEB260402550,2026-04-02T13:13:00.000,-4.0,22.0,449759579.000000,449759605.000000,26.000,clean,,0,0.000000,0,28035,48,1B,
796,HEB260403105,2026-04-03T02:31:27.000,0.0,19.0,449807490.000000,449807509.000000,19.000,clean,,0,0.000000,0,13649,0,1B,
797,HEB260407382,2026-04-07T09:11:07.000,-2.0,22.0,450177068.000000,450177092.000000,24.000,clean,,0,0.000000,0,38929,104,1B,
798,HEB260409731,2026-04-09T17:32:45.670,-5.0,55.0,450379963.670000,450380023.670000,60.000,clean,,0,0.000000,0,6251,0,1B,
799,HEB260410294,2026-04-10T07:03:56.995,-0.05,0.25,450428639.945000,450428640.245000,0.300,clean,,0,0.000000,0,7691,0,1B,
800,HEB260410515,2026-04-10T12:22:26.925,-0.05,0.2,450447749.875000,450447750.125000,0.250,clean,,0,0.000000,0,10975,0,1B,
801,HEB260412259,2026-04-12T06:13:46.170,-4.0,40.0,450598425.170000,450598469.170000,44.000,saturated,C,1,0.015402,184,16540,6,1B,
802,HEB260414272,2026-04-14T06:32:07.400,-23.0,24.0,450772307.400000,450772354.400000,47.000,clean,,0,0.000000,0,47350,94,1B,
803,HEB260415197,2026-04-15T04:43:59.000,-3.0,48.0,450852239.000000,450852290.000000,51.000,saturated,B,2,0.039184,1600,47723,167,1B,
804,HEB260418201,2026-04-18T04:49:35.205,-0.3,0.0,451111777.905000,451111778.205000,0.300,clean,,0,0.000000,0,3734,0,1B,
805,HEB260421092,2026-04-21T02:12:44.325,-0.2,1.5,451361567.125000,451361568.825000,1.700,clean,,0,0.000000,0,3833,0,1B,
806,HEB260421175,2026-04-21T04:13:21.000,-0.5,20.0,451368803.500000,451368824.000000,20.500,clean,,0,0.000000,0,12760,0,1B,
807,HEB260424984,2026-04-24T23:37:25.500,-0.4,0.1,451697848.100000,451697848.600000,0.500,clean,,0,0.000000,0,7481,0,1B,
808,HEB260429613,2026-04-29T14:42:59.270,0.0,17.0,452097782.270000,452097799.270000,17.000,clean,,0,0.000000,0,4764,0,1B,
809,HEB260430669,2026-04-30T16:04:22.185,0.0,54.0,452189065.185000,452189119.185000,54.000,saturated,A,1,0.015528,269,17148,10,1B,
810,HEB260507852,2026-05-07T20:28:00.000,-5.0,28.0,452809678.000000,452809711.000000,33.000,saturated,C,1,0.015608,386,36577,145,1B,
811,HEB260510115,2026-05-10T02:46:35.000,-20.0,10.0,453005178.000000,453005208.000000,30.000,clean,,0,0.000000,0,3682,0,1B,
812,HEB260511458,2026-05-11T11:00:31.700,-2.0,42.0,453121232.700000,453121276.700000,44.000,clean,,0,0.000000,0,32078,112,1B,
813,HEB260519573,2026-05-19T13:45:37.000,-1.0,15.0,453822339.000000,453822355.000000,16.000,clean,,0,0.000000,0,5621,0,1B,
814,HEB260522093,2026-05-22T02:15:08.780,-1.0,1.0,454040110.780000,454040112.780000,2.000,clean,,0,0.000000,0,21059,30,1B,
815,HEB260522399,2026-05-22T09:35:00.130,-5.0,92.0,454066498.130000,454066595.130000,97.000,saturated,AB,2,0.030900,860,39237,208,1B,
816,HEB260523809,2026-05-23T19:26:02.800,-0.5,1.0,454188365.300000,454188366.800000,1.500,clean,,0,0.000000,0,6480,0,1B,
817,HEB260525981,2026-05-25T23:33:42.590,-0.5,3.0,454376025.090000,454376028.590000,3.500,clean,,0,0.000000,0,41225,131,1K,"1B archive does not cover this window; judged on 1K (no non-Poisson hole, FIFO backlog 131/455 events)"
818,HEB260526961,2026-05-26T23:04:00.000,-1.0,7.0,454460642.000000,454460650.000000,8.000,clean,,0,0.000000,0,6511,0,1B,
819,HEB260527261,2026-05-27T06:16:10.050,-0.4,0.15,454486572.650000,454486573.200000,0.550,clean,,0,0.000000,0,10109,0,1B,
820,HEB260530257,2026-05-30T06:10:52.750,-4.0,5.0,454745451.750000,454745460.750000,9.000,clean,,0,0.000000,0,18338,16,1B,
821,HEB260601800,2026-06-01T19:12:48.050,-2.0,77.0,454965169.050000,454965248.050000,79.000,clean,,0,0.000000,0,33191,58,1B,
822,HEB260603849,2026-06-03T20:22:40.300,-1.5,7.0,455142161.800000,455142170.300000,8.500,clean,,0,0.000000,0,5598,0,1B,
823,HEB260604365,2026-06-04T08:45:55.355,-1.0,13.0,455186757.355000,455186771.355000,14.000,clean,,0,0.000000,0,9644,0,1B,
824,HEB260605044,2026-06-05T01:04:27.850,-6.0,13.0,455245464.850000,455245483.850000,19.000,clean,,0,0.000000,0,14018,33,1K,"1B archive does not cover this window; judged on 1K (no non-Poisson hole, FIFO backlog 33/455 events)"
825,HEB260607555,2026-06-07T13:19:30.100,-1.0,55.0,455462372.100000,455462428.100000,56.000,clean,,0,0.000000,0,31815,86,1B,
826,HEB260608528,2026-06-08T12:41:28.680,0.0,20.0,455546491.680000,455546511.680000,20.000,clean,,0,0.000000,0,11578,0,1B,
827,HEB260608996,2026-06-08T23:54:23.000,-4.0,1.0,455586862.000000,455586867.000000,5.000,clean,,0,0.000000,0,39810,116,1K,"1B archive does not cover this window; judged on 1K (no non-Poisson hole, FIFO backlog 116/455 events)"
828,HEB260610192,2026-06-10T04:37:09.000,-0.3,0.6,455690231.700000,455690232.600000,0.900,clean,,0,0.000000,0,3519,0,1B,
829,HEB260611897,2026-06-11T21:32:33.620,-1.0,26.0,455837555.620000,455837582.620000,27.000,saturated,B,1,0.015382,103,15729,1,1B,
830,HEB260616140,2026-06-16T03:21:54.330,-40.0,75.0,456204077.330000,456204192.330000,115.000,saturated,C,1,0.015268,328,28745,50,1B,
831,HEB260616295,2026-06-16T07:05:16.390,-0.5,14.0,456217518.890000,456217533.390000,14.500,clean,,0,0.000000,0,24977,41,1B,
