group,latitude,longitude
sig,20.3635,109.4057
sig,20.7346,267.5462
sig,-8.5502,156.4313
sig,-0.5372,18.6475
sig,-1.5948,110.6136
sig,14.0566,265.9600
assoc,11.2515,268.9121
assoc,10.5711,265.5070
sig,18.2691,127.5868
assoc,16.6377,282.5600
assoc,11.6608,273.0955
sig,3.7325,17.2572
assoc,10.0457,273.8959
assoc,23.8139,117.2635
assoc,25.5146,285.3965
sig,2.9871,187.5116
sig,11.4318,123.1144
sig,11.4324,123.1151
sig,11.4329,123.1156
sig,11.4331,123.1158
sig,11.4337,123.1165
sig,11.4341,123.1168
sig,11.4343,123.1170
sig,9.4672,266.2740
sig,7.6077,268.1427
assoc,24.5364,127.6041
assoc,-4.8603,147.4146
assoc,7.0603,143.2129
assoc,20.5370,282.6503
sig,-8.7264,199.9813
assoc,16.2952,262.7962
sig,9.7159,23.9062
assoc,13.7633,168.4623
assoc,14.3434,119.2939
sig,19.7683,269.4086
assoc,22.4807,272.7648
assoc,14.7127,280.6003
sig,8.3735,297.4197
sig,6.6381,271.4158
sig,17.8309,109.1937
sig,-4.1544,141.4689
sig,21.4575,90.5657
sig,-12.0507,68.3648
assoc,19.6921,128.9560
sig,18.4853,106.1050
sig,-2.9584,26.7917
assoc,-6.0498,70.1589
assoc,10.5956,268.1773
sig,8.8781,281.8918
sig,24.2553,266.2167
sig,24.3137,262.1949
assoc,15.9393,266.2652
sig,-4.2597,68.0673
sig,22.2727,303.2205
assoc,10.4514,278.3502
sig,10.5205,278.4209
assoc,13.0345,277.2774
sig,7.2838,303.3294
sig,12.2016,274.0536
sig,9.5527,276.7796
sig,11.4090,270.7791
sig,20.4343,90.8233
assoc,2.9505,299.3841
assoc,17.0679,276.6530
sig,10.2332,83.6210
sig,-0.6854,68.0475
sig,7.5241,298.6719
sig,7.5230,298.6730
assoc,7.8809,121.5931
sig,1.3919,106.3921
sig,5.7804,29.2907
sig,3.6953,31.3317
sig,11.6024,282.9930
sig,17.2208,276.1666
sig,11.1997,278.4776
assoc,15.9333,259.2532
sig,20.5048,264.5497
assoc,21.5163,283.0488
assoc,21.4221,161.8006
sig,15.1580,270.3820
sig,18.3203,273.9374
sig,22.0416,254.1639
assoc,16.1680,263.2991
assoc,0.5960,284.6554
assoc,13.8557,267.2733
assoc,16.9695,292.2610
assoc,20.7117,275.5472
sig,7.3022,290.0894
sig,22.9795,129.6016
sig,14.3052,260.9538
sig,-9.0884,140.5951
assoc,16.6807,276.1669
sig,19.8593,263.1525
assoc,15.9601,278.8442
sig,22.4624,309.6141
assoc,7.1073,277.9973
assoc,3.2903,281.7445
assoc,19.1639,157.0451
assoc,8.5972,97.1104
assoc,25.9233,272.4818
sig,-3.8961,57.9680
sig,23.6283,97.5339
sig,-0.4513,290.3222
sig,-9.5256,135.7600
sig,-4.7669,140.4916
sig,-1.9713,143.2133
assoc,12.7598,276.0316
assoc,0.3965,96.9614
sig,25.3504,91.0968
sig,3.1982,115.7229
sig,16.5485,340.6450
assoc,12.1662,272.5606
assoc,15.9419,274.4327
sig,0.6463,137.5606
assoc,19.4105,84.2258
sig,16.2790,162.8499
assoc,11.1586,168.3273
sig,21.8449,103.2879
assoc,6.9248,285.7828
sig,-2.7814,125.3242
sig,-2.3570,288.1899
sig,0.3543,96.6353
sig,15.4866,102.9013
assoc,21.2184,286.3246
sig,4.3595,286.5205
sig,7.5539,289.6696
assoc,14.0563,272.0943
sig,11.4938,268.8813
assoc,5.9161,294.6834
assoc,8.4432,97.9892
sig,18.2489,268.5771
assoc,19.9693,246.0757
sig,6.9150,289.3437
assoc,20.5484,246.2528
sig,21.3493,288.1373
sig,-4.6068,115.5731
sig,9.3325,266.6720
sig,14.4431,313.7889
assoc,8.1226,301.7478
assoc,21.4627,99.2493
sig,24.6861,256.7794
sig,24.0757,83.6166
sig,11.0784,288.4101
sig,18.1065,281.1094
assoc,7.2951,292.5666
assoc,19.9380,104.0222
assoc,4.1528,277.4063
sig,10.4952,22.3393
sig,14.0319,281.5521
assoc,12.7852,351.6075
assoc,16.2959,67.3731
assoc,-4.0572,101.2802
assoc,0.0687,287.3727
sig,24.8519,90.5018
sig,-4.6289,142.2180
sig,13.1996,39.5188
sig,2.7258,284.5829
assoc,-5.1332,122.3076
sig,-3.2990,160.6233
sig,-3.0352,136.6086
assoc,4.0127,303.5222
sig,21.5032,113.6626
sig,-3.0212,140.4394
assoc,-4.3609,141.7446
sig,7.8618,288.7901
sig,8.8661,289.7976
sig,11.3956,340.6033
sig,16.2076,117.0079
assoc,-4.9117,113.9328
assoc,15.1071,170.8814
assoc,-0.1579,106.9678
sig,14.2318,121.3906
sig,16.1238,265.0070
assoc,6.5877,288.7607
assoc,15.6224,118.8256
assoc,25.2107,272.1234
sig,23.9699,149.0741
sig,13.3134,277.8196
assoc,21.8932,122.1074
sig,22.9033,72.4995
assoc,18.3160,283.6102
sig,24.1465,163.8696
assoc,-0.7856,284.2200
sig,14.4222,271.1052
sig,14.8062,271.5211
assoc,5.0375,104.0777
assoc,6.2271,282.8915
sig,16.9401,148.4483
sig,20.7809,152.9572
sig,20.9208,127.4387
sig,-5.7530,141.7153
sig,-6.1715,112.9554
assoc,19.3422,72.6474
sig,18.8421,73.2366
sig,10.2487,290.8157
assoc,10.5998,121.2757
assoc,12.1751,240.1846
sig,11.7875,280.1776
assoc,6.9156,284.0018
assoc,0.8816,289.5436
sig,10.9611,101.2768
sig,11.5860,263.6715
assoc,19.0325,263.7110
sig,12.2292,276.3969
sig,-2.5932,26.1046
assoc,4.0739,128.7883
sig,10.0255,288.6994
sig,12.4424,112.2313
assoc,9.6809,297.8943
sig,-3.5229,17.9756
sig,-1.9123,19.5400
assoc,13.5580,151.4536
sig,7.1183,291.2529
sig,-3.1073,131.6004
assoc,2.9526,299.6303
assoc,7.5752,266.7497
assoc,-3.5142,30.0520
sig,-4.0641,11.1099
sig,13.5236,329.3840
sig,7.2438,287.2819
sig,0.9982,123.3759
sig,-3.5860,99.5941
sig,-2.8161,143.3205
sig,7.0265,109.4627
sig,-8.1682,100.0440
sig,7.4008,80.7499
sig,13.8425,288.5019
assoc,12.9179,289.4846
assoc,-0.5410,278.6090
assoc,8.6455,99.7110
assoc,3.4197,104.8700
assoc,-17.1318,170.1300
sig,-6.4935,134.7207
sig,-3.3964,147.8227
assoc,14.8879,104.8661
sig,-3.4666,139.7606
sig,7.7128,343.2311
assoc,-12.7187,193.5352
assoc,2.4450,105.6942
assoc,12.7805,288.6475
sig,18.9157,181.5570
sig,4.6069,9.3553
assoc,2.8966,24.3088
assoc,-15.6593,135.9643
assoc,-6.6894,21.4481
sig,-6.9879,123.3717
assoc,6.0685,97.9753
sig,-11.8098,111.5297
assoc,6.9847,343.2546
sig,5.5267,82.2591
sig,-0.8575,15.6510
assoc,2.4726,129.7226
assoc,6.1033,292.0084
assoc,-15.5413,46.6611
assoc,9.0448,252.1906
assoc,7.2573,246.3383
assoc,9.4401,248.5284
assoc,-20.4778,140.9930
sig,-12.6409,124.3882
sig,0.7192,9.3338
assoc,10.9072,132.6463
assoc,-2.0696,22.7839
assoc,-2.4792,146.5199
sig,0.5052,21.2174
sig,-1.9401,20.5824
assoc,4.5765,284.0302
assoc,20.1755,321.2441
sig,-7.1964,114.7602
assoc,-9.3293,64.0813
assoc,24.3609,313.9871
assoc,2.1024,119.7640
assoc,4.6415,78.8209
sig,-18.4701,126.9796
sig,-14.4516,127.4180
sig,-22.2561,45.5115
sig,-0.1597,20.4161
assoc,-12.8051,120.2815
sig,2.5752,6.8419
sig,-14.5518,65.4913
sig,6.7205,113.0849
sig,6.7202,113.0852
assoc,-4.9944,153.1692
sig,-0.9852,11.3439
assoc,-4.0975,103.3412
sig,-3.6342,123.1061
sig,-18.3373,147.2341
sig,-6.2060,145.8428
sig,6.7688,104.8726
sig,-20.0443,137.1147
sig,-19.3522,137.9413
assoc,-15.0143,45.7795
assoc,-18.8054,126.8150
sig,-13.2319,140.7239
assoc,5.9341,121.8621
sig,-4.7736,132.2767
assoc,-14.5328,65.3668
assoc,4.2360,285.3127
sig,-6.3649,194.4923
sig,6.4858,165.7575
assoc,2.9630,169.2077
sig,-0.4366,26.8774
sig,3.6615,285.8274
sig,-16.8937,144.7512
assoc,1.4561,4.7884
assoc,-14.3195,127.3314
sig,-10.7161,125.9749
sig,-15.4324,126.9208
sig,-19.3398,200.1285
assoc,-14.7451,187.5264
sig,-0.1457,24.2224
assoc,-13.2335,128.4610
sig,-14.4810,125.8546
sig,-23.6522,63.9182
sig,-18.1137,28.7743
sig,-12.3193,117.2754
sig,-11.0090,118.6365
assoc,-20.0051,128.9176
assoc,-25.6423,117.5487
sig,-17.3707,15.7778
assoc,-18.9431,122.0815
assoc,13.9075,255.1287
sig,-25.0681,45.5209
sig,-19.7584,145.3647
assoc,-18.2702,147.1156
assoc,1.7603,115.0045
assoc,-16.0113,44.4977
sig,-17.6108,18.4279
sig,-14.2817,22.1170
assoc,-21.3988,202.5653
sig,-21.8902,174.8644
assoc,-24.8248,21.5698
assoc,-13.9646,54.8094
assoc,-1.1122,15.1288
assoc,6.6096,354.3331
sig,2.9949,7.2503
assoc,-15.0170,65.8039
sig,-15.6879,133.8309
assoc,-6.7068,143.1451
sig,-15.3888,37.0795
assoc,-0.0115,2.0727
sig,-2.5730,4.5539
assoc,-22.2924,118.7409
assoc,-10.3786,44.6488
assoc,-22.3698,224.0084
sig,-20.6156,124.7408
assoc,2.6087,339.3109
assoc,-22.3620,146.1754
sig,-2.0498,145.6222
sig,-10.4369,34.2265
assoc,-8.6134,148.0343
sig,-10.7937,126.8965
sig,-6.9844,106.4685
assoc,15.7883,143.8538
assoc,3.3449,11.3594
sig,-21.9529,29.3281
sig,-22.5112,30.0385
assoc,1.0254,98.1555
sig,-4.5170,143.9876
sig,-4.7898,144.2545
assoc,-1.7949,117.0697
sig,-2.5366,113.7467
sig,-5.7553,116.8903
sig,2.3812,343.5920
sig,-4.5152,156.1281
assoc,-3.2170,98.0557
assoc,-13.2702,205.2337
sig,-17.6080,40.3171
assoc,-9.9592,131.8268
sig,-4.6488,144.1308
sig,-15.3866,170.6033
sig,5.4476,94.3478
assoc,-25.4418,236.2377
assoc,-2.4852,137.9810
sig,-3.9280,115.1150
sig,-7.9559,119.0870
sig,-14.3410,167.6995
sig,-17.7838,42.5311
sig,7.6622,99.7714
sig,4.2110,6.0933
assoc,0.7728,98.4295
sig,-2.1237,291.3497
assoc,-1.0711,120.4430
sig,-2.3409,18.0396
sig,0.1949,20.4953
sig,-19.8442,214.0639
assoc,10.4185,125.3217
sig,-2.3555,113.6060
assoc,11.4087,249.7164
sig,0.7584,110.6189
assoc,6.8525,80.3973
assoc,-10.8468,49.2526
assoc,-15.7831,141.9161
sig,-5.5101,157.1738
assoc,-3.9568,121.6908
sig,2.8853,6.9790
sig,-2.9176,126.3350
sig,1.5532,356.6189
sig,-12.3207,127.6724
assoc,-14.3154,56.9796
assoc,-1.6999,111.7708
assoc,10.5253,99.5315
assoc,9.4136,1.3192
sig,-10.8860,50.0871
sig,-10.2836,50.7050
sig,-1.9748,109.2711
sig,3.9325,84.8897
sig,-12.9911,43.8547
sig,-15.2272,17.1821
sig,-2.6153,4.7415
assoc,10.5316,83.3888
sig,-8.9971,15.6295
sig,13.4292,102.0768
assoc,-15.6047,170.5036
sig,-1.7696,8.0145
sig,-13.5596,132.3045
assoc,-25.3813,186.8497
sig,0.0385,117.5881
sig,1.0772,17.4808
assoc,2.4928,14.8176
assoc,-0.3802,225.1536
sig,2.1780,101.3318
assoc,-8.8058,19.9642
assoc,-4.8487,152.6547
sig,25.9878,271.6157
sig,-3.4958,21.1752
assoc,-11.4635,102.6849
sig,2.5264,157.6655
assoc,-9.5451,145.2245
sig,5.1333,114.5295
assoc,-12.7094,144.4574
sig,-4.4122,101.2215
sig,4.7799,37.3415
assoc,-15.0055,118.6131
assoc,6.4063,277.5941
assoc,-14.9727,134.9369
sig,-4.0831,97.5091
assoc,6.0706,293.4647
sig,-3.0689,98.4145
assoc,3.7126,266.8834
assoc,10.7282,250.7014
assoc,16.7034,251.9639
sig,4.0462,93.2987
sig,12.9230,147.3090
sig,-8.9104,116.3528
sig,0.3573,101.8906
assoc,10.5166,253.4922
sig,-1.2206,3.6529
assoc,1.6717,2.0543
sig,7.2731,274.5028
sig,-2.1886,113.8424
sig,-2.5060,114.1504
sig,0.9466,13.7285
assoc,5.4039,272.3186
assoc,-1.8449,36.6676
sig,8.4897,285.4623
assoc,10.5070,253.5674
sig,5.8266,79.0017
assoc,-9.3075,84.4319
assoc,6.7515,75.8856
sig,10.0108,50.8581
sig,2.0736,12.7219
sig,0.4125,30.5384
assoc,-4.6370,11.1747
assoc,0.9681,54.1235
sig,6.9913,274.3932
assoc,8.3949,4.8116
assoc,-9.7396,152.8655
assoc,3.5116,68.7752
sig,3.5682,68.8303
assoc,3.3232,109.0729
assoc,0.0862,128.0244
sig,5.3057,98.6792
sig,4.8692,252.1597
sig,5.6023,252.8790
assoc,11.7347,259.0577
assoc,3.5542,125.5101
sig,24.2859,124.0563
sig,20.0193,123.4848
sig,7.3949,100.9918
sig,-5.7869,145.9225
sig,-3.1415,115.0394
sig,8.4551,93.9984
sig,-9.3009,20.0254
sig,1.9860,102.0160
sig,3.1615,28.0650
sig,-2.9430,33.9820
assoc,13.0023,111.2237
assoc,-6.1615,130.1820
assoc,5.4962,273.1248
assoc,-14.6461,17.5531
assoc,-12.2405,134.2831
assoc,-6.9204,115.4198
sig,-1.2878,23.8503
assoc,-16.4397,198.5253
assoc,12.3508,81.8817
assoc,0.4841,115.6595
sig,-18.4654,265.0003
assoc,-10.7807,200.5448
sig,9.8233,123.7840
sig,7.3535,97.0343
sig,-6.5112,59.2366
sig,-24.4281,65.7482
sig,-22.9670,85.5794
sig,-22.9661,85.5806
sig,13.2791,119.3206
assoc,11.7249,238.0440
sig,-4.8358,145.8817
assoc,10.9288,283.3799
assoc,6.2244,11.0324
sig,0.7503,99.3009
sig,23.2927,260.5163
sig,-5.9114,132.7488
sig,-1.0184,109.2252
sig,12.6190,264.3473
sig,14.7506,266.6236
assoc,8.2277,162.7771
assoc,17.3256,110.7593
sig,-4.0736,122.4751
assoc,13.1644,256.9011
assoc,-3.0901,22.3342
assoc,11.7422,271.6008
assoc,11.2827,246.7986
assoc,11.9507,124.7651
sig,16.8723,273.1145
assoc,-11.6756,147.2965
sig,8.2049,259.9449
sig,16.3438,281.8682
assoc,14.4636,255.6394
assoc,13.1399,257.0548
assoc,6.0557,249.7592
sig,3.4605,283.0237
sig,8.6639,78.4588
sig,15.1863,101.1982
sig,14.0061,79.9706
sig,24.3656,86.1097
sig,14.9284,69.1630
sig,18.6949,255.0484
sig,4.3440,276.4982
assoc,11.5212,283.6907
sig,16.6198,83.5208
sig,10.1046,280.5839
sig,8.6442,282.0627
sig,8.0920,282.6166
sig,7.7367,29.1180
sig,4.7137,112.0567
sig,8.1840,243.9516
sig,22.2224,89.0546
assoc,5.2750,10.4084
sig,21.0968,84.1982
assoc,20.0276,87.7467
sig,12.7386,23.1013
assoc,11.6528,287.1696
sig,10.1050,118.8859
sig,10.2566,282.5187
sig,2.4201,21.3718
sig,3.4282,81.1342
assoc,9.8648,281.1016
assoc,7.1545,283.8249
sig,13.3632,273.4461
assoc,6.5356,280.4168
sig,-10.0953,175.3880
assoc,11.0863,126.1992
assoc,-6.5842,95.0389
assoc,13.8441,119.2834
sig,7.6502,125.6594
sig,8.6991,266.1963
sig,10.9932,284.1085
sig,7.7819,283.3418
sig,19.5998,260.7151
sig,9.7391,277.3507
sig,1.6923,305.5398
sig,21.5419,260.2077
assoc,14.7450,271.4397
sig,17.1500,164.3290
assoc,20.0258,181.2221
assoc,25.3594,307.8745
assoc,8.4339,265.0372
sig,-8.9475,93.6756
sig,2.3102,60.8587
sig,10.0322,281.3765
sig,4.5625,103.5525
sig,9.6912,274.5052
assoc,14.5344,255.2997
assoc,1.1636,19.1587
sig,4.9551,282.0070
sig,25.1865,296.2213
sig,22.6693,200.2314
assoc,4.0771,273.1131
assoc,7.3204,276.2335
sig,4.1544,22.4792
sig,7.0481,106.6293
assoc,16.3685,281.9188
sig,15.6684,135.5379
sig,6.5180,281.2159
sig,5.6786,282.0437
assoc,18.2324,280.0190
assoc,20.8180,258.8276
sig,-7.6620,156.7309
assoc,5.8463,279.2005
assoc,23.7718,286.4405
assoc,15.1137,106.8183
sig,6.8193,25.4372
assoc,1.0668,282.7450
sig,13.9056,265.7981
assoc,9.7198,270.1571
sig,7.5546,22.1521
sig,0.9576,278.6229
assoc,9.4277,286.9618
assoc,18.0837,281.4152
assoc,23.2778,177.9764
sig,-16.7640,159.5542
sig,7.0318,119.2186
assoc,9.8215,282.2764
assoc,9.3469,278.7432
assoc,6.7571,281.3348
sig,-8.8983,175.3115
sig,18.7379,183.8790
assoc,9.1921,274.8856
sig,12.5727,267.3915
sig,10.9263,284.6487
sig,6.4090,285.8759
sig,9.3457,113.0677
assoc,6.5100,277.7477
assoc,22.4790,187.4008
assoc,21.7635,188.3089
assoc,17.4016,275.5689
sig,12.4968,267.6532
sig,14.9790,268.8582
assoc,19.6964,274.2283
sig,24.3633,81.9988
assoc,19.7153,105.9760
assoc,7.5496,277.3961
assoc,23.2773,125.0721
sig,21.1608,282.3035
assoc,21.5149,257.5962
sig,15.8894,264.1870
assoc,23.7650,89.4088
assoc,22.9622,158.6824
assoc,9.4878,263.2893
assoc,5.3299,109.5343
sig,0.3980,290.8499
sig,-2.5889,165.6357
assoc,25.5754,276.6745
sig,24.3907,278.3115
sig,7.7892,285.0664
sig,15.5236,252.7400
sig,7.8034,353.8394
sig,15.7589,268.7235
sig,7.0540,277.7740
assoc,10.1902,270.6069
sig,15.6929,260.7725
sig,8.9241,21.1878
assoc,19.4088,145.1097
sig,11.9610,277.0016
sig,23.9891,283.2585
assoc,5.8945,284.5778
assoc,20.2160,275.6407
sig,13.7090,288.5390
assoc,6.4186,120.9695
assoc,14.6820,281.5681
sig,25.9953,106.8218
sig,13.5622,268.3388
sig,13.5623,268.3390
sig,2.1599,159.8133
sig,0.4237,106.7687
sig,9.3356,284.2179
assoc,24.4818,127.6997
assoc,17.0119,163.0286
assoc,13.3861,292.1826
assoc,20.4636,37.7183
sig,17.8009,103.3735
assoc,24.3079,153.9142
sig,20.4391,268.3358
assoc,14.9498,270.4692
assoc,23.7142,118.8800
assoc,11.3048,270.4230
sig,12.4993,271.6676
sig,5.8329,8.8899
assoc,22.5861,157.9256
assoc,13.7722,279.9846
assoc,17.7900,119.8393
assoc,14.6697,206.2162
sig,1.5135,293.2125
sig,3.5818,295.2214
assoc,15.2890,137.2980
sig,11.4161,274.7731
sig,11.4706,295.0912
sig,0.2191,18.5949
sig,19.5694,134.1654
sig,11.4572,270.4034
sig,-2.0555,14.8052
sig,8.9716,99.0680
sig,-2.2491,110.0469
sig,17.8694,279.6948
assoc,8.9687,285.1981
sig,8.0272,286.1435
sig,4.5009,9.1491
sig,12.8697,111.3114
sig,5.8257,103.5135
sig,-4.9429,100.6573
sig,2.0685,95.8409
sig,14.0381,298.0292
assoc,17.9809,336.3486
assoc,20.4726,280.8664
sig,16.4685,268.4123
sig,8.6790,280.4611
assoc,13.4846,66.3697
sig,5.6840,21.7701
assoc,-7.6574,159.3930
sig,10.3910,294.4532
sig,12.8856,269.3967
sig,0.9222,18.1660
sig,19.1185,68.3316
sig,9.2223,285.4346
assoc,7.7552,109.9167
sig,21.2582,286.5435
assoc,9.0457,350.4057
assoc,-6.0035,146.7297
assoc,9.9484,294.2531
assoc,2.3878,110.3027
sig,13.1458,285.6348
sig,12.3735,286.4486
sig,-0.3012,299.0384
assoc,10.4281,118.5962
sig,6.6774,122.3679
sig,4.5854,124.4260
assoc,-10.6874,18.0917
assoc,21.6254,146.5993
sig,-3.2932,148.3353
assoc,19.0290,259.8424
assoc,10.5507,276.3326
sig,15.2793,267.3323
sig,14.3845,74.1681
sig,-7.2518,22.8853
sig,13.1451,265.6292
assoc,20.4824,136.0088
assoc,14.3731,118.7169
assoc,24.9538,279.6309
sig,25.5855,266.9444
assoc,14.6279,280.3061
sig,13.6129,257.1305
sig,-1.7550,292.7046
sig,-0.8676,20.9058
sig,12.6103,79.1423
sig,22.3812,324.0364
sig,8.6673,290.7723
sig,4.1463,101.1111
assoc,4.4341,290.9642
sig,3.3899,291.9828
assoc,5.5423,128.7933
assoc,21.4142,268.7261
sig,6.1630,125.4065
assoc,10.6702,129.9334
sig,-2.1607,20.2458
assoc,15.7173,276.8886
assoc,7.7220,1.6215
sig,9.1823,3.0873
assoc,11.3541,5.3067
sig,19.0775,308.0930
assoc,-2.7587,145.2766
sig,-8.3715,154.1436
sig,-1.1879,288.3998
sig,1.3559,120.9975
assoc,8.9193,128.4340
sig,0.8469,165.0392
assoc,-5.5760,106.2670
sig,0.9027,112.5647
assoc,12.2654,144.1426
sig,4.2248,111.7949
assoc,8.2072,0.5887
sig,8.4567,111.9820
assoc,11.4330,305.1473
sig,-0.5390,10.3929
assoc,8.8494,282.5275
assoc,-3.6367,120.7274
sig,-6.8545,112.9671
sig,11.4356,70.6965
sig,9.6803,286.9018
sig,15.1861,62.7175
sig,9.3320,133.7158
assoc,9.5485,347.8499
sig,-12.9148,127.9561
assoc,-8.6051,191.8098
sig,-11.6966,122.1675
assoc,8.2033,286.4615
sig,-14.3730,142.6779
assoc,3.4801,99.2203
assoc,16.2629,133.3530
assoc,20.7482,138.5811
sig,-7.0244,146.0032
sig,-2.9899,105.9760
sig,5.0948,77.6788
assoc,-4.5648,14.2642
sig,18.4347,160.3961
assoc,-8.7375,196.5596
sig,-4.0945,139.4439
assoc,-13.5532,192.7043
sig,-2.6101,182.5395
assoc,3.5557,103.7643
sig,-1.3015,7.4141
sig,8.8721,260.3902
sig,-9.4936,132.8263
sig,-10.9928,110.0917
assoc,-16.0228,149.7959
assoc,0.7228,45.3885
assoc,-6.5441,155.6501
sig,9.8858,101.7902
assoc,8.4040,103.2876
sig,2.0600,281.3615
sig,-12.0678,168.0389
sig,-14.0933,135.9400
assoc,-1.0868,120.7504
sig,-11.9522,37.1491
sig,-14.3050,29.1221
sig,-15.5430,26.4791
assoc,-3.5531,107.3029
assoc,2.0974,29.0226
assoc,0.2334,150.6126
sig,1.1331,25.9663
sig,-5.2408,137.3134
sig,11.7234,246.1363
sig,-14.1964,122.4032
sig,-15.1049,123.3876
sig,-15.9571,162.8227
assoc,-0.5821,27.9527
assoc,-13.8259,130.3132
sig,-14.1577,51.7689
sig,-15.7641,46.0309
assoc,-0.3769,106.1492
assoc,-17.0619,49.1000
assoc,-4.3651,122.5534
assoc,0.5487,168.8035
assoc,-21.4959,22.1143
sig,-19.4330,136.9471
sig,-13.3108,150.0748
assoc,6.6185,72.7504
sig,-17.3740,126.5822
sig,-4.8446,150.6788
assoc,-11.5912,46.8412
assoc,-2.0044,106.7968
assoc,-3.2416,120.0029
assoc,-5.8918,151.1489
assoc,-1.6657,25.6948
sig,-17.2291,125.8453
sig,-6.1570,157.7050
sig,-12.4366,26.0225
assoc,-6.0097,149.8772
assoc,4.2499,101.0825
sig,-15.1781,132.4589
assoc,-22.0886,51.5674
sig,-21.3195,28.2653
sig,-11.6112,51.4974
sig,-17.0503,151.1841
assoc,-4.4662,105.9151
assoc,-11.0368,112.4843
sig,-10.7253,128.8266
assoc,-20.6738,232.9449
assoc,3.0735,357.8769
assoc,-13.9632,197.0499
sig,-19.9301,130.9990
sig,-10.0207,95.8732
sig,-4.1212,110.2911
assoc,3.8849,98.5393
assoc,-5.5283,59.1510
sig,-4.6155,26.0252
sig,-4.6156,26.0252
sig,-3.8737,21.3186
assoc,-7.0996,117.9432
sig,-2.8165,16.6772
sig,-8.5416,22.3186
sig,-14.5514,28.5640
sig,-18.8993,126.5366
sig,-18.4622,28.9614
assoc,-16.8647,140.4995
sig,0.7932,98.2971
sig,-5.3797,116.0994
sig,-0.0905,161.8122
assoc,-5.0333,108.4794
sig,2.6562,91.6792
assoc,-11.4750,143.0320
assoc,-5.4225,3.0749
sig,-9.4314,39.8916
assoc,-4.4830,145.6082
sig,-5.4586,116.4071
assoc,-0.2924,121.4325
assoc,-11.0218,13.7626
assoc,-15.6064,131.5115
sig,-2.5278,111.3088
assoc,2.3048,133.7981
assoc,-2.5169,114.2032
sig,-7.7624,119.3548
sig,-11.9777,118.1834
assoc,5.6865,155.8830
assoc,-12.6685,146.0940
assoc,-5.5673,149.3054
assoc,1.6919,107.8299
assoc,-16.2662,39.9341
sig,-13.9969,177.2956
sig,1.8696,168.8602
assoc,-15.8827,49.9405
sig,-1.9291,15.6131
sig,-0.4999,13.0194
assoc,0.2492,276.6822
sig,-18.7519,38.7221
sig,-17.7975,39.8275
assoc,-19.7180,203.4533
sig,-8.9498,133.6623
sig,0.6459,289.3972
sig,17.3927,136.6829
assoc,-18.9090,184.9695
assoc,5.9628,290.5998
sig,-1.0940,279.7567
sig,-17.6729,20.0793
assoc,-3.0559,358.9754
assoc,-6.7924,354.6888
assoc,7.0871,90.0436
assoc,5.0413,76.2507
sig,-4.4605,12.6842
sig,2.9584,268.4319
sig,2.9583,268.4320
assoc,-9.1158,135.0430
sig,-7.7341,136.4299
sig,-12.4045,33.0219
assoc,-2.3093,140.2869
assoc,-1.8641,281.4726
sig,-4.4787,110.1870
assoc,-5.0462,110.7424
sig,-6.1556,255.7622
sig,-3.6555,351.3013
assoc,-9.8327,53.9953
assoc,5.0065,287.5715
sig,1.4822,291.0022
assoc,-12.7200,200.9972
assoc,-10.2425,179.3019
assoc,-4.9900,111.7527
sig,-4.9111,346.5336
assoc,-2.7423,351.9958
sig,5.0590,101.7730
sig,3.8640,5.8793
sig,-2.9873,12.5242
sig,-7.1130,16.5725
sig,-1.0745,103.6472
assoc,-13.2044,212.9506
sig,1.8273,9.3951
sig,6.4878,286.5398
sig,2.0617,290.8676
assoc,-12.1944,11.8414
sig,-2.0695,115.0336
assoc,-16.4990,217.6328
sig,-3.7081,133.7357
sig,6.0158,114.9541
sig,6.6631,359.5916
assoc,6.0822,0.1658
sig,-5.2914,19.6174
sig,-12.2095,26.5983
sig,0.0149,12.5031
assoc,-11.5838,45.5784
sig,2.9220,201.4964
sig,-3.9694,10.3848
sig,-15.7015,212.5542
assoc,-13.2609,205.9463
sig,-8.0744,51.0554
assoc,1.4080,301.5157
assoc,-2.7123,140.0344
sig,0.0110,280.3236
sig,2.8200,283.0457
sig,10.3949,98.2262
sig,1.6613,5.8381
assoc,-1.1604,28.6114
assoc,7.6708,283.1923
assoc,5.5906,285.2513
assoc,-3.0988,220.8986
assoc,-7.9804,31.5827
sig,-6.3231,15.6373
assoc,-2.1217,15.7767
sig,-3.8670,68.1238
sig,-2.5643,11.3797
sig,-2.3454,11.5923
assoc,21.8284,275.6052
assoc,21.8285,275.6053
sig,-2.4173,128.8782
sig,0.4266,10.3100
assoc,-3.8839,123.4839
sig,1.2961,293.8686
assoc,18.8933,118.5230
sig,8.4397,137.3051
sig,24.7417,121.9450
assoc,-4.6149,17.7769
assoc,25.7206,264.9224
assoc,-1.2161,114.5531
assoc,11.3359,268.1874
assoc,-6.9995,108.3114
assoc,-0.5623,122.3273
sig,5.0838,282.7294
sig,8.4987,348.1710
assoc,-8.4853,103.5423
assoc,12.5030,267.3123
sig,10.3032,0.6888
assoc,7.3267,260.6295
assoc,6.7538,269.1942
sig,3.0335,13.7739
sig,-3.3410,145.2524
assoc,9.2207,258.8013
sig,-5.6579,152.0357
sig,-9.2834,155.6470
sig,7.3793,30.4147
sig,5.9341,97.8153
assoc,13.0894,291.4450
assoc,18.5929,107.2224
sig,-4.1448,134.7047
sig,7.9599,25.8346
assoc,2.1438,106.4892
assoc,3.4723,123.3534
assoc,8.9574,279.8558
sig,3.9577,66.4219
sig,-5.3800,111.5577
assoc,3.3742,107.5981
assoc,8.1668,98.9133
sig,4.5514,5.4279
assoc,9.8085,263.1446
sig,5.6809,98.5483
assoc,8.0711,100.9184
sig,5.6980,70.3399
assoc,20.7927,113.8489
sig,20.3323,90.1449
assoc,19.2024,274.8018
sig,6.5986,295.0774
assoc,6.8796,277.9978
sig,12.1936,283.3940
sig,-0.7754,100.6928
sig,25.0631,294.6505
sig,0.6813,26.0180
sig,2.0300,99.4485
sig,24.8770,112.6714
sig,18.2580,89.1346
sig,0.5295,107.3808
sig,-7.6677,98.4162
sig,22.6351,291.9192
sig,15.8533,259.6038
sig,16.7802,90.7953
assoc,6.5954,270.3033
sig,13.0835,276.9169
assoc,23.4042,281.3749
sig,21.5506,112.7817
sig,22.0437,113.2850
assoc,-5.4018,93.3417
assoc,-4.4576,106.0494
sig,14.4835,263.7000
assoc,4.4794,269.9330
assoc,4.8934,261.6084
sig,9.6859,346.7041
assoc,21.5879,262.8778
sig,12.0944,126.8507
assoc,7.3566,263.6525
assoc,22.5734,86.3699
assoc,3.7262,101.3271
sig,17.4600,266.3902
assoc,3.6379,218.7736
sig,5.4310,285.8538
sig,-10.7853,181.4536
sig,5.6290,193.6213
sig,12.4790,269.3858
sig,14.1593,265.0708
assoc,7.3453,284.4585
assoc,13.3050,136.7481
sig,9.5960,282.2173
sig,18.1845,162.7628
sig,22.0024,284.7317
sig,16.7731,145.3546
sig,6.1261,103.9644
assoc,7.5792,341.2040
sig,6.9844,341.7953
assoc,8.6993,282.3634
sig,14.8641,256.9122
sig,2.7215,33.8332
sig,8.1520,14.9120
assoc,-2.5793,104.5133
sig,3.6368,114.8392
sig,1.6139,116.8035
assoc,12.7506,271.5658
assoc,5.4451,263.2942
sig,9.6825,267.5216
sig,8.1600,282.3346
assoc,3.4751,196.2242
assoc,-4.4179,58.2955
sig,-10.7894,158.7212
sig,9.1197,344.2177
assoc,4.2888,90.4618
sig,-2.9109,93.4887
sig,-4.3048,135.4641
assoc,5.3995,101.7716
assoc,14.8061,168.4392
assoc,-15.6433,191.6593
sig,7.1412,282.2939
sig,-13.8594,153.5923
assoc,12.7236,264.7317
assoc,3.9390,279.2120
sig,7.5439,282.7618
assoc,7.9313,283.1484
assoc,10.8587,355.8105
assoc,9.3257,276.6378
assoc,13.2117,349.4938
assoc,5.1060,114.9811
sig,13.7073,277.2287
sig,2.9390,20.0367
assoc,23.9221,261.0749
assoc,20.1872,272.6924
assoc,11.0543,190.2481
assoc,6.6626,121.8879
sig,-4.2446,98.0062
assoc,9.3458,273.2362
assoc,25.0313,137.7574
assoc,3.5142,283.8208
assoc,6.1829,286.4347
assoc,5.1979,281.5119
sig,10.9774,263.0383
sig,23.9691,83.9239
sig,15.1089,117.8807
sig,-13.4550,182.3260
sig,17.4968,258.2111
assoc,6.1933,280.8600
assoc,24.0938,281.1935
sig,14.5106,271.2585
assoc,16.6695,265.7278
sig,-17.9619,56.5786
sig,-17.9594,56.5814
assoc,10.5563,277.0148
sig,8.0675,275.5808
assoc,2.5650,114.1440
sig,4.1995,281.6246
assoc,21.9958,276.5543
assoc,24.1400,279.3492
sig,12.5324,263.1054
sig,3.3913,301.1490
sig,15.4661,256.0039
sig,-7.0298,157.1570
assoc,-3.1284,92.9401
sig,9.6108,270.6166
assoc,13.6984,104.9780
sig,3.3396,289.7824
assoc,22.2500,285.8776
assoc,24.9507,176.7032
sig,11.9454,277.2240
sig,18.0784,96.7309
sig,15.2256,274.2218
sig,15.3585,250.1018
assoc,16.7827,178.8955
assoc,1.9323,279.2989
sig,21.7271,277.8570
sig,25.6666,279.1436
sig,10.5036,262.9116
sig,1.2690,33.8266
sig,5.3093,284.4701
sig,19.1168,182.1344
sig,19.1173,182.1350
assoc,20.7670,308.5177
assoc,16.4153,265.0720
assoc,16.4316,344.9475
assoc,13.2373,313.1029
sig,18.4522,254.8535
sig,15.0401,271.1046
assoc,14.3229,146.6165
sig,5.9215,286.0636
assoc,18.9829,283.0121
assoc,9.7822,285.9733
assoc,16.4269,268.7611
sig,7.2297,20.7553
sig,10.4258,353.2727
sig,10.1060,353.5996
sig,-14.4549,183.9579
assoc,-15.1907,184.7572
sig,11.9458,276.3501
sig,11.7151,275.2066
assoc,14.0094,153.2680
sig,21.5132,284.4622
sig,9.0818,298.2160
sig,-2.2506,139.4676
assoc,19.8854,277.2767
sig,25.9548,260.9186
sig,19.2342,283.2812
sig,25.1895,81.5704
sig,17.9463,66.4104
assoc,17.7389,141.6026
sig,20.2008,270.2792
sig,24.2274,87.4076
sig,15.6392,284.0007
sig,3.3475,296.5590
assoc,18.2850,268.0703
assoc,-8.5194,16.9917
assoc,-8.5195,16.9917
sig,17.3817,145.7214
sig,18.8405,147.4050
assoc,20.5390,153.0725
assoc,5.8060,286.2566
assoc,14.7027,114.5401
sig,18.1607,151.9450
sig,-9.0022,179.4256
sig,3.9568,293.7593
assoc,11.3082,107.0041
sig,4.5526,27.4479
assoc,14.0508,152.5670
sig,-5.7290,159.0871
sig,-4.1110,160.6719
assoc,19.2785,288.3223
assoc,-1.7709,285.7282
sig,-2.0450,285.9940
sig,14.3886,148.2568
assoc,14.1457,148.5184
assoc,-15.6957,169.1181
sig,-13.3899,171.6119
sig,-8.4139,176.7378
assoc,5.3207,283.2568
sig,10.8019,288.7475
assoc,14.8392,268.7427
assoc,-9.5230,147.4137
assoc,14.6817,288.8915
assoc,11.2729,285.2836
assoc,14.2375,70.0480
sig,22.9801,102.0596
sig,-11.2729,161.9952
assoc,-8.6050,164.7122
assoc,3.3999,144.2878
sig,7.5421,75.5726
assoc,12.5723,76.7631
sig,21.5220,88.1333
sig,14.6174,119.5807
assoc,17.0899,263.9437
sig,12.1012,281.0674
sig,18.3796,261.4767
sig,-3.8427,20.4918
sig,21.9071,310.3239
assoc,8.2721,101.1650
sig,9.5093,102.4119
sig,13.7104,272.6681
assoc,14.5452,127.9908
sig,-0.7348,11.1174
sig,7.2241,72.1981
assoc,21.5786,173.8788
sig,17.4452,261.0052
sig,-9.0110,137.2912
sig,-3.8824,142.3672
assoc,5.5137,285.2426
sig,6.6112,121.9419
sig,5.2941,123.2396
assoc,7.0596,97.2337
sig,7.7877,23.7162
assoc,25.6000,266.2115
assoc,12.3991,281.9626
assoc,7.0106,287.4437
sig,-10.7141,18.7875
sig,-2.1370,126.5131
assoc,0.8009,98.9873
sig,6.4019,104.4517
sig,0.1510,118.6767
sig,14.7069,77.5154
sig,13.1733,273.3035
sig,-1.1932,16.3800
assoc,7.9679,118.4412
assoc,1.0461,14.6050
sig,8.7350,120.4379
sig,11.7287,283.2773
assoc,-0.2347,292.6915
assoc,2.8862,295.7162
assoc,7.3191,300.0679
assoc,10.3334,109.0058
sig,15.1294,114.0640
sig,12.4142,349.8437
sig,11.5930,101.7604
sig,11.6260,143.0985
assoc,18.0838,256.6491
sig,13.9399,261.2478
assoc,13.6842,257.5819
sig,7.4334,349.2330
assoc,18.8506,264.2631
assoc,-4.3605,21.0491
assoc,24.5582,152.1484
assoc,10.4058,285.8972
sig,-2.6722,121.7345
assoc,-7.8281,43.8799
assoc,2.3075,5.2449
assoc,2.7307,22.6790
sig,1.2261,97.3103
sig,25.0356,50.6271
sig,7.7269,6.6255
sig,4.0982,13.4711
assoc,1.4363,186.6831
sig,-0.3224,23.6553
sig,6.8345,112.4051
sig,-6.2211,28.0792
assoc,-5.9157,135.5849
assoc,-21.7416,45.6071
sig,-1.4254,19.4609
assoc,-7.9153,25.8240
assoc,-4.9733,11.2614
sig,-17.9511,48.9341
sig,3.0353,7.2251
sig,20.8072,126.1126
sig,-13.8722,12.2783
assoc,12.8795,130.5503
assoc,11.5433,80.6297
assoc,0.0096,113.7975
assoc,0.6120,296.6725
assoc,13.3873,276.8170
sig,1.4211,2.3729
assoc,23.4036,261.1587
sig,3.5129,117.8476
assoc,3.9609,126.8092
assoc,-9.8999,109.2915
sig,7.2550,97.9212
sig,3.8312,110.9488
assoc,7.8167,280.7745
sig,-0.5218,127.0554
sig,-14.6373,133.1822
assoc,2.0102,101.3117
sig,-16.4470,127.2576
assoc,-3.4019,116.3941
assoc,4.3138,123.8798
sig,-5.7576,134.4176
sig,-4.1413,136.0015
sig,-5.8331,139.7900
sig,-14.8992,44.3739
assoc,4.7137,340.0283
assoc,6.3382,116.1408
assoc,-13.5105,38.7573
assoc,-9.9097,110.5989
sig,-11.7287,35.9404
sig,6.4326,350.8025
sig,6.1750,351.0569
sig,-11.5812,8.5383
assoc,5.6133,121.8813
sig,-2.2283,19.5565
sig,-4.6260,107.9936
sig,-10.3562,23.6741
sig,-16.8775,18.5831
sig,-14.3174,21.4022
sig,-9.8597,26.0625
sig,-8.0330,27.9052
sig,-9.7860,119.2538
sig,-5.5949,123.4385
assoc,-12.3122,19.5984
assoc,10.8189,278.2096
sig,-3.3294,20.7377
assoc,-9.1954,55.2911
assoc,2.4037,137.0589
sig,-12.4994,54.7596
sig,-10.2066,121.2469
assoc,6.1016,80.9893
assoc,-6.2006,127.4402
sig,-3.3011,130.2800
sig,-2.2211,157.9385
sig,-7.1019,114.1939
sig,-13.2832,120.5160
sig,-8.2478,107.4763
assoc,-8.8139,108.0449
assoc,-12.8567,133.1407
sig,5.8570,283.8703
sig,-9.9686,129.5462
sig,-14.2425,127.7323
sig,-14.1097,127.8752
sig,-1.9461,113.7594
sig,-14.6699,126.6149
sig,-6.7668,21.4226
assoc,15.6338,254.1247
assoc,-10.9631,131.8571
assoc,-7.0087,168.6516
sig,-9.9825,141.4033
assoc,-8.1346,129.0605
sig,-16.3487,36.7055
assoc,-13.5032,125.9519
sig,-13.2377,126.4466
sig,-17.7993,34.4161
sig,-19.4933,125.5857
sig,-12.6962,20.9653
sig,-14.8772,43.6288
sig,-10.1498,40.9432
sig,-11.1450,132.8018
sig,-6.7297,31.2937
assoc,-14.5586,39.3538
assoc,-14.0442,131.9213
sig,-21.0417,115.6724
assoc,-15.5824,153.9246
sig,0.1829,112.1191
assoc,-4.3102,138.4403
assoc,-8.3867,148.3249
sig,-11.2457,141.4891
sig,-6.0329,146.7366
assoc,7.6399,228.9285
sig,-10.9057,40.8639
sig,-8.5389,209.1699
sig,8.4367,68.4534
sig,8.0397,181.5084
sig,-1.2911,116.0190
assoc,1.5049,352.5347
assoc,-4.3885,157.6050
sig,-9.1651,31.5595
assoc,-20.3363,15.4143
sig,-1.2563,11.1521
assoc,-11.7401,119.0837
assoc,-8.0144,146.1725
assoc,-17.8064,131.8526
assoc,-7.3375,138.9948
assoc,-13.8374,31.3411
sig,-15.4005,139.1803
sig,-8.2413,15.2436
assoc,4.6908,120.0060
sig,-1.5232,28.9847
assoc,-13.0032,133.9072
sig,-12.7359,134.1892
assoc,-10.3704,136.6434
assoc,-21.1648,27.5850
sig,-14.6582,128.2103
sig,-12.5366,130.4727
assoc,-24.6991,192.0539
assoc,-7.7228,27.2094
assoc,-17.9182,220.3452
sig,-2.1556,82.7620
sig,-7.2327,39.2102
assoc,-16.9012,49.3536
sig,-4.9812,122.2685
sig,-14.5816,132.0720
assoc,-15.5009,133.0741
assoc,-18.1593,229.1893
sig,-13.1625,25.6245
sig,-11.8470,27.0059
assoc,-10.0854,42.8009
sig,-13.5055,46.3602
sig,-11.5205,140.8050
sig,-6.4658,108.0371
assoc,-7.8886,140.5730
assoc,-16.4414,86.3161
sig,-11.6352,45.1256
assoc,1.8323,5.2145
assoc,-3.3990,155.0165
sig,1.8403,101.4161
assoc,-1.6699,145.4945
sig,-9.2092,145.0774
assoc,0.9608,106.9220
sig,-17.8560,53.3577
sig,-7.6349,110.9048
assoc,-22.0256,236.7034
sig,-13.8950,124.8022
assoc,0.5340,107.1255
assoc,-4.4969,77.9823
sig,-7.3916,14.8387
assoc,-12.9687,134.3718
assoc,-7.3889,115.8149
assoc,-4.1563,94.7376
assoc,-5.7806,199.4958
sig,-12.1282,204.1143
assoc,-5.0862,28.9807
assoc,15.3145,198.7609
assoc,-4.7593,26.0328
sig,-1.3113,340.8639
sig,-1.3097,340.8654
sig,-12.5499,62.7818
assoc,-14.1777,105.6569
sig,-20.8239,25.2720
sig,-12.3510,233.5680
sig,-15.9122,132.6994
assoc,-2.6405,121.9818
sig,-21.8410,28.6795
assoc,1.2727,93.6772
assoc,-7.0394,105.9191
assoc,-13.7209,18.4487
sig,6.1527,96.9961
assoc,-6.3860,109.2116
assoc,-0.6390,100.4208
sig,-6.7153,21.7053
sig,-15.3036,130.2100
sig,-11.5116,134.2448
assoc,-10.3934,131.4794
sig,-5.3147,15.2523
sig,-8.7866,129.1935
assoc,-4.6337,213.1283
sig,-0.0897,87.4083
assoc,-2.1683,36.9807
assoc,-2.1709,127.8746
sig,-0.1069,129.8737
sig,-9.3198,15.9439
sig,-6.4541,111.9381
assoc,6.6568,101.9535
sig,-8.1258,25.7455
sig,3.3178,101.3128
assoc,-2.5627,147.7055
assoc,11.5290,275.4631
sig,-6.8327,15.2878
sig,-3.3129,120.2605
sig,1.4238,91.4097
assoc,-14.7627,83.3643
sig,0.3107,19.7021
assoc,6.6179,106.6870
assoc,-4.3691,117.3775
assoc,3.8256,260.4434
assoc,-3.2501,10.9743
sig,-24.0827,154.0467
sig,-17.8652,113.2121
sig,-15.2995,116.0872
sig,11.3357,260.0138
sig,2.4634,97.9024
assoc,3.2867,94.7895
sig,4.4766,348.2742
sig,4.4764,348.2743
assoc,17.0237,262.4969
sig,23.3702,84.9734
assoc,4.0769,9.0116
sig,-1.3337,9.7008
assoc,2.2166,70.2732
assoc,1.2690,64.9626
assoc,5.0354,20.5861
assoc,16.9942,112.9236
sig,-11.8168,190.3777
sig,3.5962,11.5010
assoc,-4.1831,107.1549
sig,7.0666,277.8669
sig,15.0591,116.3162
sig,3.3565,27.7123
sig,16.9945,122.5869
assoc,18.6177,278.4222
assoc,0.9930,304.8513
assoc,6.7999,129.3590
assoc,0.7639,135.2507
sig,-3.6229,18.1974
sig,9.3924,122.8590
assoc,-19.1071,220.7034
assoc,17.9001,275.7565
assoc,0.6667,268.5233
sig,10.4182,130.4540
assoc,20.7343,260.6828
sig,17.8182,264.1351
sig,22.6523,84.5490
sig,5.7532,253.9429
sig,21.3867,78.3396
sig,-10.5250,88.4968
sig,-10.5244,88.4975
sig,-10.5242,88.4977
sig,6.1922,14.2198
assoc,23.0724,281.6390
assoc,14.1556,305.8358
sig,10.0569,285.8600
sig,6.6334,22.4266
sig,8.8429,283.1854
sig,5.2175,16.0129
sig,4.2378,120.2682
assoc,1.4321,20.4988
sig,20.7141,68.2867
assoc,10.0510,267.7059
assoc,10.7936,147.1676
assoc,10.9951,265.3765
assoc,6.8215,280.9145
sig,4.5855,60.3739
sig,9.1649,8.5873
assoc,16.1599,278.9251
sig,2.2015,303.1072
assoc,10.2111,285.1572
assoc,17.9057,279.0795
sig,7.8006,289.8032
assoc,0.3773,297.0663
sig,5.1761,292.6798
assoc,17.8354,156.4537
sig,6.0302,95.5393
sig,15.7965,81.3812
sig,10.8083,198.3604
sig,-9.2442,96.8113
assoc,24.4080,146.6303
assoc,11.4166,32.6479
sig,21.0660,254.2774
assoc,11.1213,255.7193
sig,12.5834,257.2414
assoc,7.9297,272.8421
assoc,1.3137,96.5417
sig,25.0667,276.5191
sig,8.1085,292.0162
assoc,15.4539,260.0930
sig,16.3908,266.1155
sig,7.4237,180.0530
sig,1.4466,125.6832
assoc,20.0640,145.1706
assoc,11.3890,280.8754
sig,-1.8597,98.2233
sig,18.6128,139.5494
sig,12.4333,275.8852
sig,8.7654,279.6501
assoc,16.3347,126.1119
sig,10.1141,271.9987
sig,-1.8874,138.9123
sig,5.6096,121.9375
assoc,6.9933,123.3041
sig,13.2971,129.7504
sig,11.9528,272.4863
assoc,22.3621,139.3050
sig,12.8968,122.0354
sig,-3.5374,105.2482
assoc,11.1705,285.6412
sig,18.3366,278.0532
assoc,12.6547,280.4079
sig,13.3695,86.0646
sig,9.8818,272.6164
sig,24.9982,88.1431
assoc,16.3363,264.7248
assoc,16.1510,264.9310
sig,15.4690,265.6843
assoc,15.4688,265.6846
sig,11.1633,173.2193
sig,24.3479,253.2762
assoc,3.6637,267.2991
assoc,17.6965,267.9526
sig,13.8470,273.7041
sig,23.2926,281.4832
assoc,12.0303,270.2257
sig,10.4544,271.8539
assoc,8.1352,274.2005
sig,21.8792,137.7415
sig,5.5575,261.3516
sig,6.6161,262.3959
sig,14.4480,259.8644
assoc,13.2717,277.8512
sig,14.0350,268.9748
sig,13.5164,269.5290
assoc,-6.2551,119.3025
sig,18.5223,284.3320
assoc,2.4750,300.9948
sig,24.3281,131.5174
sig,22.8845,133.4282
sig,-5.2686,138.6943
sig,22.4040,130.1490
assoc,19.6587,116.0596
assoc,17.0684,254.7070
assoc,8.9026,125.7170
assoc,-5.5749,91.3494
sig,23.0777,84.3635
sig,21.8010,83.2655
assoc,23.4386,295.5990
sig,-0.1166,296.5851
sig,-1.2065,289.4322
assoc,-0.4018,290.2112
sig,3.7751,294.2622
sig,6.2277,296.6669
sig,18.5716,293.8163
sig,-3.3843,25.0961
assoc,19.7088,143.0194
assoc,5.3904,288.0471
sig,21.5433,159.9513
assoc,20.3837,283.8677
sig,-0.8494,108.2704
assoc,6.0126,280.8656
assoc,8.5659,283.4054
sig,-9.0542,169.0883
assoc,-6.6369,171.5028
assoc,-13.0660,164.8149
assoc,-6.2509,135.9374
sig,1.5825,95.0397
assoc,20.6147,90.8033
assoc,-13.1571,173.5283
assoc,-8.6303,23.3608
assoc,-6.6596,26.8097
assoc,19.2564,291.9237
sig,-14.2174,156.8200
assoc,20.2944,269.2687
assoc,10.2665,298.5888
assoc,2.3105,120.8953
sig,-21.2700,308.9074
sig,-21.2742,308.9126
sig,5.8006,3.0031
sig,15.3077,271.8595
assoc,-2.8158,18.5159
sig,15.9698,341.4754
assoc,5.0638,305.9735
sig,8.7740,100.3289
assoc,21.4758,248.3384
sig,19.3713,105.3399
assoc,8.4078,107.4242
sig,19.8096,119.7698
assoc,24.7128,94.6600
assoc,9.7869,129.1816
sig,23.4528,92.4574
sig,-0.6835,139.2602
assoc,15.5304,273.0026
assoc,16.7744,331.4574
assoc,24.3462,158.4772
sig,20.2596,254.6197
sig,9.7979,266.1067
sig,23.3626,274.5684
sig,17.1236,242.7321
sig,12.8463,283.3169
sig,10.9639,285.2784
assoc,20.9649,80.0457
assoc,13.2330,279.0135
sig,6.8823,285.5030
sig,4.3932,294.5373
assoc,18.7087,163.9949
sig,6.1984,29.4551
sig,16.7499,271.3678
sig,20.9970,82.2847
assoc,22.1928,298.2207
assoc,21.0088,264.6917
sig,14.2273,267.1747
assoc,3.5897,277.9577
assoc,2.8390,282.2475
assoc,9.4266,288.7596
assoc,19.7973,135.6836
assoc,5.4761,288.6975
assoc,16.7557,309.1256
sig,13.5819,106.7450
sig,-20.6544,214.1653
assoc,-17.3921,218.0078
assoc,19.1340,262.5754
assoc,15.9810,266.1757
sig,13.1855,269.2022
sig,11.5070,270.9607
sig,4.5119,104.2671
assoc,8.0149,284.3580
assoc,6.8408,296.9775
sig,4.4739,299.3059
assoc,3.5068,17.8732
sig,7.7436,29.2233
assoc,9.0110,290.9206
assoc,15.7293,289.4488
assoc,13.2852,275.1365
sig,10.7795,34.8597
sig,17.5986,262.3281
sig,5.3380,287.7319
assoc,12.2122,276.9072
sig,0.2548,21.9329
sig,20.6209,159.1909
assoc,19.3846,275.1090
sig,-3.0327,17.3459
assoc,17.6853,283.5352
sig,11.9963,287.3071
sig,13.5745,285.0841
sig,4.7292,26.2982
assoc,24.7334,201.3543
sig,-3.1101,26.1352
assoc,8.9761,22.1942
assoc,17.3984,301.2924
sig,-9.2346,186.7382
sig,-9.3619,158.4701
sig,-7.0416,160.7942
assoc,6.8720,280.3322
assoc,5.8544,266.5121
sig,12.5823,127.7786
assoc,4.7552,285.8113
assoc,12.3075,269.1576
assoc,7.2598,142.7292
sig,12.3994,99.4475
assoc,24.5747,206.9245
assoc,1.0840,11.5144
assoc,2.8610,130.6500
sig,21.4693,126.2268
assoc,23.3798,128.6718
sig,5.2875,84.5023
assoc,-1.2368,127.1456
sig,-7.2198,141.2079
assoc,1.6197,149.8228
sig,13.3944,80.5453
assoc,-12.7772,196.6658
assoc,11.7191,289.8929
sig,-6.5858,150.5708
sig,7.7046,63.6061
assoc,6.9699,301.5803
sig,-10.4615,106.8968
sig,9.0574,126.0991
sig,2.4199,137.1836
sig,3.7592,286.7867
sig,7.3818,346.7631
sig,20.3089,158.7717
assoc,12.9288,292.5765
sig,12.9142,292.5920
sig,-18.5841,138.8369
sig,12.8030,143.2777
assoc,-0.6447,298.3220
sig,-4.5624,101.1439
sig,-8.0119,93.8568
assoc,2.0661,293.8833
sig,7.4113,80.7969
sig,0.9275,288.9012
sig,-4.1589,120.2859
assoc,4.7810,288.7695
sig,-3.9140,151.2816
assoc,9.4706,67.3539
assoc,12.0330,278.9929
sig,-6.2341,102.9358
assoc,-11.7087,108.4657
assoc,15.4086,252.1491
assoc,-21.1696,221.0152
assoc,1.4210,8.0261
sig,3.1717,127.1426
sig,-13.3327,131.1403
sig,-6.4326,124.5270
assoc,-10.5618,128.6765
assoc,7.9488,276.4205
sig,11.3356,277.9766
sig,12.2194,278.8961
assoc,-12.2172,206.1024
assoc,16.3998,320.9663
sig,-1.8731,24.0651
assoc,9.3723,130.4694
sig,-6.3529,141.9943
assoc,6.5751,80.8781
assoc,11.8207,117.4473
assoc,13.8419,119.5796
sig,3.7101,4.5493
sig,-7.6032,147.8472
assoc,-3.2154,152.1610
sig,4.8274,3.1278
assoc,-14.1569,161.4778
sig,14.3248,89.1411
sig,-10.2226,133.6027
sig,0.5352,358.6445
sig,-14.9384,132.5401
sig,-12.7629,127.1030
assoc,2.9111,284.3070
sig,-5.4088,82.1675
assoc,15.4405,244.6837
assoc,-13.1654,167.4598
assoc,9.5866,92.9859
sig,-0.4914,151.9910
sig,-4.5034,26.8049
assoc,-8.0566,33.2798
sig,7.4453,103.4935
sig,-0.5946,22.8704
sig,2.1316,13.9172
sig,-16.6761,132.7230
sig,-19.9741,125.0346
assoc,-6.9450,204.0778
sig,1.7001,352.8321
sig,-18.0804,18.6451
sig,-0.3551,11.3514
sig,-11.7463,139.1175
assoc,21.7805,271.3720
assoc,-12.8087,134.1439
sig,0.1328,25.7359
sig,24.5941,45.5038
sig,1.9187,23.6038
sig,-12.5730,29.6393
sig,-13.3448,49.2216
sig,-3.2167,15.2092
sig,-18.4026,31.0158
assoc,-11.2466,140.7271
sig,-13.8286,40.9842
assoc,13.0110,254.1195
assoc,6.1961,277.8429
assoc,2.4483,281.5067
assoc,-21.1158,21.0677
sig,-16.3936,136.3111
assoc,7.3671,216.5892
assoc,11.5080,257.5084
sig,-14.9747,33.1258
assoc,-19.8608,120.7262
sig,-15.7788,106.8764
assoc,-16.9265,214.0108
assoc,-9.8104,133.6571
assoc,-12.0638,124.4067
assoc,12.8809,241.2949
assoc,-23.1942,218.8498
sig,-15.6261,137.0547
sig,-22.2186,47.7899
assoc,6.3864,99.6259
assoc,-14.4426,23.3126
sig,-23.5225,34.0582
assoc,-0.9349,103.0009
sig,-18.6886,145.5043
assoc,-18.9013,48.7221
sig,-16.4172,139.0570
sig,-19.5229,142.6327
sig,-20.2192,143.4677
assoc,-14.2384,15.3834
sig,-14.4592,133.0533
sig,-16.7637,135.5905
assoc,-18.5386,137.6199
sig,-9.4693,30.8141
sig,-10.7822,32.1536
sig,-22.2228,230.8581
sig,1.0518,85.6468
sig,-19.3612,147.4275
assoc,-2.5824,344.3405
assoc,-16.1496,42.8607
sig,-22.1657,139.3044
assoc,-2.3455,14.5694
sig,-17.1700,142.1743
assoc,-21.6468,123.2395
assoc,-19.2277,127.0842
sig,-6.0121,19.8338
sig,-13.9360,153.4257
assoc,25.9418,282.4459
assoc,-20.2818,227.4326
sig,-15.5071,124.9098
assoc,-25.6405,119.9917
sig,-24.8135,121.1431
assoc,-21.5047,170.1299
assoc,-1.6392,21.3990
sig,-17.1055,22.1090
assoc,-3.7004,153.3895
sig,1.3562,348.4940
assoc,-13.1339,43.0069
sig,-3.9358,106.5175
sig,-18.8719,125.9627
assoc,-17.8198,127.1826
sig,-20.8613,40.2352
sig,0.7245,114.1792
assoc,4.4463,130.5095
sig,-15.8546,9.2820
sig,-5.0994,149.6330
sig,-2.3148,25.6323
sig,7.6684,84.8188
sig,-1.8034,112.9079
sig,-14.9064,144.3224
assoc,-11.5246,123.6534
assoc,5.4300,269.5489
sig,-15.4962,213.8570
sig,-8.2029,212.5180
assoc,-10.9276,225.5738
assoc,3.5182,1.8112
sig,-7.0073,120.7480
assoc,9.7427,121.5775
assoc,-20.9458,225.2088
assoc,-10.9653,92.7995
sig,22.6547,176.9316
sig,22.6549,176.9319
sig,22.6551,176.9322
sig,22.6555,176.9327
sig,22.6562,176.9336
sig,22.6563,176.9337
assoc,17.3366,122.0079
assoc,-12.1592,196.1066
assoc,-11.9967,207.1920
assoc,-21.2178,190.9679
sig,-5.4730,149.7417
assoc,-7.7505,144.3165
sig,-10.4853,169.1370
sig,-4.1931,5.6176
assoc,-3.0787,35.0176
sig,-6.0598,37.9341
sig,-3.2632,123.9644
sig,-4.8348,114.7503
assoc,-8.9482,131.0848
sig,4.7482,120.2225
assoc,-9.4970,191.9700
assoc,-17.9790,55.5312
sig,-3.0517,11.9648
sig,4.6619,108.6235
sig,0.0471,25.5412
assoc,-8.8186,27.7461
sig,2.2426,103.6630
assoc,-3.2404,118.7686
assoc,9.4612,106.9529
sig,5.7230,341.9438
assoc,-1.1631,356.0240
sig,-4.4922,106.0436
assoc,7.9487,121.1511
assoc,2.2947,250.4873
sig,1.4437,2.4133
sig,-1.5935,5.3542
sig,8.7263,60.3493
sig,7.6420,337.4256
assoc,-15.9476,144.0297
sig,12.0202,267.6148
sig,-0.7660,13.8945
sig,-4.3917,41.2481
sig,1.1692,11.5972
sig,2.4942,6.4791
sig,3.5642,10.4272
assoc,-3.9406,23.5714
sig,4.6951,356.6669
sig,5.8908,102.0643
assoc,-4.3919,167.6173
assoc,2.4052,309.2937
sig,1.6956,16.1742
sig,-4.6658,11.3675
assoc,-3.5918,12.4159
assoc,-3.5917,12.4159
sig,0.3814,133.7146
sig,0.2824,109.3641
assoc,-10.2977,26.1756
sig,-1.7687,157.4007
sig,5.5000,256.1369
assoc,9.8301,48.9871
sig,15.6266,253.5126
assoc,10.0125,259.4435
sig,-9.3857,19.4421
assoc,9.1809,252.1391
sig,5.8159,103.2600
assoc,6.7649,137.5953
assoc,2.5631,141.7101
sig,-4.0743,138.3259
sig,1.9021,119.8658
sig,17.6117,267.8806
sig,5.7656,99.3807
sig,8.7496,131.7835
assoc,12.3628,103.8212
sig,-0.3703,16.8143
assoc,9.1503,264.8755
sig,3.1556,89.1700
assoc,-5.2364,8.2525
sig,-2.6779,135.2969
sig,-4.9873,16.2691
sig,-2.2427,155.2992
assoc,2.3596,126.5866
sig,8.4102,258.5069
assoc,-1.5383,98.4449
sig,9.0579,103.9375
assoc,16.1099,267.0205
sig,15.8478,117.9528
sig,4.9560,282.4169
assoc,-1.9467,102.1038
sig,3.3664,107.2527
assoc,-3.7287,105.6860
sig,9.7698,15.8633
sig,-8.3751,112.3835
sig,3.5972,95.9940
sig,17.9670,262.3866
assoc,5.4824,105.6861
assoc,7.0394,281.9315
assoc,6.1388,121.6440
sig,10.2573,87.3054
sig,0.6996,18.4453
sig,6.7582,288.2993
sig,5.8959,289.1509
assoc,4.0926,290.9182
sig,9.2677,11.3327
sig,17.3315,267.2812
assoc,-5.7546,146.9675
sig,4.0811,98.2059
sig,-6.4073,106.7776
assoc,5.1087,93.7344
sig,20.3132,109.9612
assoc,0.8472,110.0197
sig,23.4117,134.3009
sig,15.9921,267.0953
sig,19.1644,85.6558
sig,0.7311,116.8997
sig,-7.3943,100.5757
sig,-7.8478,101.0279
assoc,22.8606,283.4397
sig,-7.9827,104.0536
assoc,14.4265,285.7014
sig,-4.4377,103.7355
sig,-9.2775,159.9485
assoc,4.8098,356.8114
assoc,-9.2260,152.2564
sig,12.5966,267.4406
assoc,13.2407,268.1207
assoc,-3.9328,111.2985
sig,8.6304,283.8070
sig,16.2074,267.5222
sig,25.9083,147.9071
assoc,7.3145,286.7363
sig,0.6199,102.3517
sig,18.7327,165.7489
sig,8.5378,296.5157
assoc,20.1182,284.8474
sig,8.7653,14.6611
assoc,23.1333,260.5526
sig,23.8587,261.5096
assoc,-2.5294,136.3577
sig,22.1859,89.1293
sig,3.1923,299.7676
sig,18.7177,150.4642
sig,-2.7496,104.2569
assoc,14.6550,207.7352
assoc,25.1827,284.3540
sig,22.4033,284.2408
sig,7.6774,26.0934
assoc,14.3172,209.4609
assoc,24.5732,266.1199
sig,19.1609,262.1662
sig,10.6137,107.3064
assoc,-6.9557,101.7072
sig,14.1671,121.6062
sig,11.1253,290.7721
sig,18.5516,128.7422
sig,9.9918,115.6666
sig,12.5337,261.2392
sig,11.1972,117.1054
assoc,9.9026,118.4323
sig,21.9773,80.6760
sig,1.0455,175.7865
sig,15.9743,104.3808
assoc,5.6461,281.0237
assoc,18.3974,275.4548
sig,-5.8754,153.7996
sig,-7.6740,140.8658
assoc,21.4854,276.7068
sig,22.0428,130.4824
sig,20.7500,269.9915
assoc,3.5676,268.9951
assoc,25.3810,172.0400
assoc,20.9352,120.4289
assoc,5.1735,307.6391
assoc,10.6977,285.1028
assoc,16.7459,279.8807
sig,14.6978,261.2508
assoc,15.1793,261.7749
sig,16.0659,262.7514
assoc,24.2056,266.9484
sig,17.6270,275.0726
assoc,15.8926,277.0220
assoc,9.6977,275.9465
assoc,5.1039,280.5228
sig,8.4461,101.6117
sig,1.8568,281.5448
assoc,17.1859,127.5022
assoc,16.8679,268.8539
assoc,7.0015,278.9615
assoc,14.7589,262.7137
assoc,15.1491,263.1385
sig,9.0184,277.1702
assoc,22.4713,288.3914
assoc,24.3082,266.5521
assoc,14.5898,267.7457
sig,-6.9733,100.7673
assoc,18.3379,176.2346
assoc,10.3400,278.1022
sig,4.6272,100.6454
assoc,9.7760,274.8699
sig,-1.4029,281.2078
assoc,9.2318,263.5690
sig,4.9041,109.9451
sig,10.7644,249.9067
sig,-0.9252,20.1062
sig,16.1728,272.3176
assoc,24.6669,137.1887
assoc,15.8095,102.1448
assoc,6.1138,102.5564
sig,6.3796,303.0429
assoc,14.4534,280.4186
sig,24.5837,80.9597
assoc,12.3159,135.4827
assoc,2.7619,291.8930
assoc,7.0121,280.4751
sig,3.6824,283.7469
sig,0.6734,116.8910
assoc,9.9999,297.9208
sig,15.9797,267.3343
assoc,16.9767,120.6987
sig,7.7150,289.1508
sig,12.2870,269.5591
assoc,20.0710,278.2501
assoc,10.2417,293.8701
assoc,8.1087,296.0264
assoc,10.1573,0.5718
assoc,19.5060,304.1897
sig,14.0524,97.8573
sig,12.8563,283.5499
sig,15.9568,255.9483
sig,6.1197,300.4139
sig,-5.6031,240.4917
sig,-0.5908,293.1235
assoc,10.7228,111.0118
sig,6.9243,10.1672
sig,3.8739,124.6356
sig,10.1473,181.7367
assoc,14.3169,7.5924
sig,3.5024,301.9999
assoc,0.0370,281.1082
assoc,11.3482,290.3658
sig,20.0571,175.0576
sig,7.8334,120.3606
sig,6.5830,24.5843
sig,19.1971,290.7929
sig,-3.5012,120.0147
sig,13.0639,120.2539
sig,13.7286,22.5277
sig,21.8804,106.3536
assoc,20.8272,270.6598
assoc,11.7640,41.2525
assoc,11.7792,301.4277
assoc,11.7794,301.4278
assoc,14.0753,12.8138
assoc,10.8254,293.8235
sig,-9.3409,143.9141
assoc,15.9082,294.4549
sig,17.7372,43.8206
sig,12.2853,280.9223
assoc,12.2831,301.3813
sig,24.4841,262.7999
sig,14.8286,274.4163
sig,-1.4579,290.7402
sig,23.0243,121.7892
sig,16.0549,269.2750
assoc,11.0048,76.8395
assoc,6.9206,271.1940
assoc,12.4514,98.1860
sig,19.3122,112.4400
sig,22.5494,251.5027
assoc,15.6122,93.9893
assoc,16.1960,260.6049
assoc,21.6892,263.2792
assoc,2.7902,24.8216
assoc,22.4106,90.6354
assoc,10.5378,267.4532
sig,6.6877,293.3782
sig,-8.6667,99.2571
sig,-2.8315,105.0087
sig,9.3508,282.9136
assoc,9.0867,258.3918
assoc,-6.3082,155.4097
sig,24.4794,157.4084
sig,24.9143,205.3493
assoc,-5.4316,32.3342
sig,22.9000,314.1168
sig,16.9088,248.5752
assoc,1.9384,290.0075
sig,2.6509,290.6987
sig,4.6741,292.6703
sig,15.8522,345.0986
assoc,15.3491,263.1987
assoc,18.5896,251.9664
sig,17.6464,253.0554
sig,14.3540,256.7078
sig,10.2975,352.1074
assoc,9.1317,278.1647
sig,4.2420,293.7878
sig,-0.6091,18.5249
assoc,17.3566,286.7517
sig,16.7945,149.8982
sig,2.5877,297.5212
sig,8.2428,278.8301
sig,-0.4500,290.7980
sig,-5.1501,100.3385
sig,2.7452,23.3419
sig,3.2161,23.7996
sig,1.8086,18.6548
sig,2.0029,18.8432
sig,13.9538,122.3046
sig,-22.0809,208.0097
sig,14.8924,291.1003
assoc,22.4241,299.9326
assoc,-11.9482,167.2593
assoc,18.5392,279.3978
assoc,-1.8139,106.2233
sig,21.1835,272.4468
assoc,7.2239,287.6507
assoc,19.2288,250.5590
sig,14.6228,93.0202
assoc,16.1103,184.1006
sig,13.9522,273.1790
sig,12.7039,274.5047
sig,-0.8997,118.2571
sig,-7.8761,229.0509
sig,-7.8752,229.0518
assoc,-3.7891,160.3279
assoc,-0.3043,134.3807
assoc,7.4749,288.9947
assoc,4.3665,122.2972
sig,-2.9233,129.3694
assoc,2.2742,100.0810
sig,-2.8451,146.1467
sig,14.6072,274.0750
sig,-6.5280,125.3517
assoc,12.8648,178.4211
assoc,-1.4096,286.3421
sig,-5.4269,144.7454
assoc,5.3020,9.2810
assoc,3.4080,294.6111
sig,1.8663,152.3296
sig,13.7675,67.2921
assoc,-12.6413,161.2135
sig,-7.7824,103.9738
sig,-8.6657,104.8589
sig,-6.7465,112.1504
assoc,2.8997,283.7978
assoc,5.0345,2.3678
assoc,18.8912,279.9662
assoc,8.5735,104.6807
sig,3.1157,110.0619
assoc,-2.6159,115.6157
sig,9.4450,120.4785
sig,-21.2025,131.5923
sig,8.4186,285.4318
sig,-2.7239,14.9472
assoc,19.9426,157.5622
assoc,-6.3861,136.0232
assoc,7.0808,115.3602
sig,1.8763,23.4452
assoc,-10.6900,158.3271
assoc,-6.5723,162.4715
sig,-6.2120,114.3265
sig,5.7846,122.2437
assoc,-12.3056,151.2144
sig,-2.3850,20.0431
assoc,-4.5428,132.6855
sig,-6.7228,141.7823
assoc,8.1260,283.0260
sig,13.0596,114.6829
assoc,9.1428,118.7259
assoc,5.4304,106.8351
assoc,10.8892,177.5321
assoc,-16.3484,132.9952
sig,-16.2663,125.3813
sig,-15.0794,160.7896
sig,-14.5889,161.3225
sig,-18.1458,129.3402
sig,5.3493,116.6544
sig,-19.3156,148.4618
sig,-13.3946,130.8311
sig,-16.4259,134.7667
assoc,2.1714,308.5415
assoc,9.0748,93.3326
assoc,8.5162,331.5143
sig,-8.4766,120.8624
assoc,-5.6657,132.8203
sig,-7.7928,190.5365
assoc,24.7180,318.2534
assoc,-10.7375,131.5446
assoc,-18.3373,143.7913
sig,-11.0181,127.4995
sig,-9.8721,31.6704
sig,-2.2389,110.6875
sig,-14.9574,18.8194
sig,1.9770,11.5362
sig,4.7042,14.1909
sig,-17.8205,133.1205
sig,-12.8857,138.5364
assoc,17.6003,277.0073
sig,-11.8614,18.3571
assoc,1.9171,2.1458
assoc,-6.2622,141.5149
sig,-16.6894,123.1409
sig,-0.2500,114.2333
assoc,-5.0632,148.1779
sig,-9.6368,119.3741
sig,-12.3326,19.5947
sig,-1.7553,5.8972
assoc,3.5363,99.2985
assoc,-19.0515,45.9059
assoc,9.8090,155.2421
sig,-4.4976,23.0820
assoc,15.2851,247.5497
sig,7.6946,106.1943
sig,-10.6374,120.4681
assoc,2.5309,10.5162
sig,-13.5772,118.7812
sig,-12.9665,119.4292
assoc,20.2878,279.0621
assoc,-4.9947,111.0790
sig,-19.8671,147.3830
sig,-16.3337,46.3002
assoc,15.8170,252.4850
assoc,4.4435,357.4208
assoc,-1.6540,23.8421
sig,-2.7152,21.1301
sig,-0.0748,281.5787
assoc,-10.6151,219.2308
sig,-17.1746,213.6144
sig,-0.1110,14.8661
sig,-21.8926,38.2465
sig,-11.1680,91.3665
assoc,-16.1745,44.1820
assoc,10.6099,222.9030
assoc,-18.5073,181.1147
sig,-11.8066,125.2765
sig,-8.5984,24.9990
sig,-9.3049,25.7114
assoc,18.6849,203.7024
assoc,-18.5063,141.1508
sig,-10.1882,28.9132
sig,-11.8789,120.4295
sig,-14.7012,145.1224
sig,0.4458,105.6666
assoc,-7.0673,157.7563
sig,-16.1652,142.9922
sig,-4.4489,26.4571
assoc,-7.1906,110.2394
sig,-14.7632,126.5087
sig,-17.2060,129.2161
assoc,-6.0156,152.4272
sig,-3.3622,155.0251
sig,-0.2590,158.0347
assoc,0.1548,154.6997
sig,-12.7725,19.9141
sig,2.2227,152.9676
assoc,18.3116,251.3895
assoc,-3.8348,152.6815
assoc,-15.2597,140.0957
sig,-20.1553,126.0788
assoc,22.5079,242.5495
assoc,11.5718,158.0173
assoc,-14.9924,39.0718
sig,-19.9459,122.5973
sig,-18.1708,120.9558
assoc,12.6612,218.4307
assoc,1.0637,8.0304
sig,-25.9053,148.4089
sig,-3.8371,57.5493
assoc,-15.3476,126.0040
sig,-3.4648,158.6465
sig,-17.8392,43.0141
assoc,-12.8482,169.2342
sig,6.5893,125.7678
assoc,-0.6890,108.6095
assoc,2.1714,298.4236
sig,-7.7272,163.8011
assoc,-3.8115,22.1690
sig,13.2708,318.5622
assoc,-17.4092,213.3787
assoc,8.5741,220.9137
sig,-4.9974,15.9448
assoc,-5.3690,16.3094
assoc,8.8446,133.0588
sig,-10.7815,21.1334
assoc,10.8150,243.2162
sig,11.2099,97.3300
sig,-2.8251,14.1659
sig,2.7163,344.5514
assoc,-14.3403,22.1190
sig,-19.1639,16.4612
sig,0.4798,26.2104
sig,-9.6455,15.3457
assoc,-7.8665,6.4341
assoc,11.5741,125.9028
assoc,9.5781,289.8857
assoc,4.5486,346.9470
sig,-21.2658,39.8926
sig,-11.7609,112.2718
assoc,-23.4981,147.3045
sig,-25.7190,150.3373
sig,-15.8836,124.7341
assoc,-13.5306,127.2870
sig,6.8023,98.9556
sig,-4.1783,143.0323
sig,-11.2822,125.8914
assoc,0.9864,138.0816
sig,0.1653,349.6648
sig,-11.8318,145.9579
sig,-1.6383,11.9757
sig,-8.2897,18.5059
sig,0.8377,345.1048
sig,-9.2776,40.0672
assoc,-3.1692,123.0151
sig,-14.1483,132.4738
sig,0.1579,18.2361
assoc,-15.9871,129.4294
sig,-8.8799,26.2760
sig,-25.5006,217.9056
sig,-0.9817,2.5399
sig,-3.8601,5.3347
sig,-4.2071,22.5827
sig,-4.0665,348.4566
assoc,7.6478,104.3384
assoc,7.4424,117.7954
sig,6.8470,284.4335
sig,1.8566,354.7227
sig,-16.5764,26.3195
sig,-14.0145,29.1256
sig,-2.1673,16.8181
assoc,-7.7072,97.3728
assoc,-8.5805,118.8337
sig,4.6877,282.8356
sig,-9.9703,22.3769
assoc,-9.0058,160.4363
assoc,2.1630,101.0154
sig,4.2238,275.0707
assoc,7.3039,125.3445
sig,9.3310,103.1358
assoc,23.5027,281.4779
assoc,4.1296,278.4498
sig,9.1043,112.5826
sig,4.5128,287.7546
sig,-14.2094,53.0600
assoc,6.8189,69.7655
assoc,-0.0529,24.3609
assoc,10.0671,101.5237
assoc,-4.1341,118.0491
sig,12.6446,288.1470
assoc,17.3172,102.0511
sig,-1.6034,34.3354
sig,-4.6925,14.3896
sig,-5.5447,15.2255
sig,-20.9510,173.6322
sig,-6.2908,109.3106
assoc,-19.2338,178.4393
sig,-8.6646,14.7090
assoc,0.8320,98.7605
assoc,-2.0115,358.8503
sig,2.1978,114.4535
sig,-4.4123,120.8658
sig,-1.2612,113.5593
assoc,-10.7580,72.7022
sig,2.8010,349.0757
assoc,2.6589,103.1833
sig,14.6060,118.6356
sig,-14.5356,140.9927
sig,4.7309,287.8800
sig,4.7641,304.8882
sig,-0.9738,116.5410
assoc,7.8826,343.0988
sig,2.3594,348.5225
sig,16.3876,78.3636
sig,3.0822,351.9960
sig,1.2809,10.8976
sig,-11.3053,136.6634
assoc,-2.3713,117.7950
sig,5.5122,73.3951
sig,-3.8321,12.2514
assoc,9.3881,264.4380
sig,6.3771,350.7858
assoc,5.6492,277.3509
assoc,25.8057,296.6517
sig,2.6820,101.2073
assoc,12.6689,245.9151
sig,-2.1619,102.8815
assoc,-20.0854,153.2010
sig,-2.5732,123.1490
assoc,21.6367,120.6629
assoc,13.3180,270.0959
sig,17.8705,129.6923
assoc,15.2598,263.8947
assoc,17.8457,271.5235
sig,23.9473,270.5845
sig,14.9026,119.2576
sig,20.8237,104.9230
assoc,7.5193,301.9466
assoc,12.7174,280.1810
assoc,5.1138,287.8701
sig,10.2881,276.9437
sig,13.0324,85.9033
sig,-5.6714,100.9076
assoc,-12.7771,108.1114
sig,0.3423,21.2138
sig,7.9605,347.0966
assoc,15.3650,263.1218
sig,-10.6484,115.9290
sig,-6.6570,108.3624
assoc,4.5508,343.3212
sig,9.0242,9.6626
sig,13.1439,102.5623
sig,11.7639,287.0667
sig,-4.0782,108.7979
assoc,-11.2498,115.9691
assoc,12.5099,279.2034
sig,-24.8582,197.5107
assoc,-11.6052,109.2533
sig,3.3331,309.1077
sig,16.1024,122.8340
assoc,8.8916,5.7054
assoc,10.0740,340.2731
assoc,2.1686,299.6242
assoc,7.8619,117.2974
sig,11.5464,283.6198
sig,11.1787,283.5984
assoc,-0.3966,28.4404
sig,20.9736,99.4730
assoc,23.9734,285.9760
assoc,-12.5382,107.2377
sig,10.7517,126.7909
assoc,8.3792,3.2055
sig,24.1374,112.5806
assoc,-11.6739,150.2090
assoc,-7.5553,122.4442
sig,-5.5229,100.2209
sig,12.6640,118.1963
sig,15.3677,121.0980
sig,21.0092,81.7863
sig,13.3333,285.0210
assoc,-1.1712,295.3156
assoc,24.0441,290.6051
assoc,2.7034,121.8761
sig,23.3814,282.7941
sig,23.3813,282.7942
assoc,19.1361,118.4295
sig,-0.8500,114.7970
assoc,8.0313,272.2413
sig,10.3977,285.0735
sig,10.5148,285.1934
assoc,13.6700,264.2543
sig,2.6045,10.7660
assoc,25.0713,129.0093
sig,20.8457,126.5423
assoc,17.1394,164.0976
sig,-14.4690,183.6222
sig,14.4600,272.2442
assoc,-24.8458,185.5881
assoc,6.6910,280.9860
assoc,10.8552,260.9473
assoc,25.8515,133.2653
assoc,25.8516,133.2654
sig,18.1821,132.8804
sig,-7.6554,103.5439
assoc,10.4387,284.4284
sig,19.7874,106.4429
sig,18.7574,83.4262
assoc,9.6030,283.6893
assoc,9.0296,280.7660
assoc,22.4916,121.4012
assoc,10.5309,270.5055
assoc,14.7857,108.3542
assoc,10.3134,206.4926
assoc,14.7606,122.1280
sig,10.0639,120.8838
assoc,10.9490,268.0567
assoc,2.9813,275.9867
assoc,-5.8296,114.9210
sig,12.6978,117.3470
sig,11.7952,118.2916
assoc,3.5968,126.4981
assoc,-16.2672,167.2280
assoc,10.2785,256.0222
assoc,5.2907,263.2566
assoc,17.8331,104.7341
assoc,18.6357,261.6004
assoc,6.5133,258.5623
sig,-3.8896,99.0578
sig,-0.5323,68.0755
assoc,22.0664,283.0334
assoc,15.8543,272.2176
sig,17.0654,273.5713
sig,21.2041,278.4605
sig,14.7370,118.4707
assoc,17.1158,121.2699
sig,-5.2117,24.0022
assoc,16.1049,154.6702
sig,2.2259,300.6024
assoc,11.6766,121.5625
sig,3.1980,26.1374
sig,10.2751,354.8801
sig,1.6182,24.1914
sig,16.2720,268.8521
sig,8.5884,294.2172
assoc,5.2269,273.3219
sig,-6.5136,100.7000
sig,-2.9916,104.1498
sig,16.9154,108.8419
sig,-1.6451,25.8137
assoc,16.2892,265.2826
assoc,11.7975,100.4903
assoc,7.2997,280.2671
assoc,11.1435,236.1575
assoc,10.9044,280.4455
assoc,5.2001,287.1187
sig,18.0308,284.7066
sig,17.2351,267.6680
assoc,-2.5633,17.9563
sig,12.2950,271.5012
assoc,18.4877,287.0006
assoc,8.4322,236.3934
assoc,25.7754,159.5450
sig,25.8331,128.4813
sig,13.0757,16.1823
assoc,8.7011,274.7515
assoc,18.0179,284.7039
sig,9.9260,272.5335
assoc,21.3897,285.2800
sig,11.2674,343.1462
sig,0.9528,305.1311
assoc,22.8922,136.2530
assoc,11.8187,73.7301
sig,9.5115,22.8979
sig,11.8529,25.3029
sig,6.9481,283.4051
sig,16.2385,75.0242
assoc,17.7900,107.8626
sig,1.5385,295.4351
sig,4.2328,298.0550
sig,7.5237,301.2989
sig,13.0484,272.3265
assoc,9.0431,276.4593
sig,16.7664,269.5171
assoc,4.7570,350.5533
sig,11.4023,284.4848
sig,16.5930,72.0410
sig,3.8253,10.4259
sig,22.1332,75.1819
sig,10.7142,276.9256
sig,4.4733,28.3978
assoc,12.2925,299.3486
sig,10.1252,272.8777
assoc,13.8013,276.7140
assoc,15.9342,279.0343
sig,9.5397,348.7442
sig,-3.2334,138.6234
assoc,22.0606,140.8879
assoc,8.3408,277.2677
assoc,7.8916,291.4114
sig,9.7038,293.2370
sig,17.2351,252.8172
sig,24.2211,280.0418
assoc,25.8458,253.5634
sig,-2.6186,139.1564
assoc,18.3355,274.8698
assoc,12.6728,338.6280
assoc,3.5792,114.1201
sig,14.7771,267.4427
sig,25.3287,280.2833
sig,7.0312,13.7201
assoc,-1.3122,292.9006
assoc,2.1679,296.2704
sig,6.5950,300.6007
assoc,0.0861,101.9932
assoc,25.1813,273.2046
assoc,17.5972,274.4726
sig,17.0806,45.0646
assoc,17.6139,281.0916
sig,-0.9688,23.4562
assoc,5.7243,304.2636
assoc,18.0816,87.8027
sig,9.4951,268.9750
sig,12.0061,271.5559
assoc,19.5977,279.9746
assoc,25.6555,278.2400
sig,14.8323,277.7695
assoc,22.0585,286.7144
sig,14.3423,126.0839
assoc,12.0384,125.1061
assoc,21.1696,184.0733
assoc,17.7706,188.1178
assoc,8.7183,285.8351
assoc,12.4677,287.4132
sig,2.9765,296.9268
sig,7.5899,281.2885
assoc,11.6798,236.9855
assoc,24.2940,294.3401
assoc,21.1999,177.2001
sig,20.9329,177.5299
assoc,-5.8848,104.8866
assoc,17.3897,87.5752
assoc,10.9072,154.2380
sig,10.6914,294.9996
assoc,21.6105,179.2873
assoc,6.8753,293.4475
assoc,16.8672,125.2169
sig,19.6836,110.1334
assoc,13.4428,113.7389
assoc,12.4893,283.2477
sig,-9.8487,140.0048
sig,25.6156,358.7525
assoc,12.9401,301.2865
assoc,9.4171,304.9268
assoc,19.8093,69.9802
assoc,-18.4856,139.3935
assoc,-0.6779,118.0226
assoc,3.9544,122.5162
sig,11.9600,82.0942
assoc,11.2423,226.9865
assoc,-3.6363,111.7603
sig,10.4691,127.4899
sig,10.4695,30.5799
sig,20.8774,85.3320
sig,-1.5938,13.4531
sig,23.0365,85.5952
assoc,13.0339,287.6318
sig,-8.9834,139.8599
sig,20.0895,85.9005
assoc,9.1355,283.6787
assoc,24.6751,267.0711
sig,5.0717,293.7296
assoc,-8.9860,134.6314
assoc,11.9668,82.6518
assoc,22.2316,94.3544
sig,-5.1568,122.5514
assoc,-14.0118,131.5710
assoc,2.6388,287.9825
assoc,7.3015,289.1860
assoc,17.4054,165.2499
assoc,4.2391,103.1362
sig,-1.8407,24.5634
sig,13.0923,108.7160
sig,19.0343,119.4184
assoc,8.1213,232.1620
assoc,6.2281,299.6020
sig,-6.4245,138.5803
assoc,-5.3176,160.5455
assoc,-5.0393,136.5963
assoc,-1.6790,136.5242
assoc,5.1007,7.0849
assoc,5.6801,290.5144
sig,-7.8091,138.0482
sig,-5.9280,18.8029
assoc,9.5519,266.2026
sig,-7.3637,152.7364
sig,15.3183,288.1678
assoc,8.4313,119.7473
sig,12.7853,266.6674
assoc,13.9072,76.9689
sig,-20.0797,33.8713
assoc,6.3912,294.0721
sig,9.0063,121.9145
sig,-4.5167,148.9086
sig,12.1953,139.5467
sig,9.6526,111.0333
sig,5.2626,119.0076
sig,0.8184,123.3333
assoc,-11.3106,111.0967
assoc,9.7705,298.2960
sig,4.6600,120.3627
sig,-17.2907,131.8528
sig,-18.0575,132.7302
assoc,11.0613,244.5620
assoc,-15.2236,150.4666
sig,4.4490,297.0351
sig,-18.9265,127.1362
assoc,12.0242,282.8195
assoc,9.2443,285.6738
sig,18.2760,121.4118
assoc,15.5127,284.5349
assoc,-0.9948,147.0999
assoc,3.0586,22.0681
assoc,14.1402,276.4521
sig,12.7212,268.9046
assoc,-12.1859,27.2567
sig,-18.5801,152.0972
sig,-13.4601,41.9195
sig,-8.3557,140.7694
sig,15.4612,131.6982
assoc,11.4372,135.9841
assoc,14.8370,271.1200
sig,4.6878,25.8372
sig,-3.0824,143.7220
sig,17.4735,98.6543
sig,-12.2013,128.6344
sig,-3.7991,6.9078
sig,-12.6270,133.6020
assoc,15.6045,252.9792
sig,6.4506,358.0433
sig,-0.4500,11.4918
sig,-8.6299,139.7347
assoc,3.4740,6.2571
assoc,-2.6445,287.6709
assoc,10.4309,100.2563
sig,-15.5384,31.3727
sig,-5.9262,153.5862
sig,-6.8879,149.3772
sig,-5.2581,147.7288
assoc,-1.7649,151.1333
assoc,0.9843,126.3249
sig,-15.1401,131.0781
assoc,-19.7908,219.3814
assoc,-3.7973,281.4524
sig,0.3296,115.9434
sig,7.9504,71.7284
sig,12.6559,118.4948
sig,-19.7331,124.1216
assoc,10.6543,77.6137
assoc,-19.6693,35.8965
sig,-25.5395,131.1466
assoc,-10.5560,27.6487
sig,-0.4986,12.7388
sig,22.1909,272.8684
assoc,-14.6403,110.5420
sig,-14.7696,37.7567
sig,-6.6779,21.8821
sig,-9.6935,12.4273
sig,-6.1256,15.9951
assoc,10.0795,242.9636
sig,-16.8113,40.4545
sig,-2.9411,83.0434
sig,-17.8939,46.9060
assoc,5.9823,189.0371
sig,-1.0679,23.2101
sig,2.0748,355.9554
sig,-19.9714,136.6229
assoc,-17.1455,126.9594
assoc,5.7182,294.4206
assoc,-8.5943,135.7539
assoc,-17.6699,228.7040
assoc,-25.5900,34.3400
sig,-13.8290,41.1516
sig,-1.2174,287.6998
sig,1.2976,19.7255
assoc,6.6933,122.7724
sig,-15.3755,57.5525
sig,-3.0204,20.7532
sig,-3.7301,133.6813
assoc,0.6863,346.6459
sig,-13.1775,15.2290
assoc,2.4903,311.2502
assoc,-17.3961,221.6929
assoc,-16.2311,39.6101
sig,-21.5339,45.8468
sig,-0.3229,286.6278
assoc,-11.8080,225.3966
assoc,1.6134,286.3112
assoc,-18.8797,216.8421
assoc,-17.7856,218.1110
assoc,-15.7254,220.4271
sig,7.0073,118.9939
assoc,-23.1787,183.7972
assoc,-12.6784,141.6904
sig,-15.0760,18.0780
assoc,-17.5696,219.1264
sig,-1.1469,153.8499
assoc,-17.2778,36.7088
assoc,-9.8279,110.8673
sig,4.4365,0.0510
sig,-15.7816,138.2407
sig,-19.7160,18.5895
assoc,-20.2640,19.2486
assoc,-19.6548,215.1122
sig,-17.4297,217.7051
assoc,-22.4222,24.3730
sig,-13.1085,131.1716
assoc,-20.6954,212.7701
assoc,-23.7468,216.6566
assoc,-22.4916,214.0593
sig,-0.6077,116.3587
assoc,6.1197,95.6173
assoc,1.1698,15.0847
sig,-16.4480,134.8159
sig,-20.5733,22.4490
sig,-12.7799,124.9953
assoc,-21.0345,230.8980
sig,-16.6354,190.3648
assoc,-15.8315,118.6542
sig,4.5719,316.2641
assoc,-15.1934,233.1347
sig,-4.8495,125.7249
assoc,-3.3267,279.6043
sig,1.1414,110.8310
sig,-5.6860,5.0556
assoc,1.7871,119.3795
assoc,-14.2047,32.7551
assoc,-6.1467,121.1283
sig,-15.6974,131.0096
assoc,-6.7970,106.5078
assoc,-13.7942,207.2993
assoc,4.1367,141.0485
sig,-6.0789,120.2922
assoc,2.2242,108.9847
assoc,1.0544,110.1187
sig,-2.5481,113.6087
sig,-16.8670,213.4151
assoc,5.5335,8.8911
sig,-3.5605,87.1505
assoc,-11.4205,70.7874
sig,-21.4391,204.7865
sig,-21.2546,205.0159
sig,-1.3721,130.2343
sig,1.3010,290.7101
assoc,-10.6153,89.3808
assoc,-8.6318,91.3946
sig,4.9833,7.8387
assoc,-2.9783,125.3559
sig,-11.4953,85.2595
assoc,-12.7307,226.0350
sig,-9.1721,149.2658
assoc,-13.7312,32.9229
sig,-20.3095,40.3774
assoc,-17.1653,227.2036
assoc,-21.1210,231.8777
sig,-8.5484,145.4306
sig,-0.5427,294.2835
assoc,-25.9908,45.6194
sig,-8.5141,32.5785
sig,4.3136,99.4757
assoc,5.9631,254.1940
assoc,-12.0731,123.5450
assoc,10.6981,122.0443
assoc,-2.6741,204.6661
assoc,-20.4052,199.1690
sig,-23.8691,203.5725
assoc,-9.2910,118.7406
assoc,-15.1286,165.7395
sig,-19.0684,129.2152
sig,-12.7792,36.2030
assoc,-14.9091,200.2400
sig,0.0837,281.6723
assoc,-15.5565,192.6284
assoc,-3.5866,196.0762
sig,-3.2399,10.5948
assoc,-7.0304,47.4436
sig,3.6073,91.4119
assoc,-0.3694,283.5313
sig,1.6743,285.5106
assoc,2.7683,286.5724
assoc,-5.8693,11.8872
sig,-15.3856,20.0526
sig,-8.8354,26.9129
assoc,0.6683,105.7425
sig,5.5889,267.5649
assoc,-18.0495,218.8962
assoc,-1.0503,104.5682
assoc,-10.0061,40.7790
assoc,22.2484,197.8854
assoc,-9.9468,19.5715
sig,0.7911,123.8900
assoc,-7.1526,107.4310
sig,-0.6990,122.4151
assoc,5.1704,116.5290
assoc,8.6306,64.6781
sig,-3.9114,116.1961
sig,-3.9112,116.1963
sig,6.2152,5.0158
sig,16.2547,268.3249
sig,-6.4732,13.7604
sig,6.0212,337.5248
assoc,-7.5336,122.7290
sig,-2.0742,136.0027
sig,-6.4041,118.5201
sig,1.9391,112.5975
sig,-13.7676,24.3250
sig,-11.2141,144.4908
sig,7.8045,74.2729
assoc,11.2131,260.8754
sig,-0.4281,345.5006
sig,6.3130,349.6815
assoc,5.9971,48.7825
sig,-4.6992,10.7804
sig,-5.1470,11.2191
sig,-0.2495,101.2403
assoc,-3.8406,127.8965
sig,4.6441,22.8356
sig,2.9889,24.4497
sig,0.0952,25.8871
sig,-11.7051,181.1090
assoc,3.6854,93.3197
sig,-6.5655,30.6798
sig,2.9428,122.3984
sig,-19.2242,180.2062
sig,5.9904,9.2592
sig,-13.5054,216.1098
assoc,-23.9194,204.1851
sig,-1.5042,104.2076
assoc,1.4307,146.7252
sig,-11.0720,11.5669
assoc,8.0952,342.8136
assoc,7.5392,343.3689
sig,-14.6234,196.0204
sig,17.3941,115.1519
sig,21.2456,86.3800
assoc,6.5455,282.9821
sig,0.3461,11.5737
assoc,25.3947,183.3838
sig,12.4174,95.3346
assoc,-4.6889,120.7925
assoc,-2.7929,98.4406
sig,14.9059,84.6434
sig,-4.1201,103.6478
sig,-5.8740,105.3677
assoc,7.0326,20.1750
sig,4.5191,116.4435
sig,-5.1408,101.6302
sig,1.8302,22.2525
sig,5.7389,281.6397
sig,7.0691,5.2114
sig,-2.4951,20.4229
sig,-11.0114,146.8889
assoc,9.4891,264.8206
sig,-3.9985,18.8807
sig,12.1456,287.3370
sig,16.8712,51.8702
sig,0.1127,104.4056
sig,8.4496,348.5771
sig,21.4430,287.2864
sig,6.2504,292.0058
sig,-1.4277,22.5982
assoc,2.2753,118.7278
sig,6.5101,74.4731
assoc,8.4117,266.9698
assoc,5.5216,239.9004
assoc,7.7475,249.6630
sig,3.4561,138.1089
sig,16.5770,127.4045
sig,22.8465,110.7268
sig,9.7803,255.8460
assoc,14.0752,139.2547
assoc,-0.0647,191.2786
sig,10.6819,58.1106
assoc,5.5962,347.3483
sig,6.6584,118.7519
assoc,-0.2681,15.1398
assoc,-5.9782,151.6479
sig,10.3782,121.4157
sig,8.1451,16.9418
sig,2.8000,105.3277
assoc,15.5915,85.2551
sig,9.6886,67.2601
assoc,21.9452,292.5110
assoc,2.1349,291.9708
sig,9.4977,348.3958
sig,1.1863,305.6461
assoc,8.9167,342.5749
sig,17.1850,285.3671
assoc,16.0626,283.4245
sig,-0.0130,106.0021
sig,8.0631,73.8824
assoc,5.5054,300.2500
assoc,9.0313,303.7588
assoc,24.7280,124.8662
sig,22.3272,94.2854
sig,17.8927,265.3762
assoc,6.0839,277.7891
assoc,5.0500,278.8057
sig,8.6379,272.0556
sig,10.9082,2.3359
sig,18.4931,113.0267
sig,4.9936,280.5828
sig,20.0312,30.2455
sig,20.5161,80.0336
assoc,4.0255,24.9261
assoc,11.1229,256.7793
sig,-1.0034,26.2629
assoc,5.4410,223.0384
sig,21.8543,286.0928
assoc,15.4074,124.8097
sig,9.6686,82.4228
sig,8.6910,268.3344
sig,20.8047,260.6604
assoc,4.6719,277.9144
sig,4.3355,278.2433
sig,23.6609,91.5587
assoc,22.0651,280.1262
assoc,13.1994,266.1099
assoc,0.9186,278.3899
assoc,15.7827,284.3559
assoc,1.0401,126.6643
sig,8.0132,282.9783
sig,14.3618,300.4751
sig,13.1721,126.0995
sig,-3.8281,21.8980
assoc,-4.4881,109.0762
assoc,13.4120,268.9352
assoc,-0.3968,278.5792
sig,6.4779,5.5655
assoc,-12.9010,166.8463
sig,9.4948,282.7838
sig,4.4510,4.4092
assoc,8.9934,117.8106
assoc,13.4597,283.7487
assoc,25.3543,267.5385
assoc,21.7630,287.8939
sig,19.8398,290.2541
assoc,11.2474,341.4863
sig,10.4271,124.8498
assoc,-7.0173,117.7727
sig,25.9217,283.1306
sig,12.4865,264.8334
sig,8.9121,281.2780
assoc,-6.2721,121.1733
sig,0.2785,294.9233
assoc,13.0105,116.0446
sig,9.6523,275.7667
assoc,16.3035,296.5993
sig,10.4162,273.4190
assoc,10.5063,273.5113
assoc,12.2314,275.2971
assoc,16.2189,255.3828
sig,14.0084,271.7744
assoc,15.2886,348.0684
sig,25.9111,84.7039
assoc,8.4761,289.4179
sig,20.2747,292.9148
sig,15.1755,262.8545
sig,16.8252,253.0974
assoc,10.1900,103.0517
sig,9.3225,272.8607
assoc,12.2002,102.0315
sig,12.6604,268.8585
sig,10.3675,268.7024
sig,19.3145,270.0727
sig,17.0337,243.2279
assoc,16.2303,169.7138
sig,6.8651,135.7479
sig,11.6490,282.7383
assoc,21.7008,148.8673
assoc,5.7387,225.2809
sig,10.9832,279.9223
sig,15.9924,281.2216
assoc,10.1322,277.7133
sig,21.2616,120.1075
sig,9.4055,101.7568
sig,14.7421,107.3381
sig,20.6523,89.9160
assoc,18.0031,96.7146
assoc,6.8744,108.4722
sig,12.4062,271.2015
assoc,15.6448,274.6795
sig,14.3530,267.1367
assoc,6.1600,275.5390
sig,14.9760,104.5163
sig,5.1208,284.9774
assoc,15.1708,263.1744
assoc,6.3042,283.0685
sig,22.3838,251.6222
assoc,11.0058,284.7320
sig,1.9262,296.8542
sig,5.5098,300.3497
sig,19.8219,264.1129
assoc,7.2528,29.6911
sig,4.0839,280.3004
sig,3.1801,281.1811
assoc,7.1826,265.5366
sig,4.0438,117.2277
sig,1.6532,18.0869
sig,21.6499,88.9380
sig,10.0643,268.2367
assoc,4.5370,273.7427
assoc,8.4445,309.0931
sig,11.7988,264.1083
sig,4.0109,295.4051
sig,0.2664,299.0399
sig,-0.1178,105.7830
assoc,21.1160,271.5347
sig,25.4033,277.1656
sig,16.3815,255.4148
sig,10.3044,353.2778
sig,0.9031,295.5860
assoc,4.8764,288.4567
assoc,14.4874,254.4443
assoc,11.6266,348.5425
assoc,17.6946,282.5255
sig,23.4083,286.2054
assoc,3.7049,25.9765
sig,18.5700,41.5083
sig,18.6764,41.6325
sig,18.9916,42.0020
sig,18.9918,42.0021
assoc,20.7271,44.0843
assoc,24.6106,115.1761
assoc,13.5761,294.6920
sig,10.7855,293.1802
sig,17.4390,287.4027
sig,20.7016,110.5809
assoc,18.2731,274.0655
assoc,17.4971,284.2996
sig,14.3115,263.6258
assoc,11.6559,266.4337
assoc,20.8954,274.1565
assoc,21.3177,276.7248
assoc,-3.6893,172.6365
sig,-11.4154,180.3575
assoc,13.5784,299.0914
assoc,8.7986,275.3948
assoc,13.7676,272.0726
assoc,6.9086,346.8677
sig,13.1283,292.1143
assoc,14.3997,287.7416
sig,18.5356,258.9119
sig,11.8858,266.2057
assoc,8.4507,24.6933
sig,21.6728,294.4996
sig,24.9354,311.4100
sig,-1.5299,20.9712
sig,-2.3979,144.2925
sig,21.7623,282.3915
sig,4.2149,280.7649
sig,6.8996,268.4621
sig,21.6881,82.9076
assoc,1.9237,294.5431
sig,7.5356,264.8421
sig,8.7519,279.2818
sig,12.7069,280.7706
sig,11.7114,281.8122
sig,7.1658,286.4240
sig,4.7966,288.7603
sig,21.5846,291.8760
sig,12.0079,325.0526
sig,1.5312,285.9796
assoc,15.2783,277.1695
sig,23.6387,287.1649
assoc,24.8002,160.7211
sig,-8.3379,168.6910
assoc,9.6039,359.0882
sig,-5.7681,138.9732
sig,25.8950,80.6580
assoc,-6.2585,91.0596
sig,4.4557,136.1933
assoc,23.1240,275.0482
sig,5.0426,278.9879
sig,6.5285,280.4509
sig,7.2551,281.1716
sig,6.4781,290.4975
sig,0.5752,293.2963
sig,15.5529,275.1850
sig,8.1840,297.4235
assoc,4.7658,355.8996
assoc,5.8652,282.2326
sig,17.8647,290.8834
sig,9.1500,273.0676
sig,14.4681,219.5752
sig,10.8715,358.0310
sig,16.0652,121.6147
sig,9.3251,280.9355
assoc,13.9230,116.3514
sig,9.7618,278.4520
sig,9.0110,271.8529
assoc,10.3901,31.3143
assoc,19.9300,305.0230
assoc,22.7076,87.8287
assoc,3.7190,18.8600
assoc,21.8453,278.1363
sig,11.6270,289.7027
sig,11.6268,289.7030
sig,7.7291,283.1332
sig,14.7467,283.4950
sig,16.5406,310.7874
assoc,-9.9238,18.0907
sig,4.9948,118.3378
sig,19.1741,79.1670
assoc,13.4686,207.7764
sig,11.0903,347.5577
assoc,5.0792,293.1451
sig,-3.2114,18.9796
sig,7.8935,293.0488
sig,4.9105,279.1215
assoc,2.8868,281.0959
assoc,11.4066,103.0878
sig,11.2547,6.1608
assoc,4.3629,110.3150
sig,8.0679,0.0497
assoc,13.1814,5.3045
sig,12.6886,123.2426
sig,24.8096,306.5646
sig,16.9336,272.6351
assoc,3.3523,96.9929
sig,5.8971,7.7950
assoc,9.7140,323.2310
sig,24.8032,94.6142
sig,17.5826,270.0879
assoc,0.8563,287.4699
assoc,23.5922,259.8908
sig,15.3326,269.7652
sig,13.2874,271.9704
sig,1.2124,284.9784
assoc,12.6718,6.5385
sig,-6.1747,178.2032
assoc,13.0979,290.6998
sig,21.7152,110.3994
sig,15.7748,124.7938
sig,-0.4116,11.6853
sig,-12.1311,186.4265
sig,7.0207,285.6607
sig,23.5691,268.0391
assoc,9.4664,277.6174
sig,-7.3835,170.4188
assoc,0.2014,114.6391
sig,21.1881,283.2663
assoc,-2.4385,111.0659
assoc,-7.7105,135.4558
assoc,17.9652,61.1169
assoc,4.8647,289.7123
assoc,0.3245,97.8885
sig,8.5778,280.5068
sig,5.8007,283.2685
assoc,-9.5896,14.8265
sig,8.9100,349.9626
assoc,-17.9650,17.1310
sig,21.7223,287.4043
sig,17.2492,265.7943
assoc,14.2696,269.0861
sig,-2.9108,64.2920
assoc,9.5822,80.5066
assoc,8.6302,102.9024
sig,4.0573,10.6892
sig,7.7599,122.4646
assoc,9.3769,113.7049
assoc,11.4691,43.2991
sig,18.8095,105.1686
assoc,5.3867,22.5994
assoc,21.5994,288.3351
sig,-1.8106,118.7102
assoc,1.6759,122.0867
sig,2.1062,98.3233
sig,5.3101,101.4478
assoc,9.6728,109.5928
sig,3.7423,94.4620
sig,11.4110,290.1365
sig,11.1346,120.5865
sig,11.7115,121.1840
sig,-3.9397,103.0437
sig,14.5599,97.3161
sig,14.8690,114.7382
sig,11.8738,117.9233
sig,15.9118,71.9122
sig,12.7994,114.2144
assoc,11.4332,276.6545
assoc,20.7385,290.6417
sig,15.4751,111.7093
assoc,14.7993,277.5345
sig,7.2893,124.6965
assoc,6.7367,99.9706
sig,17.4516,62.8755
sig,-3.3596,17.6019
assoc,3.9692,24.7125
assoc,10.2776,294.2751
sig,-0.0113,114.8841
sig,-4.8848,18.9154
assoc,-18.1782,182.2419
sig,-21.2389,248.4464
sig,-21.2381,248.4474
sig,-21.2373,248.4483
sig,-8.6094,141.4515
assoc,24.3269,289.1178
sig,-14.1109,125.1064
assoc,-14.8128,145.8719
sig,0.3547,112.7647
sig,5.5196,117.7921
sig,14.6364,78.7807
sig,5.2705,20.8400
sig,-11.0023,195.5991
sig,-9.6205,197.0124
assoc,-5.3824,201.2384
assoc,0.5554,182.8378
assoc,23.9913,324.3449
sig,4.7328,305.1381
assoc,8.6596,75.7878
sig,10.3065,117.2930
assoc,3.1812,341.8520
sig,-3.5525,125.2213
sig,11.0302,285.6827
assoc,10.9506,116.5357
assoc,-7.2042,10.8853
sig,-9.8703,13.5655
assoc,-6.6627,152.7762
assoc,-0.1448,122.2438
sig,-5.9365,18.3058
sig,0.2809,287.6611
assoc,13.4640,131.6242
assoc,7.4715,278.7911
sig,5.7698,280.4759
assoc,14.8584,106.3434
sig,-1.5034,14.8090
sig,-4.1875,115.7337
sig,-2.0277,108.3987
sig,15.0049,122.8864
assoc,10.4699,115.5177
sig,-0.2467,8.2590
assoc,9.4187,17.7563
sig,-14.6744,140.2503
assoc,5.0764,96.3904
assoc,-3.8517,105.0640
assoc,3.6765,25.2396
assoc,4.6925,110.6519
sig,-6.0620,115.9884
sig,-6.0621,115.9885
assoc,6.8469,76.6677
sig,-11.2539,143.4356
assoc,-11.9232,138.4072
sig,-8.0821,13.6346
assoc,13.1011,138.3551
assoc,3.7030,281.9696
sig,0.8245,21.7533
sig,-0.6141,20.2867
sig,-14.5443,31.7634
sig,-16.8432,128.4407
sig,-17.9039,129.6472
sig,4.7625,283.8225
assoc,-3.1962,136.0251
sig,-13.1118,140.9411
sig,-13.3910,141.2373
assoc,-0.6365,295.1294
sig,-9.9181,38.4221
sig,-17.8083,141.0547
assoc,-12.2056,38.2585
sig,-17.4492,19.8015
assoc,-11.9730,132.1699
assoc,17.9300,311.8629
assoc,-4.0232,110.0847
sig,-5.0174,141.7889
assoc,-5.3706,142.1355
assoc,9.1824,117.9946
assoc,-7.8580,139.5863
sig,-16.9641,125.0162
assoc,-1.1492,105.3605
assoc,-5.1119,110.2001
assoc,6.3844,2.3359
sig,-16.1846,135.8950
sig,-12.0164,111.2194
sig,-11.9727,111.2651
sig,-3.7647,138.6797
sig,-14.3526,131.3353
sig,-16.7950,134.0241
sig,-13.2947,126.5751
assoc,-13.2868,171.0838
sig,-17.8158,31.0804
sig,-6.8661,123.2405
assoc,-17.4167,122.3442
sig,-21.7641,24.6162
sig,2.4090,95.8199
sig,-7.7337,107.6404
sig,-14.7414,51.4606
assoc,4.3714,102.4829
sig,3.7107,93.4392
assoc,-4.5717,116.0603
sig,-5.6763,117.1440
assoc,-5.7723,117.2385
assoc,1.5840,109.5700
assoc,-4.0461,279.8948
assoc,-0.8623,11.0534
assoc,1.5943,289.0906
assoc,1.4192,289.2603
sig,-2.8530,124.2961
assoc,-6.2966,127.6673
assoc,-5.3827,115.1016
sig,-2.8867,141.4133
sig,0.2227,87.7351
assoc,-16.4294,41.2443
sig,-14.8020,231.6060
assoc,-16.0292,46.5186
sig,-23.4236,31.2490
assoc,-10.1599,53.4830
assoc,-10.8905,169.7282
sig,-14.9880,125.7543
sig,7.9422,281.7375
sig,-4.6968,52.0231
sig,3.4287,274.9925
assoc,5.5449,277.0630
sig,1.1874,293.5337
sig,0.8887,100.5984
sig,-1.2340,30.1920
sig,-7.6138,36.4423
sig,6.3223,262.0752
sig,-1.0277,100.1630
sig,7.4620,274.3745
sig,-11.4377,38.0344
assoc,-23.1414,121.5663
sig,-2.9712,20.3926
sig,-19.1652,41.9637
sig,-22.6502,165.9384
sig,-10.3431,131.5537
sig,-8.2853,109.4857
sig,-3.1606,114.5367
sig,-1.5671,89.6564
sig,-19.4532,37.7521
sig,-10.3781,151.1187
sig,-7.7948,153.7289
sig,-6.7701,154.7482
assoc,-9.7707,127.5872
assoc,-7.2917,105.9285
sig,-7.5381,103.4146
assoc,-16.3036,126.2020
sig,0.0193,54.5511
assoc,-15.4062,206.9337
assoc,-1.9617,123.9900
assoc,-14.0108,136.5588
sig,-11.6445,13.2485
sig,-23.2235,39.2803
sig,-2.9829,83.1724
sig,-18.0644,19.2237
sig,-10.5780,25.0989
assoc,-8.3893,354.3600
sig,-16.1099,14.7665
sig,0.3487,3.2942
sig,-11.9214,14.8364
assoc,-19.8890,112.0833
sig,-8.0577,31.9137
assoc,6.9949,279.3537
sig,3.4803,100.4206
assoc,0.7776,286.2291
sig,-4.4248,25.7076
assoc,-1.0812,91.7181
sig,-8.0203,12.4854
sig,-9.5193,147.2214
sig,0.1712,111.4303
sig,-9.8413,48.8553
assoc,-7.6448,103.0518
assoc,-3.7435,113.1093
assoc,-17.5379,125.2979
assoc,-18.8044,126.7618
assoc,-14.9494,192.7243
sig,4.0666,292.3189
assoc,3.4663,292.9043
assoc,2.1871,294.1479
assoc,-14.8814,190.5415
sig,-18.6948,23.7457
assoc,6.7930,128.6423
sig,-7.0540,40.6063
sig,-1.3491,357.9075
sig,3.8943,0.8991
assoc,-7.5353,108.3585
sig,23.5129,125.0867
sig,-12.2744,39.2644
sig,-6.7837,105.0419
sig,-18.0767,20.2012
assoc,6.8461,270.0750
sig,19.8467,114.6123
sig,19.4354,299.0792
sig,-3.5790,17.7617
assoc,20.8204,110.5608
assoc,17.9261,270.2561
sig,-7.0383,15.4380
assoc,-7.7955,144.6439
assoc,2.6981,97.0191
assoc,-4.9056,141.8173
assoc,-6.9623,115.6018
sig,-2.2389,120.2268
sig,3.2699,101.3778
sig,-2.5959,358.9354
sig,-10.1828,10.0819
sig,-4.9564,163.1257
assoc,-11.6938,132.1672
assoc,-10.4732,109.2379
sig,-6.8169,13.3432
sig,-2.5727,17.5003
sig,2.2564,107.5328
sig,2.8592,111.0903
sig,3.8531,12.5118
sig,5.4074,98.8549
sig,4.4170,75.6368
assoc,-3.5186,99.3119
assoc,-1.3688,101.3993
assoc,12.1458,258.5609
assoc,1.2951,339.1335
assoc,-7.9399,106.2965
sig,0.5032,97.6267
assoc,-7.7070,200.0162
sig,-9.5082,157.5598
assoc,3.3069,73.3725
assoc,2.2231,93.7207
sig,3.1178,46.2170
sig,-3.6183,12.7153
assoc,11.3281,97.5717
sig,4.3240,104.5850
assoc,7.1043,2.3269
assoc,7.9482,264.7501
assoc,7.1069,302.2776
sig,2.0877,103.8838
assoc,10.4717,259.4246
assoc,10.1893,259.7135
sig,1.9913,101.0206
sig,2.6022,101.6136
sig,-1.2711,25.3052
assoc,-4.8863,137.1905
sig,14.5411,77.5805
sig,-4.3188,23.8293
sig,1.9228,17.3982
sig,5.0349,283.6995
assoc,13.6114,268.2313
assoc,4.9928,103.2992
assoc,5.3107,73.3468
assoc,-5.0888,142.0332
sig,0.7251,26.7794
assoc,12.0872,276.0037
sig,9.0054,279.1645
assoc,14.8149,86.6394
sig,18.4332,72.8953
assoc,2.5943,16.8012
sig,12.8842,277.9917
assoc,9.3301,250.1401
sig,0.9328,93.6903
sig,-4.5549,99.0171
sig,13.3845,271.9856
sig,24.7126,189.9621
sig,12.2698,294.6745
assoc,13.1323,266.9294
assoc,12.9500,267.1222
assoc,8.4672,72.0350
sig,9.7292,125.3935
assoc,12.9428,267.3925
sig,-7.2252,150.7276
sig,7.2894,280.4803
assoc,8.1514,281.3408
sig,15.8933,65.2116
assoc,12.8941,68.4507
assoc,24.5508,293.7865
sig,12.4943,283.8151
sig,5.4986,97.4784
sig,6.0265,118.4902
sig,17.3238,92.3510
assoc,15.7568,127.3211
assoc,-2.6663,109.9046
sig,8.6625,271.9353
sig,13.0012,122.4201
assoc,-1.7764,112.9282
assoc,-7.1665,151.2226
assoc,-7.1663,151.2227
sig,7.6815,283.9872
assoc,-7.7377,99.6952
assoc,-11.4000,190.0601
sig,19.9468,222.0968
sig,7.5143,106.7957
sig,12.4613,85.7766
sig,14.3091,274.6011
sig,14.3089,274.6013
sig,14.3085,274.6018
assoc,10.8912,107.6167
assoc,6.6190,124.8917
assoc,21.5266,263.6734
assoc,-1.0604,114.8242
sig,-10.1784,175.7533
assoc,-0.3589,160.6818
assoc,-12.2107,172.4667
sig,9.9712,120.5056
sig,25.8457,90.7765
sig,9.1988,286.3451
sig,9.8304,190.2979
sig,14.2333,170.7276
sig,-10.5349,191.8279
sig,-8.1198,184.7252
sig,-1.1706,150.1775
assoc,21.4297,291.5151
sig,-0.1405,25.1843
assoc,14.2353,133.7180
assoc,-8.4356,181.1247
sig,3.3350,23.4324
sig,17.9040,118.8543
sig,3.1360,284.0006
sig,8.0656,117.1160
assoc,-9.0832,146.0956
assoc,11.2762,284.4738
assoc,-8.5357,192.4382
assoc,10.2526,286.0978
assoc,9.1902,117.9918
sig,13.7133,279.9437
sig,12.7193,280.9981
sig,10.2487,283.5603
sig,4.6220,296.8949
sig,13.3386,84.4494
sig,8.4529,295.6162
sig,-7.8343,110.4863
sig,10.1324,82.7193
sig,21.0184,280.1632
assoc,12.8664,125.9146
assoc,14.3566,127.5044
assoc,23.3591,277.6052
sig,15.6362,262.6709
assoc,-4.7940,89.7853
assoc,13.3651,266.4005
assoc,20.3004,276.4223
assoc,10.7686,111.1340
sig,4.3425,285.8478
assoc,3.2841,286.8799
sig,13.1553,83.6030
assoc,22.3039,288.3233
sig,8.8655,278.8622
sig,19.1654,122.7389
assoc,20.3360,288.0039
sig,19.0219,136.8033
assoc,20.7128,138.8329
sig,8.9682,7.9330
assoc,4.0407,251.9872
sig,7.8384,262.3279
sig,7.8219,25.8070
sig,16.8434,110.5062
assoc,4.5816,273.3737
sig,23.6297,266.4793
assoc,3.3386,288.6334
sig,18.7457,100.9391
assoc,15.8488,132.6147
sig,16.9281,267.2684
assoc,17.7121,283.2182
assoc,15.6718,285.5095
sig,15.3519,114.2962
sig,2.5544,275.9900
assoc,11.3159,279.8651
assoc,22.7192,290.4545
assoc,24.0568,292.2147
sig,19.8006,268.6490
sig,1.1685,289.1252
sig,18.3101,258.4951
sig,19.1295,291.1959
assoc,10.6680,276.2869
sig,3.9661,111.4433
sig,25.3631,85.1402
sig,6.1440,18.6370
sig,7.9025,281.3691
assoc,12.1335,285.6868
sig,8.1951,257.5015
assoc,18.7979,268.8692
assoc,-6.2085,144.4315
assoc,9.4286,275.8162
assoc,17.0786,272.1369
sig,5.3513,282.0074
sig,9.1560,79.9544
assoc,15.7311,299.6141
sig,22.6902,111.1606
assoc,9.4680,268.6417
sig,3.7201,177.7274
sig,5.8560,113.4259
sig,12.9901,261.0135
sig,15.6739,119.0023
sig,22.7198,72.2496
sig,20.9799,282.8912
assoc,19.1882,302.6283
sig,11.5046,270.2515
sig,12.7376,264.4744
sig,22.2477,275.4988
assoc,23.3669,102.7528
sig,19.1826,267.2854
assoc,14.5903,279.9534
assoc,21.7200,123.2727
sig,12.3206,277.9419
sig,15.6402,41.4951
sig,15.6403,41.4952
sig,17.4326,103.3434
assoc,9.5390,12.9902
sig,12.7726,34.0110
sig,11.0311,272.6975
sig,21.2082,87.5159
assoc,8.2160,288.3921
assoc,9.0590,6.9347
sig,-23.1060,255.6748
sig,8.8617,286.8753
sig,20.1061,274.9850
assoc,18.3420,268.5951
sig,7.9031,289.2114
assoc,5.3665,291.7236
sig,6.3705,60.6700
sig,10.2857,282.5471
sig,10.8813,348.0369
assoc,3.4122,17.5291
assoc,23.7722,258.7045
assoc,11.5584,342.9708
sig,10.4200,269.3790
sig,7.6046,218.2562
sig,19.5970,286.0126
sig,10.5947,271.7542
sig,6.6697,275.7052
assoc,15.0662,264.9605
sig,25.2852,282.6095
assoc,-22.6443,228.7700
sig,25.4610,302.8739
sig,25.3615,278.5961
sig,11.9056,284.2364
sig,10.2123,285.9832
sig,8.3203,287.8980
sig,5.7313,24.9642
sig,22.5972,269.9542
assoc,12.5551,281.5116
sig,9.0425,285.1262
sig,2.0972,289.9321
sig,-8.4120,155.3908
sig,7.2138,19.4195
assoc,13.6307,300.4317
sig,14.2833,279.0867
assoc,-5.4278,148.3696
assoc,-4.9472,113.1085
sig,-4.9471,113.1086
sig,17.6670,122.9856
assoc,8.6005,98.1982
sig,-10.5220,99.1697
sig,-3.2713,17.5642
sig,19.5867,130.2336
sig,21.7179,130.8582
assoc,22.8713,273.6345
sig,2.7764,293.3885
assoc,11.4186,282.8199
assoc,0.2368,293.8999
assoc,-2.5576,99.5607
sig,24.4289,122.8782
sig,23.0522,124.7090
assoc,22.3984,148.0246
assoc,23.4137,267.0720
assoc,3.4150,294.5114
assoc,10.7319,303.7887
assoc,0.8393,123.1148
sig,10.7679,86.5994
sig,21.1136,70.1853
sig,10.9584,320.4303
sig,8.8135,108.9086
sig,22.9892,284.1139
assoc,-0.4394,116.1692
assoc,7.0955,123.5228
assoc,13.5108,130.0977
sig,11.7059,174.5705
sig,-4.6254,110.2245
sig,7.4208,25.4706
assoc,6.0312,107.9241
assoc,12.8006,340.4222
assoc,1.8940,114.6862
assoc,13.9817,76.7582
assoc,22.8539,276.4295
assoc,25.7931,278.5797
sig,-13.4706,188.5147
sig,18.4927,278.5183
assoc,17.5636,279.5895
assoc,14.1719,286.7262
assoc,15.2243,280.3783
assoc,13.4148,282.3303
assoc,13.6575,117.3280
sig,18.4580,313.8140
sig,19.1455,73.4124
sig,19.4828,144.3627
sig,8.2102,11.5991
assoc,3.7001,294.7879
sig,9.8579,347.3402
sig,-3.0669,286.4216
sig,3.3813,292.6754
sig,10.8935,83.0848
assoc,25.2876,164.3601
assoc,6.4109,87.4971
assoc,20.3406,282.9227
sig,11.3890,273.6387
sig,-7.2016,13.4695
sig,2.3902,22.8201
sig,2.5235,22.9496
sig,2.9527,23.3667
sig,6.0892,86.0315
sig,0.8645,283.0900
assoc,8.5790,81.7760
sig,6.6923,23.4864
assoc,13.7720,268.3915
sig,-5.9756,150.5738
assoc,16.3385,291.8184
assoc,23.8268,321.0410
sig,-5.2937,158.9323
assoc,6.4376,288.7528
sig,-2.4055,28.3075
sig,-6.2707,22.8244
sig,-4.9182,24.1554
sig,-2.4451,145.4410
sig,-8.8874,59.2339
sig,15.9181,65.8074
assoc,-6.9988,152.1231
sig,-12.7714,61.5644
sig,-0.1841,23.7342
sig,-3.4940,115.3124
assoc,7.5539,126.0903
assoc,-5.4670,123.1971
assoc,3.9301,289.6424
sig,1.2480,20.2281
sig,-4.7758,15.9861
sig,-0.7823,19.8718
sig,-0.7821,19.8719
assoc,-4.9096,169.2352
sig,-7.0933,171.3892
sig,15.1954,76.8129
sig,25.7847,303.2445
sig,10.4077,297.2220
assoc,-5.9419,156.2488
sig,21.9023,305.2141
assoc,11.3712,75.2733
assoc,-5.7858,20.6309
sig,-7.8462,117.5156
assoc,-11.0036,120.7176
assoc,21.6088,300.5886
sig,-0.7665,14.1567
sig,-7.9543,21.1997
sig,-7.3249,115.4206
assoc,0.0932,106.6085
assoc,-0.4542,153.6826
assoc,2.1033,295.9343
assoc,-6.2150,13.2355
sig,7.9479,110.5953
sig,-20.5862,123.5813
assoc,11.2828,66.7751
sig,-15.0669,19.2797
assoc,3.7057,119.4806
sig,-8.2694,107.0750
assoc,-0.1446,121.6864
sig,-13.4807,131.3909
assoc,15.6015,297.0640
sig,16.8648,175.1480
sig,19.1522,124.3097
sig,-0.3175,23.9176
sig,9.9626,349.6976
assoc,0.5230,286.7027
sig,-5.5598,27.5013
sig,2.7105,114.3534
sig,-11.9077,128.7969
sig,4.6039,0.1739
sig,-4.7416,23.6704
assoc,-5.6163,24.5289
assoc,-1.3435,115.2611
sig,12.9247,268.2742
sig,-6.0779,142.4792
sig,-6.1052,118.4061
sig,-7.0060,22.8949
assoc,-9.9844,25.8889
sig,-2.7190,137.6959
assoc,-10.6154,25.0388
sig,-12.4792,26.9730
assoc,7.7831,114.8362
sig,11.2295,118.3354
assoc,11.4649,285.7896
assoc,-16.0015,121.2492
assoc,-9.5788,134.1949
assoc,-6.5593,21.2450
sig,-15.3164,129.8086
sig,-12.2477,133.0923
assoc,3.6547,123.2985
assoc,19.6385,144.0508
sig,-11.0840,125.9048
sig,-10.6292,122.5970
sig,-21.9463,136.3635
sig,3.7521,113.6734
sig,3.4628,17.0266
assoc,12.4991,72.8280
assoc,11.7998,263.5697
sig,-12.5125,22.5943
assoc,-11.5125,188.9722
assoc,-16.9823,194.8761
assoc,-20.1532,195.8882
sig,-13.2778,43.5987
sig,-13.1628,16.5362
sig,-7.3445,22.4946
assoc,5.8581,202.6642
sig,-21.6543,125.9321
sig,-17.9013,130.4313
assoc,-12.9576,135.8679
sig,-7.8233,20.6886
sig,-13.5084,133.9595
sig,-2.6904,24.4137
sig,-14.6251,137.4195
assoc,24.4509,215.3257
assoc,24.9303,316.5143
sig,-7.7797,151.7890
assoc,-13.7227,133.8240
assoc,6.4283,281.1248
sig,-9.4610,150.8829
sig,0.5090,21.0044
assoc,-2.3470,19.5932
sig,-7.9350,30.5135
assoc,25.7096,273.0759
sig,13.1898,118.3583
sig,-16.8106,123.3406
sig,-15.5367,114.0010
sig,-3.5999,12.1856
sig,25.9806,324.5019
sig,-16.5738,134.5270
sig,2.4452,104.4078
sig,-21.1213,123.6368
sig,1.1134,26.9487
sig,-19.3212,55.5786
sig,1.1167,1.7003
sig,-13.6752,35.5003
sig,-12.4296,133.2089
sig,-18.7845,140.2267
sig,-21.8859,143.9928
sig,-11.7333,108.4040
sig,3.7382,331.5976
sig,-8.1003,150.5433
sig,-17.0089,134.7237
sig,-5.9425,146.1032
sig,-9.9291,126.0171
sig,-13.0826,129.2895
sig,-16.8194,133.3636
sig,-8.0248,180.0189
sig,-14.6982,129.8780
sig,-10.6264,152.1663
sig,1.0671,114.4079
sig,-12.0413,28.4756
sig,5.9557,118.0451
sig,-15.7437,31.3175
sig,-18.4023,34.3261
sig,-25.4615,155.4307
sig,-24.6369,156.5729
sig,-5.5862,18.5903
sig,-7.1122,20.0989
sig,-13.5255,26.6742
sig,-21.9966,36.4389
sig,-15.4964,148.0680
sig,-18.7508,134.3635
sig,-11.0535,165.7554
sig,-19.0620,171.8094
sig,-21.0354,174.1882
sig,-10.7726,140.8911
sig,-8.0879,143.6140
sig,-16.2148,23.0426
sig,-16.1909,229.2467
sig,-7.3483,132.0010
sig,-17.6720,130.2389
sig,-14.9515,129.1059
sig,-22.1134,118.6872
sig,-20.9650,120.1232
sig,-16.0468,125.8601
sig,-16.0467,125.8602
sig,-16.0465,125.8603
sig,-19.8448,114.1442
sig,-14.0427,127.0372
sig,-19.6655,48.4879
sig,-11.9964,32.2036
sig,0.0778,19.8518
sig,-9.3693,27.5122
sig,-8.0254,32.0453
sig,-4.9204,115.4339
sig,-16.9426,19.7414
sig,3.3033,135.5114
sig,-17.5728,160.5585
sig,-24.3801,132.2952
sig,-10.5558,163.4915
sig,0.8169,129.3361
sig,-19.2243,147.9825
sig,-0.0704,101.3452
sig,-19.1813,120.2339
sig,4.2535,100.5808
sig,-1.8692,11.7009
sig,-1.9283,107.5369
sig,-11.0341,19.7296
sig,-18.2519,224.2399
sig,4.6728,357.9967
sig,-15.0343,17.6712
sig,-18.5277,21.6006
sig,-0.8533,287.5946
sig,-6.3869,171.9449
sig,-7.3977,102.1791
sig,-7.5163,139.4607
sig,-8.1003,140.0439
sig,-12.2914,45.6507
sig,-11.2474,212.7423
sig,-0.2602,343.9923
sig,-12.9994,114.4098
sig,-0.1690,127.2019
sig,-0.2370,78.7215
sig,-4.1668,105.7060
sig,-7.9460,36.8090
sig,-16.8854,46.2278
sig,-8.9044,42.8889
sig,15.1808,330.0944
sig,0.3742,98.1803
sig,-12.1353,34.8594
sig,-4.0492,114.0990
sig,0.3786,21.5660
sig,-18.1120,135.1278
sig,-16.3851,195.1249
sig,-20.8830,17.3910
sig,2.9895,93.6196
sig,4.9469,358.7007
sig,-15.7471,129.3599
sig,-9.7843,53.7986
sig,-9.6026,189.3114
sig,-11.4873,191.2446
sig,3.8375,351.4384
sig,-18.4215,110.9306
sig,-17.5476,194.7311
sig,9.0617,119.4684
sig,-14.1952,21.5809
sig,-1.3038,20.5511
sig,-19.0632,43.4358
sig,6.1325,356.4880
sig,-5.2597,42.5251
sig,-10.5331,49.7092
sig,3.7249,39.5048
sig,-2.3699,9.3963
sig,1.1772,9.0328
sig,-23.9309,194.6589
sig,-18.9134,197.9135
sig,-18.1646,198.7853
sig,-4.5643,19.3988
sig,-19.7313,139.6134
sig,-0.3005,349.3880
sig,-5.0755,170.3216
sig,-9.9843,20.2319
sig,-5.2352,21.9914
sig,12.8716,85.3196
sig,8.1642,84.2071
sig,-12.2928,126.9426
sig,-11.8274,30.6369
sig,14.5910,271.8418
sig,-13.7294,122.4589
sig,-0.9096,14.3280
sig,-10.4262,117.8004
sig,-10.9055,118.2924
sig,5.3708,78.0970
sig,5.0201,78.4412
sig,-0.3221,11.0408
sig,-0.5791,11.2896
sig,-14.5402,18.8820
sig,-12.7026,44.6185
sig,-14.8678,46.9342
sig,-14.7771,36.9270
sig,7.0223,282.4659
sig,13.3704,103.6783
sig,7.5297,98.7531
sig,1.5218,356.0815
sig,-17.0558,41.0395
sig,4.1787,4.5332
sig,9.0442,287.1378
sig,2.9032,358.3660
sig,-0.7211,351.9673
sig,10.2330,77.9421
sig,5.3145,67.5365
sig,0.3995,6.4577
sig,-9.5063,16.1849
sig,18.6676,341.8967
sig,-5.6581,27.9725
sig,5.5362,304.5161
sig,1.5739,114.8592
sig,-1.9206,21.4801
sig,-3.5511,23.0641
sig,1.3762,281.5343
sig,10.9949,101.5853
sig,10.9950,101.5854
sig,-5.7373,60.9369
sig,14.0723,99.4381
sig,-16.3719,105.9606
sig,-0.4589,111.1420
sig,6.0023,284.3878
sig,-8.9322,197.2044
sig,-11.6470,25.4774
sig,22.1496,274.9927
sig,-8.1993,122.5413
sig,-4.1745,126.5169
sig,6.4103,348.8513
sig,6.4399,71.7223
sig,-8.4360,186.3746
sig,2.5022,18.7168
sig,11.4233,103.5536
sig,13.8431,106.0999
sig,-6.4889,107.2908
sig,-0.8768,109.9521
sig,10.7586,268.1268
sig,-4.4473,100.8648
sig,0.3674,105.5374
sig,7.1172,266.1761
sig,3.8797,269.3623
sig,16.7552,216.1598
sig,-5.3776,215.2727
sig,7.6184,107.0175
sig,2.6814,53.7959
sig,9.1717,293.6700
sig,6.5309,83.4200
sig,2.7506,281.7471
sig,12.6603,267.4896
sig,6.9110,258.8460
sig,6.1345,268.9198
sig,-9.5452,163.3599
sig,-3.8153,109.3007
sig,-5.5702,122.9763
sig,-1.6616,30.0421
sig,2.9878,3.1597
sig,7.3212,262.1611
sig,20.3792,175.4703
sig,10.9288,61.0624
sig,0.0510,23.3488
sig,-6.1064,111.3144
sig,8.3413,35.1041
sig,7.4636,121.7723
sig,8.0256,274.4993
sig,7.7750,271.9685
sig,4.2700,19.1060
sig,-9.5234,168.0156
sig,-4.3778,114.5309
sig,20.3737,81.8200
sig,-0.1661,12.0238
sig,15.8675,257.9571
sig,-6.8273,145.0853
sig,7.6356,126.7175
sig,18.9301,114.6143
sig,-2.7135,19.8834
sig,-1.6620,20.9039
sig,0.9818,23.4644
sig,-23.8709,167.7256
sig,13.9290,275.5391
sig,0.1894,20.9010
sig,13.0694,271.3204
sig,13.9307,267.6417
sig,12.3191,3.3201
sig,11.6246,337.1045
sig,6.1461,17.4527
sig,8.9647,17.5053
sig,12.2727,281.4095
sig,4.1359,118.6935
sig,1.3283,119.8888
sig,14.4437,78.5314
sig,20.6837,92.8328
sig,24.6809,164.1087
sig,17.1334,82.2243
sig,0.0262,111.6996
sig,-12.6843,194.4516
sig,22.3605,278.7190
sig,4.2042,298.3681
sig,3.0859,105.9967
sig,2.6674,297.1263
sig,0.3877,299.3347
sig,6.0370,16.7681
sig,1.4975,295.5246
sig,11.7110,116.4916
sig,16.2365,121.3536
sig,8.2801,119.5932
sig,-3.2472,130.8440
sig,16.7128,126.6935
sig,-11.7757,178.9689
sig,-7.0145,145.0718
sig,16.4237,73.1945
sig,-6.8913,105.9172
sig,-2.3306,16.8495
sig,24.7699,78.9502
sig,25.0023,75.9059
sig,-3.8663,170.5282
sig,25.8630,265.4287
sig,8.8919,301.1948
sig,13.1610,278.0361
sig,1.3781,289.8305
sig,13.9004,274.5295
sig,-0.2913,20.7532
sig,3.3450,16.4913
sig,13.9654,123.9425
sig,4.1491,252.0950
sig,6.9734,282.9825
sig,7.8357,283.8412
sig,22.0363,106.0691
sig,11.6312,284.8282
sig,9.7919,280.4006
sig,18.1160,265.1807
sig,17.0750,116.2137
sig,19.5086,261.4098
sig,12.6462,132.8723
sig,4.5019,25.2463
sig,9.7750,293.7715
sig,10.1354,197.4185
sig,-7.0170,156.4137
sig,24.5763,280.3511
sig,14.4610,269.1084
sig,7.3805,283.2930
sig,10.9162,93.4375
sig,17.5597,264.4828
sig,18.0564,105.7704
sig,9.9629,253.6519
sig,25.6972,272.0586
sig,18.2735,264.0287
sig,5.1667,23.2227
sig,11.2171,279.8263
sig,5.8667,246.9757
sig,10.7423,251.8700
sig,11.2033,277.1686
sig,5.5124,282.8896
sig,9.2789,32.7815
sig,23.9835,119.3942
sig,1.9685,286.1943
sig,18.3596,254.8050
sig,25.0576,118.1911
sig,19.0109,260.6083
sig,9.5435,270.8654
sig,9.1994,271.2139
sig,12.1685,266.8638
sig,7.8168,294.1168
sig,9.7226,286.8785
sig,1.1800,292.6450
sig,10.2374,278.4137
sig,20.6667,289.9514
sig,18.1980,175.7376
sig,16.7096,295.6673
sig,7.5062,281.1489
sig,7.2390,281.4148
sig,4.6289,283.9873
sig,10.9970,10.5970
sig,13.6136,272.2287
sig,12.8159,273.0743
sig,3.6371,282.3081
sig,13.9096,269.2684
sig,-11.8786,174.0879
sig,13.5799,266.9792
sig,23.6724,113.9495
sig,-4.0651,139.4362
sig,21.4418,279.5122
sig,0.1826,33.3318
sig,19.1157,156.1790
sig,11.2268,274.5378
sig,11.6167,250.7645
sig,9.6491,276.8078
sig,-8.9291,174.1745
sig,13.4102,274.1972
sig,-7.4385,25.0079
sig,16.6759,154.2631
sig,4.7267,300.6325
sig,16.6156,256.3133
sig,23.2338,127.4631
sig,18.4887,84.9538
sig,19.7463,80.8556
sig,10.9639,110.8578
sig,19.2979,102.9523
sig,8.4295,114.6694
sig,4.4654,26.6035
sig,5.6783,278.7926
sig,25.1293,136.0242
sig,11.9453,294.0345
sig,6.5207,299.5289
sig,6.5936,294.2523
sig,2.1448,296.0062
sig,-6.5599,99.5412
sig,7.5208,279.9021
sig,4.9432,27.3699
sig,10.8296,260.6172
sig,21.8082,294.0202
sig,12.5299,16.5240
sig,18.6362,295.2725
sig,12.1611,278.2272
sig,8.1686,291.7978
sig,12.3329,271.8842
sig,15.6277,272.8497
sig,16.0412,101.5533
sig,5.0949,281.0613
sig,12.5091,285.9935
sig,16.7708,266.4434
sig,16.5533,121.1830
sig,2.8568,292.8522
sig,25.6909,122.3937
sig,19.7466,281.3373
sig,1.9809,117.7383
sig,3.0947,285.4647
sig,19.7052,278.7504
sig,22.2601,281.9000
sig,8.4011,272.9686
sig,3.5022,277.8063
sig,11.2005,121.8245
sig,14.2550,261.8201
sig,19.2365,79.7792
sig,3.3295,79.5413
sig,21.2807,248.8975
sig,23.1087,127.8568
sig,15.4302,285.3782
sig,16.6270,262.5345
sig,13.0824,279.6411
sig,3.5782,294.9213
sig,7.9418,345.0317
sig,19.5340,98.1922
sig,11.6993,273.8276
sig,9.2544,5.4765
sig,21.3111,282.1294
sig,-12.9112,150.1809
sig,5.7779,284.4752
sig,22.6037,278.7323
sig,19.8751,256.8873
sig,9.8449,71.0360
sig,22.3990,275.9597
sig,2.5520,30.8983
sig,19.7911,251.9754
sig,12.4809,42.0807
sig,8.3829,13.7131
sig,21.2568,266.8708
sig,16.2169,113.6275
sig,5.3188,293.1892
sig,16.3040,270.1937
sig,23.4966,164.8586
sig,-0.3560,285.1833
sig,15.1528,268.9834
sig,19.6659,88.4649
sig,17.6084,252.7354
sig,6.0092,119.7500
sig,7.0055,120.7360
sig,15.7330,265.8732
sig,21.1448,257.1051
sig,19.9986,137.6831
sig,9.7908,166.9286
sig,0.6077,155.4455
sig,-6.2378,170.4578
sig,-4.6084,27.0811
sig,0.5378,27.3566
sig,1.3695,289.9062
sig,-8.4899,106.2471
sig,3.2848,140.6370
sig,16.0825,62.2641
sig,13.7571,103.4694
sig,13.7569,103.4695
sig,7.9473,300.3212
sig,3.5595,304.6429
sig,4.3994,279.6626
sig,2.3213,21.6087
sig,-4.2737,22.2976
sig,5.7378,300.0856
sig,-7.9905,144.3531
sig,-4.5059,20.1012
sig,12.4108,266.7506
sig,-5.1631,139.1342
sig,-0.2485,107.7769
sig,-0.8522,108.3611
sig,-1.2111,108.7086
sig,-2.1403,109.6089
sig,14.7847,121.1858
sig,8.2340,121.2236
sig,-10.9919,141.3344
sig,19.1082,131.2831
sig,-4.9575,131.6886
sig,-2.4595,30.1987
sig,-2.7382,96.4027
sig,7.7390,106.6320
sig,15.7355,106.1471
sig,13.5456,84.3581
sig,-4.2875,102.0568
sig,-4.9789,102.7332
sig,2.4876,358.8423
sig,-14.2611,130.6566
sig,15.9965,296.7350
sig,15.9962,296.7354
sig,15.1763,297.6378
sig,11.6834,301.3559
sig,18.7752,269.4124
sig,5.3851,292.7656
sig,2.3843,139.1017
sig,22.5086,284.1995
sig,18.6858,111.1142
sig,12.3599,79.9758
sig,4.4913,287.0849
sig,20.9872,283.7169
sig,17.1835,288.2062
sig,11.0423,294.8218
sig,9.9220,271.8112
sig,10.1402,290.3225
sig,15.7247,296.2353
sig,22.4300,304.1712
sig,-12.2847,147.3212
sig,-17.1504,175.8833
sig,-3.4339,113.4059
sig,5.0140,14.6827
sig,16.1208,289.5156
sig,14.4406,160.9064
sig,-0.4359,30.8768
sig,4.0227,105.5947
sig,-7.5166,21.8669
sig,-6.6530,20.3552
sig,1.2195,285.5408
sig,-3.1909,282.3922
sig,-3.3045,16.5537
sig,2.0212,285.0859
sig,12.4801,271.3805
sig,-13.3589,192.6212
sig,-5.4915,149.9642
sig,-11.8873,20.3998
sig,-6.9617,119.6830
sig,16.9033,277.1978
sig,12.2773,282.2165
sig,0.1655,293.3895
sig,-7.7723,140.6998
sig,-7.7721,140.7000
sig,13.3115,304.1827
sig,18.0700,188.6582
sig,-4.7298,141.3746
sig,8.7664,252.3367
sig,6.4613,287.9110
sig,1.1892,205.6857
sig,-6.5854,29.0448
sig,-10.0540,23.2659
sig,-0.5206,153.2685
sig,12.7880,282.6451
sig,-2.2552,176.8101
sig,-8.1612,141.3652
sig,5.2751,22.2859
sig,-20.0890,29.5408
sig,-0.4893,25.8393
sig,-13.7065,131.0867
sig,-16.9819,185.0885
sig,-6.4900,125.8045
sig,1.2377,119.5716
sig,-16.9117,195.4812
sig,-6.7862,181.9362
sig,13.4858,105.4315
sig,15.2233,290.5284
sig,3.8414,278.0024
sig,-14.8001,26.5015
sig,9.4823,103.3518
sig,-12.0432,27.1768
sig,-6.8538,114.8521
sig,4.4218,79.7162
sig,3.7241,80.3974
sig,2.1158,119.0506
sig,22.7625,265.0243
sig,19.7213,267.4311
sig,7.2117,280.8679
sig,-2.6613,20.8366
sig,-18.0988,132.9883
sig,-15.3696,146.0983
sig,-13.9204,49.2467
sig,-14.5591,25.7877
sig,-24.3653,31.9607
sig,-6.6462,144.0344
sig,4.1511,290.2788
sig,4.8826,23.9414
sig,10.3913,279.6565
sig,1.2519,358.9269
sig,2.3017,121.9852
sig,-7.8960,126.3978
sig,4.3835,17.8300
sig,-5.9745,133.6751
sig,-4.6167,110.8634
sig,-16.1259,124.0622
sig,-0.7849,9.2395
sig,9.9565,283.2263
sig,-11.1286,115.3518
sig,-20.8808,123.0655
sig,-15.0105,13.1900
sig,2.5523,95.9850
sig,-0.8068,283.7137
sig,-3.0439,18.6611
sig,-5.3775,130.0656
sig,-2.4892,106.5796
sig,3.9029,106.3142
sig,-14.6864,127.4873
sig,-9.5354,154.8865
sig,-19.3625,47.6440
sig,-16.3217,145.5785
sig,-16.3209,145.5794
sig,-15.6913,146.2771
sig,-4.0576,37.4890
sig,-0.9987,16.3178
sig,-17.9316,69.2142
sig,-1.0794,14.1214
sig,-20.4646,184.8049
sig,-22.4654,37.4664
sig,-19.0789,17.4799
sig,-17.3208,19.5129
sig,-13.2050,24.0214
sig,-7.2392,30.1255
sig,9.1693,288.4535
sig,7.8518,289.7783
sig,-13.9776,131.2826
sig,23.7183,50.0952
sig,-13.1421,82.8135
sig,-12.1575,126.9411
sig,-18.6451,23.2461
sig,-18.2109,23.7507
sig,-15.5984,26.6970
sig,-13.8044,28.6433
sig,0.4817,18.7852
sig,-11.6222,221.9648
sig,13.8347,174.9140
sig,11.4194,245.2396
sig,0.8157,14.3673
sig,-5.0058,138.6408
sig,10.1136,264.4808
sig,19.8665,125.1367
sig,2.4555,0.3274
sig,11.6076,349.1455
sig,-2.6327,3.1977
sig,-14.2970,53.6064
sig,-7.7860,120.7507
sig,-3.4649,138.5937
sig,-22.4975,38.4656
sig,-6.6500,139.6824
sig,-18.1168,53.2157
sig,24.3259,204.7731
sig,24.3264,204.7738
sig,24.3273,204.7750
sig,24.3286,204.7768
sig,-4.9707,13.2903
sig,-18.8377,132.8122
sig,6.7060,156.7832
sig,-3.9615,80.6622
sig,-7.2838,11.5275
sig,-14.1370,37.4845
sig,-19.8446,53.1328
sig,4.6074,283.5040
sig,-18.9471,184.8520
sig,-4.4048,141.4219
sig,-19.7590,131.5320
sig,-25.1076,227.3555
sig,6.9926,126.3212
sig,-23.1627,61.3809
sig,-1.8682,7.6292
sig,2.4662,345.7043
sig,-15.0715,142.3471
sig,-19.1892,26.3485
sig,-13.9910,42.6590
sig,-18.1797,129.5856
sig,-0.6542,292.7528
sig,4.6656,118.6596
sig,-2.4469,4.9013
sig,-15.5652,18.2551
sig,-15.8031,18.5173
sig,6.2969,5.6442
sig,-13.2799,32.5341
sig,-2.1989,358.7292
sig,-3.5894,132.9274
sig,-3.5893,132.9275
sig,-22.4496,128.8489
sig,-19.0898,132.9705
sig,-20.1624,177.9939
sig,-7.5428,141.4225
sig,-7.5427,141.4226
sig,-9.7055,205.6685
sig,-18.9532,215.6985
sig,-5.3806,32.4367
sig,-3.1806,286.5924
sig,-22.6198,24.3119
sig,-20.9465,44.7289
sig,-20.2912,115.9823
sig,-16.1813,223.0535
sig,-19.4346,38.8367
sig,-5.3222,39.0500
sig,2.8989,128.4126
sig,-18.7546,192.2312
sig,-1.8147,290.8251
sig,-0.4646,292.1327
sig,3.5616,296.0365
sig,-6.3152,10.1420
sig,3.2139,30.2981
sig,-8.3124,137.7702
sig,-23.4477,168.1893
sig,-17.1883,206.9215
sig,-0.8817,15.6653
sig,-21.1247,228.1309
sig,-21.4183,228.4955
sig,1.3297,11.6397
sig,3.6866,296.9772
sig,0.8829,10.1914
sig,0.8620,10.2116
sig,-9.2118,47.4650
sig,-13.9719,209.5079
sig,-7.7999,39.0431
sig,3.3084,358.4609
sig,-8.7892,104.9210
sig,-24.9002,237.1285
sig,-9.2658,103.5369
sig,-11.0828,33.0170
sig,-9.9261,148.7341
sig,-12.5462,30.8202
sig,-7.9067,106.1796
sig,-15.7201,49.7646
sig,-12.9717,52.7327
sig,1.2070,135.9401
sig,-0.9100,280.0458
sig,-23.2961,231.8263
sig,-18.3959,237.8626
sig,-7.0865,105.1376
sig,-7.3563,32.4962
sig,-7.7086,118.6662
sig,-3.2460,90.1523
sig,-2.1262,108.1433
sig,-5.0603,114.1975
sig,-10.3667,23.0027
sig,-4.9299,134.4995
sig,7.2827,98.4738
sig,0.4954,344.4915
sig,-7.0549,38.2571
sig,-5.5971,12.6960
sig,-5.5475,97.4009
sig,8.3589,278.0137
sig,7.7554,275.5682
sig,-0.0679,27.7639
sig,-15.1519,132.0834
sig,4.1983,103.2028
sig,0.6236,3.2360
sig,-13.8264,39.7041
sig,-10.0664,11.6621
sig,-3.6480,114.2197
sig,6.0927,123.7011
sig,-3.2257,112.8125
sig,-0.8433,114.0869
sig,7.5372,288.5301
sig,-2.2124,18.9279
sig,-17.4375,10.4843
sig,1.1991,12.0090
sig,0.1654,300.0144
sig,1.1654,300.9831
sig,1.9409,301.7350
sig,0.1549,32.8789
sig,5.6272,253.4826
sig,-9.0803,140.8123
sig,0.6556,102.1244
sig,8.7973,251.2378
sig,-10.5926,12.8213
sig,-5.6460,124.8655
sig,-15.3325,125.2808
sig,-21.0724,234.3910
sig,-4.2443,14.2390
sig,-1.8670,16.5514
sig,3.5360,253.4724
sig,-1.0710,15.5340
sig,-6.5039,104.9213
sig,-2.8294,108.5193
sig,1.0952,351.7244
sig,15.2999,269.6175
sig,5.7591,115.0803
sig,7.9896,124.9000
sig,-1.7647,108.5269
sig,11.3814,237.7596
sig,13.0062,239.4588
sig,14.2017,240.7338
sig,-4.5616,101.4766
sig,9.1035,120.2017
sig,8.3597,72.7091
sig,-2.1750,10.6583
sig,-4.0623,26.0448
sig,-1.7220,291.8453
sig,2.1556,102.6542
sig,-1.2276,123.2034
sig,3.2804,293.1399
sig,-3.1373,21.6179
sig,0.4294,25.0750
sig,-5.2153,125.3117
sig,-23.9090,214.1825
sig,13.9007,104.5324
sig,-1.7704,96.0574
sig,3.2967,48.4353
sig,-2.6559,113.2530
sig,6.2904,359.6040
sig,1.0014,352.6842
sig,10.8549,100.6631
sig,-6.1965,139.7902
sig,-9.0538,142.6424
sig,16.9844,92.3188
sig,10.9740,98.7808
sig,5.8943,76.2557
sig,13.2150,263.1630
sig,12.7512,260.4810
sig,9.3179,95.2044
sig,3.0271,275.2752
sig,-3.1032,169.3609
sig,7.1094,116.2842
sig,-4.7406,103.7162
sig,25.7065,89.7575
sig,14.5290,276.4445
sig,15.3818,97.2460
sig,15.2620,73.2586
sig,13.2354,75.4412
sig,-0.3819,16.6680
sig,15.3117,264.3967
sig,8.2483,127.0688
sig,9.8120,285.1745
sig,4.7379,278.3810
sig,13.0379,262.6665
sig,-7.1929,16.3855
sig,22.4034,102.6951
sig,5.1313,121.4972
sig,2.7612,5.9859
sig,21.9437,265.1877
sig,11.7419,107.9701
sig,7.3288,279.5231
sig,25.3627,93.1214
sig,7.2587,286.0512
sig,15.3985,270.3949
sig,5.9734,341.2810
sig,25.1575,86.0275
sig,4.5869,278.3181
sig,14.6157,264.4430
sig,11.5338,259.4824
sig,18.6994,267.3392
sig,22.7699,268.9540
sig,0.5592,100.5431
sig,-0.3654,97.9623
sig,-7.6334,109.9213
sig,25.2452,113.1018
sig,-15.1918,245.0587
sig,4.2753,15.9906
sig,11.0495,126.6341
sig,20.9432,280.6713
sig,17.8049,263.7692
sig,0.1211,17.7040
sig,22.1633,89.7304
sig,-7.4312,105.0999
sig,10.0350,168.7945
sig,12.8330,72.9798
sig,15.1970,261.6616
sig,11.8347,118.9052
sig,9.6472,121.1555
sig,3.3219,270.4255
sig,24.3635,107.9469
sig,4.7978,12.2283
sig,8.3444,279.2937
sig,0.0230,293.5897
sig,4.1188,94.1839
sig,11.6880,108.9376
sig,20.4011,285.7649
sig,19.8737,265.3974
sig,6.9878,279.2538
sig,6.4384,27.9780
sig,16.4026,267.7535
sig,-7.4097,98.7800
sig,18.2335,264.0144
sig,22.3673,88.7129
sig,18.3733,93.4261
sig,7.3469,296.3793
sig,8.7049,23.6283
sig,21.5908,275.6611
sig,23.3723,277.9455
sig,11.7737,262.9215
sig,9.2588,120.7474
sig,14.7574,264.4470
sig,21.8275,81.0193
sig,7.9209,111.0637
sig,1.0317,24.2179
sig,5.7994,114.3785
sig,17.7939,268.9288
sig,18.3598,114.0258
sig,7.4913,13.0090
sig,3.6898,15.1251
sig,6.0324,107.6425
sig,23.6481,89.9480
sig,12.2612,266.8494
sig,18.9473,114.8202
sig,2.3065,280.4709
sig,4.5709,281.0533
sig,2.2040,277.1221
sig,2.1440,108.3093
sig,-0.2600,105.6648
sig,7.5629,280.7613
sig,23.2063,249.9981
sig,11.8028,260.8510
sig,2.7881,128.1778
sig,25.3761,153.2659
sig,14.9129,259.4137
sig,16.7424,165.0103
sig,1.8703,288.3914
sig,21.9776,288.5436
sig,10.1702,278.5742
sig,14.6310,252.6538
sig,3.5598,280.3316
sig,11.5405,148.1456
sig,7.6693,256.7736
sig,25.7108,292.5998
sig,6.6362,278.2669
sig,6.7356,278.3655
sig,7.1755,278.8023
sig,19.6501,264.9250
sig,14.4842,349.7559
sig,4.8263,292.6822
sig,6.6781,280.7365
sig,3.3246,284.0284
sig,4.9570,280.8538
sig,25.6322,161.0997
sig,0.1138,17.2483
sig,13.6135,28.5752
sig,18.3467,271.7304
sig,21.7516,275.8373
sig,15.7552,267.2286
sig,16.5254,268.0847
sig,18.8040,270.6924
sig,9.7846,96.2653
sig,9.4590,259.0227
sig,20.9394,271.6856
sig,-2.9019,29.9762
sig,17.7927,263.2480
bg,23.3936,202.7064
bg,-1.8297,259.0214
bg,-21.5059,114.8060
bg,12.1472,276.7466
bg,8.7322,196.8067
bg,-10.2275,114.3551
bg,-15.3621,36.4671
bg,20.3954,288.4296
bg,-25.4685,50.2483
bg,-22.0959,250.6528
bg,21.1411,287.1774
bg,5.5158,299.2242
bg,19.2346,164.5563
bg,12.9300,340.4815
bg,21.3752,63.4003
bg,-15.4263,215.1676
bg,9.8385,282.8613
bg,23.7128,204.3277
bg,-25.0541,254.3940
bg,-14.6789,104.1134
bg,12.6293,202.7168
bg,9.8930,210.8394
bg,13.4045,23.3293
bg,8.2813,183.4607
bg,-7.4450,49.4476
bg,-18.9858,266.1725
bg,-11.8023,92.6321
bg,12.4281,56.2926
bg,7.9859,57.2176
bg,20.4152,232.2979
bg,24.3539,258.1785
bg,20.9688,124.3378
bg,15.2781,44.7622
bg,-8.7078,72.7463
bg,3.4700,290.1932
bg,-4.6366,236.1323
bg,-13.5424,216.0339
bg,14.1058,280.7317
bg,-18.5951,81.7298
bg,-16.1377,195.5536
bg,6.7377,25.9088
bg,3.4364,214.6851
bg,-6.4302,189.5542
bg,-0.0309,166.8415
bg,12.5698,14.2634
bg,-16.8450,7.0238
bg,13.4949,15.6306
bg,24.3498,70.3354
bg,-21.4423,262.6795
bg,-6.4051,151.7227
bg,1.8767,179.4823
bg,16.7355,313.2588
bg,-12.0308,214.2838
bg,-6.8623,131.4134
bg,8.0808,89.8189
bg,-18.2249,122.8729
bg,-3.3742,51.9739
bg,-4.3374,162.2565
bg,22.6777,187.2092
bg,-16.3313,123.0193
bg,21.5140,4.1336
bg,-16.7984,106.3558
bg,-15.8174,220.5799
bg,-16.6748,126.0717
bg,-23.6987,153.8694
bg,-8.7834,111.9969
bg,9.6853,141.9155
bg,-13.7790,239.2854
bg,6.2865,2.7143
bg,-5.3322,154.7282
bg,-23.5665,144.2436
bg,-6.0980,181.9578
bg,19.7451,194.9250
bg,22.0859,139.3897
bg,-8.8029,38.1662
bg,-6.8819,26.5327
bg,-4.5971,40.9426
bg,20.5922,277.8517
bg,-21.9333,104.5413
bg,3.0911,201.8363
bg,2.7472,153.4072
bg,18.2197,267.6199
bg,-22.5205,36.1621
bg,22.5746,276.1116
bg,11.6358,267.9123
bg,19.5869,271.8113
bg,-25.7956,33.8975
bg,23.3350,280.5292
bg,-13.9221,120.3653
bg,21.9015,37.3287
bg,-17.2678,99.0846
bg,25.1189,283.8018
bg,-10.6310,128.1185
bg,22.4246,180.6247
bg,11.7431,101.5169
bg,-4.1698,351.4799
bg,21.5983,262.0358
bg,15.6972,309.3636
bg,-15.2348,139.9786
bg,16.5071,215.3664
bg,-5.8949,355.5432
bg,25.9648,239.8805
bg,10.9652,64.6881
bg,23.9488,161.0406
bg,23.0914,335.3942
bg,24.0541,56.4285
bg,2.3328,249.8107
bg,-13.0649,243.9730
bg,-15.6144,58.5209
bg,-19.0819,160.5638
bg,11.9117,146.8997
bg,-18.8229,59.6383
bg,9.8964,243.3824
bg,14.2100,272.9795
bg,20.2159,9.5705
bg,-3.8004,102.8695
bg,-22.7484,63.7945
bg,-22.1744,257.1548
bg,24.7390,188.8726
bg,22.8121,100.3763
bg,-20.7843,208.7881
bg,-1.3778,43.0714
bg,15.3250,194.8114
bg,15.7618,51.2310
bg,4.9672,163.3567
bg,-10.5077,122.4128
bg,-18.9065,23.6356
bg,13.1602,348.5406
bg,6.4697,122.6934
bg,-20.7859,80.1891
bg,-16.9175,95.7310
bg,23.2242,46.3536
bg,20.7771,249.3758
bg,-1.3397,143.9830
bg,-1.0057,289.4427
bg,25.4681,200.2416
bg,-17.1891,44.2579
bg,14.8577,287.9431
bg,-4.5020,163.6692
bg,-1.0362,26.7692
bg,-24.7312,177.7078
bg,19.3457,62.9333
bg,6.1673,225.9931
bg,-13.4177,92.0695
bg,-9.0414,25.9637
bg,-21.2780,204.1681
bg,-23.4039,180.6052
bg,-0.7609,275.2958
bg,10.8011,236.6443
bg,-5.0537,236.9807
bg,-7.2126,336.5925
bg,14.0099,217.6753
bg,12.6715,48.2718
bg,20.2156,230.4742
bg,5.7343,224.0021
bg,-23.1681,81.8024
bg,-8.0302,164.9346
bg,-1.5866,49.3942
bg,8.0183,147.9653
bg,-10.8647,127.0011
bg,-2.6822,51.1445
bg,-15.6025,354.1627
bg,16.2359,330.9744
bg,-1.5015,40.8995
bg,-6.8207,236.8950
bg,22.1675,282.5547
bg,4.1793,253.5497
bg,-5.0362,196.6410
bg,-9.2198,244.5133
bg,6.2610,177.5038
bg,15.3442,4.8811
bg,6.0911,154.7889
bg,18.2522,152.5650
bg,-23.7817,145.0537
bg,-6.9242,32.0129
bg,0.7376,25.9740
bg,-21.6865,244.3405
bg,-23.1056,96.0814
bg,1.7888,33.0594
bg,14.4991,293.1070
bg,23.9862,168.0591
bg,-4.6012,103.5824
bg,14.4259,104.3089
bg,-15.6279,69.6374
bg,18.4425,271.6557
bg,19.9153,302.3005
bg,-16.2282,121.0774
bg,22.4547,136.3112
bg,21.6298,181.8401
bg,7.1571,87.6029
bg,20.9140,40.9128
bg,-19.5487,246.8267
bg,6.2906,295.1898
bg,-0.0850,285.5752
bg,2.5063,300.8845
bg,-18.4249,253.4471
bg,18.9500,80.8078
bg,12.7152,137.6096
bg,9.3824,313.9464
bg,-10.6562,16.9700
bg,-23.6437,268.7673
bg,5.2532,74.6015
bg,16.2379,178.4911
bg,-9.6538,219.7095
bg,-18.9463,196.8186
bg,25.9852,274.9088
bg,-8.2598,14.0051
bg,-21.3350,38.2615
bg,13.3188,201.3286
bg,-22.2312,152.0929
bg,-3.7107,233.0702
bg,10.4368,219.7666
bg,6.4938,225.4441
bg,-22.0840,238.5830
bg,-14.1578,96.6741
bg,-3.3874,23.7749
bg,9.7168,324.7034
bg,10.6879,50.7541
bg,-17.8774,242.3526
bg,10.2225,136.6554
bg,21.0709,54.7985
bg,18.2619,200.0022
bg,16.4370,48.7528
bg,-17.9761,124.1537
bg,-19.6116,188.9100
bg,12.7458,89.4235
bg,-10.1825,112.5289
bg,25.5786,167.7988
bg,-8.9435,179.3174
bg,-21.1242,251.2861
bg,19.6690,69.0308
bg,-24.9797,107.0483
bg,9.3588,41.7248
bg,18.0121,109.9908
bg,23.5463,112.7328
bg,-14.4419,191.7661
bg,-13.4328,180.9822
bg,11.7441,200.7741
bg,19.9499,70.4732
bg,15.3820,233.1454
bg,10.3527,45.7524
bg,5.3595,213.3410
bg,6.0885,332.8265
bg,-8.1060,243.9637
bg,-19.5545,246.2857
bg,2.0823,14.7225
bg,-16.7546,49.4131
bg,-15.2178,199.6957
bg,-25.7329,85.4789
bg,-6.9482,14.3982
bg,3.2087,201.3424
bg,-12.2773,110.7654
bg,-11.7790,170.4641
bg,-9.9955,8.4523
bg,6.1208,258.7959
bg,-21.4571,29.6819
bg,-1.6040,50.6352
bg,-1.1872,171.7813
bg,23.4875,241.6319
bg,-16.3451,351.9762
bg,-9.6765,169.9410
bg,-13.2617,12.5071
bg,11.0614,350.1701
bg,9.9020,336.7474
bg,14.4889,190.3969
bg,2.1422,222.9655
bg,-22.5719,170.5363
bg,-20.5415,214.4929
bg,2.1841,195.6539
bg,18.6599,265.9873
bg,-1.7129,207.4914
bg,-24.8528,269.5173
bg,-19.3428,141.2858
bg,17.4727,240.6417
bg,-8.6895,189.4742
bg,-23.1933,37.2812
bg,-2.0289,292.0089
bg,1.4778,255.1937
bg,-20.3554,100.9488
bg,-14.5746,129.2854
bg,24.8590,322.4010
bg,-9.2616,49.6016
bg,16.5090,43.6613
bg,-23.4880,248.6304
bg,24.5184,229.3960
bg,12.9629,244.7195
bg,21.1672,190.1799
bg,23.4276,244.0480
bg,3.6281,240.5657
bg,4.6950,240.1739
bg,8.1121,28.5962
bg,21.4431,72.2529
bg,6.4709,106.3190
bg,-16.1415,47.2332
bg,18.5210,207.9174
bg,-8.8412,175.8373
bg,10.2215,289.5900
bg,12.0913,2.9465
bg,-11.1877,200.1053
bg,5.0736,328.6653
bg,-25.1477,206.8456
bg,-20.5190,260.3164
bg,22.9084,343.1388
bg,24.1200,35.2081
bg,-23.5548,175.5844
bg,-12.4329,132.4583
bg,-17.9556,56.7700
bg,3.6737,259.1062
bg,-10.6640,5.6382
bg,-13.2310,237.5134
bg,19.2524,155.3464
bg,22.4834,48.5301
bg,-6.7715,201.2401
bg,-13.6292,207.8059
bg,-17.4191,218.6545
bg,8.8417,323.5940
bg,25.6575,19.3516
bg,-23.0362,143.8240
bg,4.2184,114.0316
bg,-16.8786,127.0591
bg,0.8233,86.7442
bg,3.9617,3.9473
bg,-8.3623,179.0982
bg,6.7986,313.5750
bg,-15.5089,110.2065
bg,19.4550,326.8262
bg,-14.2230,238.8221
bg,12.2490,306.7819
bg,-25.2037,240.4233
bg,21.6116,332.2120
bg,-7.3016,34.0744
bg,-17.6513,77.2875
bg,16.9522,72.2083
bg,22.6374,348.3290
bg,4.8432,286.9449
bg,24.9710,156.6617
bg,6.0167,289.8706
bg,-20.6939,20.2150
bg,7.6943,28.2518
bg,-22.2463,107.6972
bg,24.7295,274.6468
bg,16.9609,264.8163
bg,13.3735,338.7047
bg,5.0271,193.6651
bg,2.8761,210.5843
bg,4.9268,340.0262
bg,-24.0310,256.1142
bg,10.5077,24.1024
bg,6.1301,126.9977
bg,14.9166,83.9238
bg,22.5868,50.3231
bg,1.1340,172.2484
bg,24.8267,328.7970
bg,21.2157,300.2753
bg,12.4751,322.4972
bg,-22.6754,33.5743
bg,17.0145,228.8722
bg,4.4246,35.1873
bg,-12.0514,19.1180
bg,-6.3882,28.6099
bg,3.9572,202.0382
bg,24.6954,69.0475
bg,-25.1018,107.2366
bg,24.3984,129.2175
bg,14.2616,162.6432
bg,0.2813,2.7279
bg,6.8462,180.7105
bg,1.4119,176.3730
bg,12.0119,167.4615
bg,-9.1243,184.2546
bg,-23.5793,28.4028
bg,-6.0887,50.6411
bg,-4.4129,18.3615
bg,-6.8302,214.2157
bg,-19.6795,231.8686
bg,19.7124,128.5231
bg,25.3739,45.1670
bg,-6.9721,33.6429
bg,-0.7656,291.1784
bg,22.1244,149.0934
bg,-2.8432,118.9230
bg,5.8159,252.6168
bg,11.7123,310.4260
bg,-14.3613,8.6017
bg,23.3336,265.4012
bg,-5.7940,54.3937
bg,-4.9096,216.4590
bg,-15.9227,172.6555
bg,-0.2247,226.2651
bg,1.3260,197.4858
bg,-10.0347,343.0540
bg,8.7799,300.9048
bg,-8.6071,17.9536
bg,-25.6000,170.2802
bg,10.7715,182.4122
bg,-6.8917,127.9227
bg,-12.0331,195.7303
bg,-7.5851,58.5109
bg,12.8452,250.1069
bg,21.5373,290.3448
bg,19.3899,51.6939
bg,-14.1511,37.4967
bg,-19.3409,52.2854
bg,0.6793,12.7210
bg,2.6826,214.3347
bg,13.4121,337.3275
bg,-7.1758,159.3395
bg,-23.5531,73.3239
bg,17.4655,64.7583
bg,-8.2409,145.0561
bg,12.1327,319.8839
bg,17.6791,202.8984
bg,-11.3508,1.2175
bg,23.0147,249.8374
bg,20.5916,310.1777
bg,16.4835,354.8352
bg,15.3417,281.2477
bg,-2.3295,25.6342
bg,-14.1581,134.2034
bg,-2.1549,334.6521
bg,-22.8891,239.2115
bg,21.1900,350.0410
bg,24.7286,227.3163
bg,-19.7678,30.7185
bg,-15.7023,102.5931
bg,-5.5260,98.5750
bg,-4.3198,359.7956
bg,8.6753,219.3800
bg,-15.8085,150.6473
bg,-15.4036,221.0751
bg,-2.1382,39.3271
bg,-2.5860,136.9791
bg,-0.1045,6.6345
bg,-22.4561,205.9342
bg,24.5321,131.2506
bg,13.3298,190.7609
bg,5.6044,14.2812
bg,-17.4196,242.8979
bg,-17.0800,20.8011
bg,-22.2543,212.9416
bg,1.7447,152.6984
bg,-16.2954,144.9012
bg,16.1593,60.0798
bg,8.1615,14.2112
bg,1.1897,20.6792
bg,-9.4421,37.1394
bg,-0.1680,157.6588
bg,6.3302,159.9626
bg,18.7535,343.3880
bg,-19.2035,96.0730
bg,-21.3677,29.6150
bg,-11.4261,21.0976
bg,-16.4998,151.6569
bg,-18.5847,160.2881
bg,-20.6967,25.8002
bg,1.8071,52.5784
bg,-19.5254,248.2564
bg,-6.1815,56.6724
bg,22.5912,283.0518
bg,-16.3552,208.4581
bg,2.2797,138.7650
bg,24.0908,227.2238
bg,-12.5500,139.0048
bg,5.7208,223.4665
bg,-13.4722,112.0556
bg,0.0226,235.1910
bg,19.6113,250.4284
bg,16.2528,11.0915
bg,9.2165,208.2803
bg,24.5183,338.6977
bg,-2.4324,249.4182
bg,22.9578,275.0437
bg,-5.5977,353.4524
bg,24.8272,242.3263
bg,-6.0073,255.6611
bg,-0.1865,268.7274
bg,-11.4602,77.6528
bg,-13.7018,357.1071
bg,8.4460,224.8493
bg,-24.4690,226.1275
bg,-17.5547,25.2390
bg,-25.3548,91.9252
bg,19.9976,332.2676
bg,-14.5021,77.0838
bg,-6.5157,159.0226
bg,21.3267,51.4154
bg,23.0370,13.0222
bg,6.6296,326.0736
bg,-6.5408,230.9454
bg,14.1629,265.2354
bg,0.3008,114.1362
bg,-24.4454,249.8995
bg,19.7421,50.5185
bg,24.6226,251.3336
bg,8.5473,166.9465
bg,-3.8781,112.1551
bg,22.5533,282.9113
bg,-19.0661,162.8785
bg,-5.9670,340.5849
bg,15.4510,54.0136
bg,6.5822,297.4285
bg,16.7855,295.4376
bg,7.0462,106.6611
bg,20.5983,42.7392
bg,10.8861,120.7728
bg,10.9900,329.5513
bg,-3.1934,38.2501
bg,11.0648,149.5876
bg,-8.9610,63.1702
bg,-14.9233,14.3298
bg,-4.2208,131.3817
bg,-2.6410,276.5307
bg,5.2414,65.7936
bg,5.3531,293.1159
bg,21.7182,208.8511
bg,-19.8878,75.5435
bg,12.4105,101.2213
bg,8.4243,258.5887
bg,19.2015,220.9761
bg,-24.3272,131.6115
bg,24.6563,49.0778
bg,-5.0476,36.4609
bg,12.4580,294.5310
bg,-10.2433,233.4293
bg,-18.9123,143.7692
bg,23.7954,101.7065
bg,-6.0764,73.9741
bg,14.7900,156.2699
bg,-20.8948,224.6842
bg,-13.8601,36.0379
bg,-4.3763,231.6631
bg,-24.0328,104.2794
bg,-19.8740,175.4153
bg,22.8299,138.3455
bg,-7.8286,10.7431
bg,20.2671,261.1018
bg,9.7899,271.5015
bg,-13.1531,351.7671
bg,15.8894,278.6505
bg,-22.0955,135.1518
bg,9.8769,287.3177
bg,20.8425,322.9738
bg,18.1917,188.5872
bg,-21.1520,111.6290
bg,4.4542,210.8884
bg,-4.0613,121.0645
bg,-21.4033,254.3351
bg,6.5275,76.6270
bg,-8.7941,117.5321
bg,-16.4482,179.5364
bg,7.5934,36.4906
bg,22.3949,104.6901
bg,3.0036,209.7450
bg,-17.4277,70.8093
bg,-24.0294,143.4184
bg,23.4075,45.2651
bg,11.9592,276.3231
bg,20.1762,19.1371
bg,4.2406,296.8246
bg,23.1224,294.0066
bg,-22.2683,23.9550
bg,-11.1977,353.0916
bg,-25.5617,164.7509
bg,23.9928,174.4175
bg,-20.0389,212.3473
bg,10.9700,259.0681
bg,2.9133,184.3113
bg,15.7836,267.5075
bg,4.2750,170.2864
bg,18.3211,162.0316
bg,-17.3200,134.1150
bg,7.4272,182.7455
bg,5.6923,80.1648
bg,-1.5577,231.7168
bg,5.2560,255.2809
bg,4.3981,183.9556
bg,17.4244,286.7346
bg,9.9916,329.4546
bg,6.0338,291.9870
bg,-25.8249,197.9116
bg,15.0265,38.7062
bg,4.7729,7.8566
bg,-25.7386,242.0863
bg,1.7829,330.3221
bg,-10.4006,13.0791
bg,15.8960,19.6501
bg,20.8688,59.2242
bg,19.7299,212.1371
bg,-19.3393,153.7495
bg,-20.8328,251.6114
bg,-2.5714,246.3758
bg,20.2947,187.3707
bg,2.1853,340.9967
bg,12.0362,34.9003
bg,-3.4053,333.2092
bg,22.5393,158.4757
bg,-18.4865,178.9365
bg,8.8229,266.6457
bg,-10.0868,10.9011
bg,-9.5485,87.8537
bg,3.9491,267.9104
bg,-17.7113,257.9347
bg,22.4877,246.6508
bg,-22.8981,221.6848
bg,7.6717,234.2732
bg,-21.9948,198.3287
bg,14.0059,336.9816
bg,12.2608,150.3071
bg,-5.9321,181.8681
bg,-15.4675,250.9844
bg,2.6491,60.7948
bg,25.8766,281.7861
bg,15.0272,339.8103
bg,2.0706,205.0124
bg,17.4700,122.0466
bg,-5.9252,173.8810
bg,6.1976,214.9440
bg,21.4775,65.6567
bg,16.4120,219.8373
bg,23.1542,213.0372
bg,10.5018,64.1194
bg,-23.8411,150.7975
bg,-18.7348,185.9313
bg,-0.8635,59.2082
bg,5.6068,276.5385
bg,-9.9120,352.3319
bg,-9.6775,251.6207
bg,12.0352,180.0773
bg,-19.2291,162.6108
bg,13.3443,339.6313
bg,10.7996,260.5420
bg,14.4328,8.3019
bg,9.8865,277.5208
bg,4.7080,336.5427
bg,-19.4405,198.2688
bg,21.5249,175.8515
bg,16.1308,125.8481
bg,23.3071,48.3423
bg,2.4402,208.0031
bg,4.1912,81.1705
bg,-0.7454,352.1291
bg,1.7559,75.6547
bg,20.4242,186.9429
bg,-18.0749,142.8533
bg,-8.8632,225.6536
bg,-12.7196,229.2671
bg,-3.1119,270.5113
bg,-18.1956,214.4175
bg,-0.1351,213.9136
bg,6.5751,193.2947
bg,-15.4559,116.4043
bg,17.6517,275.5023
bg,-0.3611,243.5593
bg,-25.4956,209.9114
bg,4.3261,86.9300
bg,22.7529,194.3730
bg,-24.5703,234.3748
bg,-19.1414,80.5576
bg,-6.4269,276.1618
bg,-1.0283,183.3307
bg,22.5301,50.2661
bg,3.4671,133.0216
bg,-16.7659,194.4352
bg,-21.7728,225.7453
bg,20.3839,246.5216
bg,16.1096,205.8050
bg,3.3705,7.4852
bg,-6.2385,64.1505
bg,12.8399,136.6867
bg,-22.6967,180.5279
bg,-1.4302,136.9727
bg,-9.6410,49.0639
bg,-24.9579,103.9679
bg,-23.2409,25.8753
bg,24.5211,292.5249
bg,4.4244,292.2654
bg,-4.2210,269.0918
bg,17.5587,276.9023
bg,14.9764,187.0018
bg,23.3228,157.5424
bg,7.4747,7.9972
bg,10.9493,345.2317
bg,19.1028,74.0403
bg,3.5919,220.0908
bg,-6.8498,71.3829
bg,13.4076,240.3450
bg,11.0936,133.4194
bg,4.5140,193.4857
bg,9.9257,172.7528
bg,23.4371,352.9314
bg,-14.7493,18.9810
bg,4.4493,28.2901
bg,-14.3721,236.1517
bg,-25.2003,237.7508
bg,-8.4787,341.3045
bg,22.3408,30.4089
bg,16.7273,300.8462
bg,23.7556,305.1937
bg,-16.0871,356.5876
bg,16.4921,147.1551
bg,24.2692,171.3635
bg,-2.4938,288.4729
bg,2.7196,235.6260
bg,-11.5067,56.3854
bg,-21.2415,11.2688
bg,-22.0440,266.4142
bg,-23.1812,126.6593
bg,-1.4151,155.6519
bg,-21.2657,51.5730
bg,12.2820,342.0628
bg,21.6069,173.9846
bg,-23.7445,199.0770
bg,8.9296,285.9459
bg,-10.5019,32.7777
bg,-5.7520,104.3368
bg,14.7533,12.4210
bg,-2.6865,273.7547
bg,13.2969,26.2809
bg,-13.6262,243.9153
bg,8.1981,73.0198
bg,-17.4050,170.8880
bg,-16.8533,21.6141
bg,4.0372,49.8300
bg,-0.1724,60.5624
bg,-8.5474,263.5434
bg,-8.1474,28.9410
bg,-25.9824,60.4734
bg,21.1333,131.5015
bg,-20.7750,245.5086
bg,-18.3982,235.6093
bg,-25.3812,263.5717
bg,-1.0249,238.0741
bg,-4.4882,129.1569
bg,1.0082,258.5122
bg,-1.6582,182.1079
bg,-6.3030,356.4182
bg,-14.3218,45.5450
bg,6.1501,71.4846
bg,22.2766,124.1668
bg,22.1800,76.7077
bg,-19.9939,55.3664
bg,-4.0839,206.6253
bg,-21.2391,182.3938
bg,-19.9427,190.6343
bg,0.2983,0.5465
bg,17.7240,315.3030
bg,18.3419,258.5729
bg,-23.9047,88.4006
bg,-1.0598,212.1312
bg,-10.5200,190.2548
bg,18.2492,76.7283
bg,-6.3326,55.7608
bg,-16.7955,191.6465
bg,19.0115,342.5487
bg,0.8164,303.3183
bg,-23.8359,50.3597
bg,-25.3408,52.3222
bg,13.0844,308.8199
bg,-4.9053,70.3934
bg,-23.5906,100.1375
bg,-7.4533,114.8063
bg,-11.0384,104.4196
bg,-1.8684,188.2748
bg,21.6341,256.3888
bg,25.3822,355.7242
bg,4.3151,223.0283
bg,19.8134,282.1463
bg,20.3904,217.6896
bg,-23.4574,217.8681
bg,13.4953,22.8398
bg,9.0967,110.5196
bg,9.0132,239.0780
bg,-22.3857,201.4957
bg,16.7090,55.7281
bg,1.6070,283.5039
bg,-14.7549,153.1568
bg,1.8753,9.4701
bg,14.6024,223.7131
bg,-24.6514,185.7680
bg,11.3699,164.7966
bg,5.3719,213.8750
bg,2.0156,169.5720
bg,-7.8035,233.8507
bg,21.6454,87.1457
bg,11.7388,48.1274
bg,17.0468,349.9906
bg,-6.4384,91.2874
bg,-20.3363,122.3077
bg,-15.7751,261.1409
bg,8.0232,275.8361
bg,13.2431,192.5474
bg,15.2745,332.5883
bg,15.6085,222.9031
bg,5.2957,218.7562
bg,-16.1222,117.0244
bg,0.3339,283.3037
bg,-13.8885,345.1775
bg,-6.5143,348.4755
bg,-19.8867,189.4577
bg,20.1821,151.3907
bg,16.7014,188.5038
bg,8.9235,236.4912
bg,18.6928,100.4419
bg,21.4337,81.3551
bg,20.1331,232.7003
bg,-5.9583,212.9657
bg,22.8860,264.2316
bg,-7.7222,346.3884
bg,-18.1025,264.1327
bg,-4.5972,79.6672
bg,16.6177,232.4653
bg,-17.1106,160.9400
bg,19.3410,301.1763
bg,11.8885,176.8911
bg,-22.4123,31.6219
bg,16.5952,256.3785
bg,-3.8701,164.8361
bg,11.5339,297.2371
bg,-1.8887,29.0617
bg,-11.9735,72.4796
bg,-22.5406,124.2636
bg,-9.4718,105.0526
bg,11.8870,264.3599
bg,2.1933,331.0608
bg,-12.1385,49.9500
bg,16.3161,270.2607
bg,21.8593,215.1332
bg,2.8023,54.7597
bg,-4.4633,67.6808
bg,-2.1669,62.5430
bg,-25.4514,227.2282
bg,1.8111,92.0295
bg,-22.4178,119.2230
bg,17.4270,90.1685
bg,7.1643,185.0234
bg,-20.7068,128.9664
bg,15.0856,28.2085
bg,6.4664,169.2535
bg,6.7254,132.2797
bg,-25.8631,200.8821
bg,25.9363,260.7178
bg,-13.5067,19.5882
bg,-23.3644,230.1244
bg,4.6782,267.9215
bg,-12.0639,127.5443
bg,16.5806,351.9296
bg,0.5118,267.0088
bg,15.2586,197.5975
bg,25.3087,276.5482
bg,-18.7391,249.3694
bg,-22.2627,110.8319
bg,22.1655,183.6129
bg,-15.4102,96.7535
bg,1.5620,346.2892
bg,23.8907,16.1697
bg,19.0216,256.2821
bg,-8.7493,39.2653
bg,1.5775,279.3124
bg,10.3385,152.6452
bg,1.5773,110.5241
bg,-23.5651,46.5328
bg,-4.6354,164.9229
bg,7.6888,349.4934
bg,-0.6622,225.5537
bg,-6.2177,194.0419
bg,-3.4145,202.0507
bg,13.0866,214.5751
bg,-13.4071,113.0302
bg,-18.8355,152.0844
bg,-7.1527,148.1506
bg,-1.8336,88.7866
bg,-14.0559,32.7472
bg,-17.3702,137.2684
bg,6.9467,241.3758
bg,-8.1210,119.7698
bg,-8.5662,20.0004
bg,14.2223,282.9138
bg,-23.0615,165.5633
bg,19.5651,41.0488
bg,-24.2872,207.1133
bg,6.4846,285.8927
bg,25.8312,249.3343
bg,-8.1061,341.6761
bg,20.2428,145.7903
bg,5.5914,262.1656
bg,5.5631,216.8453
bg,25.5090,299.6644
bg,2.8102,179.3335
bg,0.9817,13.9669
bg,23.2939,99.5638
bg,-17.5768,225.7775
bg,13.3296,65.5904
bg,-16.4501,223.8070
bg,-20.6467,59.3456
bg,9.0042,265.4371
bg,10.6007,228.9279
bg,-1.0599,136.1063
bg,11.2834,343.6199
bg,13.4576,266.9603
bg,-6.6558,120.7180
bg,24.6141,268.7776
bg,-17.9086,215.0325
bg,25.1093,111.6876
bg,0.8854,343.1097
bg,20.9269,311.0473
bg,14.6828,214.2413
bg,25.5657,200.5739
bg,21.0257,68.0388
bg,-10.7514,9.6831
bg,-1.6607,330.9204
bg,25.0380,293.0171
bg,23.4391,279.2588
bg,5.6191,270.9121
bg,2.1703,276.6972
bg,7.0551,335.1126
bg,9.0263,156.4678
bg,-16.7749,13.9524
bg,20.8370,297.5301
bg,1.9373,243.3197
bg,-1.1621,79.6866
bg,12.6845,194.8520
bg,10.2020,356.2129
bg,25.6668,255.6826
bg,-6.6500,186.2845
bg,-16.5044,142.9519
bg,-24.8933,43.4412
bg,-2.8721,332.1391
bg,23.5471,33.7978
bg,25.9184,177.5661
bg,-1.4643,115.2183
bg,25.3026,28.4429
bg,-9.7682,226.1527
bg,17.9611,284.5946
bg,21.0547,258.4377
bg,22.4643,170.2064
bg,-9.0540,113.4676
bg,-19.7206,5.7067
bg,-21.9604,267.8307
bg,24.0666,170.8988
bg,16.9575,203.5424
bg,19.4525,324.4896
bg,15.1313,284.3152
bg,23.8289,176.8622
bg,0.5376,354.5070
bg,-18.3430,216.7953
bg,8.0283,186.1263
bg,-19.2799,151.6747
bg,-0.0488,109.0350
bg,16.3979,328.4290
bg,2.1573,46.7709
bg,12.6829,178.4478
bg,23.9005,243.4028
bg,-8.6117,10.0633
bg,11.7476,161.0472
bg,-24.3474,126.3468
bg,6.4328,228.9649
bg,-3.0320,227.2774
bg,-0.0997,151.7412
bg,25.7768,263.4794
bg,19.7165,236.0042
bg,22.2602,325.4654
bg,18.9158,296.8705
bg,-1.9279,38.8082
bg,-24.9034,196.6193
bg,-6.2174,209.9271
bg,11.2133,257.6247
bg,-15.0815,55.1435
bg,12.7163,26.0358
bg,14.4587,203.7611
bg,-23.1568,108.5847
bg,-7.6614,16.5957
bg,-13.8719,192.1961
bg,-0.7858,248.6473
bg,18.9687,340.7070
bg,-23.8131,258.8589
bg,0.5972,261.8260
bg,-14.2803,158.8740
bg,-24.5937,106.2800
bg,22.8304,18.0004
bg,15.3347,178.0771
bg,16.0980,210.3987
bg,-25.6691,195.3091
bg,4.4129,148.1894
bg,-5.0834,200.1740
bg,9.7563,18.9446
bg,23.1437,128.5540
bg,19.9726,164.8324
bg,9.4295,17.1828
bg,10.8781,176.6762
bg,23.5702,318.3662
bg,-16.7587,21.3275
bg,-18.2919,127.7353
bg,-1.1990,192.4402
bg,10.1944,1.4373
bg,-25.4964,253.0685
bg,3.1711,214.3302
bg,-11.4501,45.9400
bg,-22.2386,118.4327
bg,23.4971,17.3496
bg,18.3851,64.7705
bg,3.9206,19.7248
bg,16.3470,19.8188
bg,-12.6882,251.4741
bg,-13.7440,357.5363
bg,19.4966,184.9137
bg,5.9227,269.6418
bg,23.4590,193.6232
bg,-8.6312,222.8359
bg,14.7527,57.3015
bg,20.6476,168.0821
bg,23.4558,200.3672
bg,24.5161,319.1544
bg,2.1738,176.3597
bg,-25.5647,120.0510
bg,19.4389,357.1927
bg,-20.6275,184.3772
bg,-0.9324,206.5535
bg,4.6355,147.2471
bg,2.6812,37.4522
bg,0.0743,243.5102
bg,-13.0487,237.5988
bg,0.5009,50.2489
bg,3.8283,76.3423
bg,-23.5641,105.1286
bg,7.1432,322.5517
bg,1.3094,229.8068
bg,9.7280,349.7266
bg,2.9847,92.8613
bg,-5.4308,183.6311
bg,18.9279,12.4993
bg,-10.2492,102.8564
bg,7.3202,215.5034
bg,-17.5009,51.5830
bg,21.0658,67.4006
bg,-9.6407,23.6787
bg,-14.2853,141.2061
bg,-1.2019,63.4773
bg,2.8812,318.1944
bg,-24.4294,60.7879
bg,11.5888,302.2387
bg,-3.4962,213.5205
bg,8.3057,282.9271
bg,-6.2107,273.2989
bg,11.9303,203.9895
bg,-25.9274,192.6146
bg,-23.3591,127.5270
bg,2.5073,183.1156
bg,-7.3320,110.4309
bg,-23.5456,234.8017
bg,11.5443,198.5809
bg,-21.7043,198.9005
bg,25.8980,204.6450
bg,25.6260,334.9203
bg,-25.0048,209.1025
bg,-25.3666,105.2816
bg,4.9593,43.4456
bg,22.7670,2.0875
bg,-8.5245,105.1883
bg,8.4012,116.7510
bg,24.5459,134.0714
bg,1.2092,190.6651
bg,0.7805,259.2147
bg,13.8713,51.8480
bg,-10.9343,206.5140
bg,-12.9318,185.5883
bg,-10.9707,120.5053
bg,19.6239,240.2769
bg,3.3004,299.4548
bg,3.6341,327.2522
bg,-17.9176,219.7542
bg,17.0949,278.3426
bg,23.5673,231.7500
bg,24.1794,270.2468
bg,24.1860,195.3569
bg,9.4748,323.1332
bg,0.9802,272.6330
bg,16.7850,331.5289
bg,2.5957,168.4367
bg,15.9376,276.2687
bg,-11.7689,225.7066
bg,2.7190,344.9403
bg,-7.9498,133.8398
bg,-17.7551,70.1111
bg,-20.8209,152.3171
bg,-12.2212,5.2505
bg,19.0560,48.0490
bg,-0.9997,249.5705
bg,-19.5591,88.7018
bg,-1.4739,332.7652
bg,24.4524,187.1155
bg,23.4993,15.9092
bg,-7.7435,92.1716
bg,-4.0387,85.2568
bg,-18.7343,23.8943
bg,11.5352,244.0924
bg,-24.7121,204.0628
bg,10.1429,234.8140
bg,-15.9021,150.2817
bg,-20.3423,180.1460
bg,1.7115,292.9801
bg,16.6820,190.3129
bg,-20.1235,197.2103
bg,-6.7215,81.8360
bg,22.6436,232.8223
bg,-23.7718,122.4185
bg,-13.0933,83.9528
bg,-16.8084,200.7972
bg,-20.3751,33.5117
bg,-0.9642,289.4823
bg,1.7948,233.3045
bg,20.3141,67.9686
bg,16.1164,197.4332
bg,11.5814,169.6889
bg,1.3406,267.0009
bg,12.4001,353.0390
bg,-1.8915,166.3117
bg,20.4766,185.3605
bg,-9.6834,262.9675
bg,-21.3758,10.6945
bg,-8.1598,7.8039
bg,-3.3037,279.2635
bg,-24.6563,85.3877
bg,16.5640,22.5110
bg,-23.6177,263.2995
bg,14.1782,7.1912
bg,21.1398,163.6882
bg,-25.2837,58.0029
bg,-3.4418,268.1395
bg,24.8396,348.9329
bg,1.7332,163.0941
bg,8.9837,33.1349
bg,22.9786,277.8789
bg,-1.8705,225.4804
bg,22.7822,309.6353
bg,-4.3764,140.5883
bg,-18.7516,32.6337
bg,8.5955,345.6596
bg,-7.6452,265.0650
bg,-20.6992,41.9322
bg,-23.8280,232.1367
bg,-20.3466,135.3411
bg,18.2499,343.6833
bg,2.8578,243.3580
bg,1.6028,78.4799
bg,-4.5322,9.6586
bg,8.8774,156.2934
bg,9.9572,282.2119
bg,-2.0930,152.9632
bg,10.4537,317.7092
bg,23.4958,302.0438
bg,-12.7858,150.8421
bg,24.7195,278.6220
bg,-3.6007,243.4427
bg,23.6262,8.5006
bg,24.5066,207.2102
bg,3.7736,325.3028
bg,-20.4053,221.3967
bg,-9.5631,140.3953
bg,22.9338,160.1109
bg,-16.9855,222.8367
bg,-5.2178,80.2072
bg,-19.0961,154.5230
bg,-24.4738,102.0081
bg,-20.1853,67.3397
bg,17.7053,22.4105
bg,20.9822,248.1521
bg,-13.0876,215.8290
bg,-16.3467,242.8721
bg,-16.6453,23.3558
bg,13.4138,111.9571
bg,22.8043,243.5796
bg,-11.7885,52.4317
bg,21.3854,74.5753
bg,22.5638,333.2598
bg,17.3307,161.9096
bg,23.6420,13.3514
bg,16.0547,175.9470
bg,-16.5606,115.8901
bg,17.2278,219.7088
bg,-25.8938,64.2576
bg,-1.1504,92.2664
bg,-23.7221,249.8118
bg,11.5772,295.4144
bg,24.8719,309.7912
bg,21.1970,315.8950
bg,22.7823,39.8689
bg,-3.7176,355.0732
bg,5.5780,162.2372
bg,-2.9624,35.5968
bg,-21.2465,139.0984
bg,13.1455,16.7129
bg,22.3009,54.8783
bg,-15.4713,180.2584
bg,11.9484,185.9713
bg,6.0902,53.8512
bg,-4.3178,215.5100
bg,-22.4472,111.2856
bg,-21.6119,211.8399
bg,9.6536,85.7871
bg,-14.9488,259.9204
bg,-6.9115,187.5241
bg,25.9153,265.8045
bg,18.5719,311.2191
bg,5.6522,255.9711
bg,4.1479,91.5904
bg,21.0526,85.6657
bg,-8.0629,233.9682
bg,25.3396,291.2633
bg,-1.5938,343.3873
bg,-1.0117,139.5501
bg,-22.9892,50.6241
bg,0.9236,211.6463
bg,-6.6111,186.7870
bg,21.8271,318.7836
bg,-9.6927,111.0196
bg,2.0622,255.2799
bg,9.7491,178.0223
bg,8.1657,52.8346
bg,19.8076,29.2278
bg,15.7243,164.2658
bg,21.5795,170.5424
bg,20.2918,284.1564
bg,11.5052,144.1178
bg,14.3923,160.8525
bg,-23.1770,106.5154
bg,14.5016,334.1529
bg,4.5123,282.5112
bg,-5.3089,25.9323
bg,-6.6881,213.0266
bg,-17.9845,27.3720
bg,18.3182,236.2732
bg,15.1940,292.7153
bg,0.4534,328.7546
bg,-2.9892,151.2435
bg,-1.5138,43.9458
bg,25.6507,139.2733
bg,-22.4440,150.9605
bg,-25.2926,162.3854
bg,-18.9905,169.6467
bg,-19.2195,2.2180
bg,-8.9627,210.9851
bg,17.4268,96.9664
bg,15.1860,246.7069
bg,4.3634,132.2144
bg,-9.1742,0.8109
bg,-11.0493,144.7557
bg,-3.7064,60.8997
bg,13.5420,296.3417
bg,-13.6150,105.8143
bg,-11.5869,245.1967
bg,0.7553,205.2393
bg,-11.1943,252.6819
bg,-6.2196,238.7244
bg,-3.7020,3.6080
bg,-15.5192,127.5461
bg,-7.5327,352.7240
bg,-6.7906,349.8958
bg,-25.5793,84.0054
bg,22.6816,246.0127
bg,20.9017,358.5600
bg,-1.3420,288.8929
bg,-8.3845,97.6083
bg,2.7429,230.6644
bg,14.5913,308.8606
bg,17.1887,195.6120
bg,23.6026,145.9116
bg,2.8788,173.1777
bg,-16.3264,100.4725
bg,-3.3101,154.6891
bg,14.4994,43.1514
bg,-2.9077,262.0127
bg,15.0828,297.0094
bg,-11.3407,151.6617
bg,19.1400,201.2918
bg,-4.6427,212.6119
bg,25.5134,164.4131
bg,10.0728,256.3867
bg,18.7724,181.5792
bg,5.7606,231.2052
bg,21.2364,84.4985
bg,8.1150,281.7772
bg,-3.6079,35.2104
bg,23.7899,82.8672
bg,21.3197,195.2244
bg,-23.8679,105.1859
bg,-11.6474,69.0523
bg,-9.0510,50.8909
bg,25.7952,44.6512
bg,-16.6567,236.5761
bg,16.3528,333.7894
bg,5.0321,104.3358
bg,-21.5447,118.0692
bg,13.6064,279.5270
bg,6.2810,165.5965
bg,4.9832,222.1010
bg,13.3831,239.2774
bg,16.5471,191.7742
bg,-12.1151,93.5965
bg,14.3802,322.7129
bg,14.4947,91.8269
bg,-25.8983,154.3464
bg,-1.6896,98.3213
bg,-2.1253,272.8267
bg,-1.7773,167.7708
bg,-14.3897,198.2563
bg,3.1199,184.1607
bg,18.7363,73.3159
bg,23.6712,139.6100
bg,8.3454,153.3434
bg,-24.1660,209.3751
bg,7.2637,162.1733
bg,18.1821,253.4047
bg,-17.7233,204.1714
bg,0.7180,72.6559
bg,4.5119,264.8992
bg,-15.4929,201.0734
bg,-4.6788,48.7347
bg,-20.8925,100.0632
bg,-25.8082,206.4960
bg,6.7910,302.2166
bg,-5.8385,278.9699
bg,-17.1804,251.9663
bg,8.4419,135.8606
bg,-21.9640,186.4089
bg,22.9098,193.2478
bg,17.7081,237.7813
bg,-2.7079,4.3361
bg,-23.1278,181.6115
bg,15.0523,247.9662
bg,3.2322,168.7151
bg,17.9187,236.7377
bg,19.1749,341.6290
bg,13.2948,30.6927
bg,15.5580,161.4039
bg,6.0076,228.1585
bg,6.9871,136.9730
bg,17.4800,256.4613
bg,16.3386,258.2099
bg,4.1521,192.4671
bg,-7.1876,78.8713
bg,23.2002,148.2501
bg,0.8052,170.8166
bg,-0.6913,160.5320
bg,-25.8465,141.8661
bg,22.2130,239.0178
bg,-16.4288,16.1969
bg,-19.6808,119.2025
bg,2.6354,183.5116
bg,-20.0139,20.2318
bg,12.6145,196.4429
bg,16.2945,270.6932
bg,25.5460,135.6464
bg,-1.2076,350.5688
bg,-25.6694,215.6822
bg,-16.6345,104.0820
bg,-5.9424,140.7634
bg,-25.0756,106.9144
bg,-3.6160,127.2533
bg,3.4710,277.4200
bg,-22.2021,20.2064
bg,-8.7941,338.5520
bg,15.1089,178.5967
bg,15.3570,303.6983
bg,-15.3861,80.3732
bg,-6.1635,196.2895
bg,-18.7042,163.4599
bg,23.0493,274.7406
bg,-17.1737,133.3469
bg,5.9549,217.1216
bg,22.8276,120.5560
bg,16.2096,216.2112
bg,-1.9528,342.3323
bg,11.7757,67.2972
bg,18.4404,62.9455
bg,25.1351,1.8346
bg,-21.9271,29.4015
bg,22.0424,78.9810
bg,10.4664,197.3072
bg,13.1885,355.9500
bg,-18.7373,206.1719
bg,-10.2011,76.7877
bg,16.7453,16.1416
bg,-8.6320,77.4231
bg,-25.2638,210.6293
bg,-12.5591,5.2459
bg,-21.1220,34.5321
bg,-8.0008,150.2687
bg,8.0657,213.0441
bg,-1.8411,9.0925
bg,-12.2949,192.0540
bg,-1.3418,188.9768
bg,-12.7699,117.7564
bg,22.0816,235.5680
bg,5.0608,165.5789
bg,13.3631,137.1572
bg,19.0347,327.7955
bg,-16.8259,168.9487
bg,23.3945,279.6269
bg,7.3776,288.8841
bg,2.2545,197.3536
bg,5.1230,53.1878
bg,1.1460,49.3084
bg,19.6013,308.4644
bg,24.7141,122.5915
bg,-12.7118,98.2754
bg,-21.9765,70.2697
bg,2.6433,250.2926
bg,22.7359,256.5563
bg,-21.4720,230.0145
bg,-17.0395,264.1772
bg,11.5086,234.3184
bg,21.7873,145.1110
bg,18.9365,268.5471
bg,-3.4073,223.0869
bg,-15.6027,196.1906
bg,19.6106,53.5356
bg,-14.9986,174.4054
bg,12.7337,170.6405
bg,10.7522,326.8300
bg,-6.1297,195.6645
bg,24.9642,16.9425
bg,14.7313,327.4327
bg,6.1397,57.5353
bg,12.5033,281.2659
bg,-16.6067,188.0755
bg,-25.1637,147.5001
bg,19.3061,67.0218
bg,8.3907,82.2197
bg,16.1573,133.0956
bg,24.1538,276.4629
bg,-17.1569,30.2802
bg,-6.3160,215.9054
bg,19.3240,292.9610
bg,-20.1392,124.2059
bg,7.8648,24.8322
bg,7.7160,119.5480
bg,-15.5903,46.9393
bg,-6.6706,27.9316
bg,3.0575,148.2587
bg,-24.0494,141.6082
bg,6.6750,76.7386
bg,17.8052,223.1697
bg,-18.1984,244.1809
bg,6.2533,192.3377
bg,-14.0794,170.4263
bg,14.1111,194.0623
bg,-0.6938,4.3643
bg,2.8828,328.1275
bg,15.3575,227.1133
bg,-17.4022,224.6999
bg,5.1340,257.8642
bg,20.8723,147.3650
bg,-22.9198,261.2658
bg,25.1751,352.9991
bg,-19.6981,173.3471
bg,-23.0966,110.8564
bg,-15.6271,126.4858
bg,11.5802,255.8917
bg,-2.3858,163.1063
bg,-18.3320,101.9562
bg,14.6751,134.7411
bg,23.4971,42.4024
bg,17.0086,94.6997
bg,24.9246,148.1212
bg,-12.9466,198.9565
bg,-12.4536,55.8879
bg,-6.7799,5.2871
bg,22.1676,284.4741
bg,13.0082,127.2735
bg,15.4178,149.8636
bg,-22.7508,209.5334
bg,-17.7911,244.9265
bg,-14.0322,14.2898
bg,25.2833,333.2752
bg,22.6829,48.5130
bg,25.2505,253.8466
bg,13.5234,216.8432
bg,-1.8841,71.7037
bg,-23.3793,243.1146
bg,-8.3674,34.1334
bg,-25.0232,54.3795
bg,18.6695,264.7757
bg,24.3273,285.8595
bg,-15.4131,71.3142
bg,17.1410,7.2477
bg,16.2505,41.2396
bg,21.8595,160.3070
bg,24.9478,202.2809
bg,-9.0963,40.0145
bg,20.7431,282.8013
bg,6.2485,281.6234
bg,-24.7121,83.1981
bg,-18.4029,143.1557
bg,-24.9988,78.3266
bg,7.3086,282.1337
bg,-9.5784,134.1645
bg,-6.8596,245.5382
bg,-24.1774,266.5456
bg,16.7876,300.2684
bg,-4.6711,110.5082
bg,8.5602,267.4007
bg,-24.5362,21.7516
bg,15.2748,298.2732
bg,6.9977,31.4563
bg,-18.1946,15.7588
bg,-18.7487,231.5496
bg,-3.4699,10.1231
bg,22.3477,207.2364
bg,-12.1275,197.2082
bg,-19.6124,214.5261
bg,-3.4805,237.6441
bg,6.3701,258.2558
bg,4.1208,248.2845
bg,-13.0034,58.4657
bg,24.7705,324.1856
bg,4.2075,339.7983
bg,23.4157,136.1419
bg,-3.5579,282.9650
bg,1.1413,338.1004
bg,7.2775,27.3266
bg,-3.0765,70.9422
bg,8.7986,225.2685
bg,-0.6939,340.5775
bg,-20.2139,73.3274
bg,-19.1956,111.4097
bg,-25.8640,249.8421
bg,-17.0950,231.1905
bg,-22.2843,150.3892
bg,25.4845,341.7231
bg,-18.4507,49.3465
bg,6.0852,153.1122
bg,12.1971,55.7725
bg,2.3338,125.7464
bg,-2.5955,40.2044
bg,2.3958,52.2977
bg,11.7887,359.2092
bg,9.3270,177.0021
bg,16.5699,303.2987
bg,24.8916,235.1925
bg,-9.9654,43.3592
bg,14.9267,309.3837
bg,24.6900,330.9162
bg,-1.3338,30.4331
bg,24.2435,38.7374
bg,19.7516,12.7385
bg,-6.1902,122.9706
bg,3.1709,137.7333
bg,-15.6937,117.2887
bg,16.4569,332.5608
bg,-20.9266,214.7259
bg,-0.9472,345.2944
bg,11.5348,233.2335
bg,-25.7286,26.8769
bg,-20.1365,170.3373
bg,3.7211,293.7714
bg,-12.0836,9.1248
bg,-1.7605,136.9143
bg,-21.9195,92.4536
bg,-15.5502,353.1258
bg,7.8084,279.7800
bg,12.7903,254.9769
bg,21.1583,27.6894
bg,6.9857,272.5454
bg,23.5929,266.9705
bg,15.5854,283.5482
bg,-12.2656,345.5217
bg,8.0379,309.8164
bg,-7.4143,181.5108
bg,18.1466,68.1922
bg,13.8033,26.6768
bg,20.1598,268.7673
bg,24.9123,289.9801
bg,16.9392,304.8168
bg,-10.4041,190.4672
bg,-6.2943,56.1643
bg,-12.3778,259.3834
bg,-9.6732,56.2270
bg,-12.4749,347.7000
bg,-6.5783,30.4758
bg,9.2603,282.5132
bg,2.2776,141.0204
bg,14.3080,169.2340
bg,24.4111,215.5296
bg,21.2636,284.2255
bg,-19.7683,11.6549
bg,-5.3623,336.2313
bg,22.5610,65.6465
bg,-14.9419,264.1194
bg,1.4489,182.7094
bg,15.3467,24.9205
bg,-14.9719,84.8530
bg,-18.4011,118.2199
bg,3.5634,243.2713
bg,0.8035,5.6187
bg,8.5986,17.4507
bg,-0.6382,185.1750
bg,-4.9810,220.7241
bg,25.2738,16.2343
bg,-21.6212,41.3150
bg,-11.7423,254.7698
bg,6.6622,132.4161
bg,0.4481,196.1915
bg,20.2919,109.6296
bg,-7.8494,49.6674
bg,-21.9417,105.8307
bg,-11.8910,2.4729
bg,-22.8165,164.7004
bg,24.5143,182.6709
bg,17.9639,206.5940
bg,15.6977,177.4989
bg,-4.5353,223.5893
bg,12.4273,358.7489
bg,-9.2761,106.8525
bg,-24.4318,104.9226
bg,3.0297,168.5408
bg,17.5956,319.0404
bg,16.2251,215.4768
bg,-25.8073,105.7519
bg,-1.3908,138.0150
bg,-15.1465,123.4641
bg,20.0301,313.7187
bg,0.6268,101.9459
bg,22.6832,185.9861
bg,-15.1254,141.4811
bg,14.8799,319.7884
bg,-2.6317,98.9736
bg,-15.7849,79.4172
bg,-6.2902,244.7952
bg,15.5525,201.4700
bg,-3.4346,206.3390
bg,-8.6276,7.4250
bg,17.2526,294.9759
bg,-24.7891,169.5451
bg,9.1855,106.8007
bg,-12.9065,189.4873
bg,7.5194,305.4941
bg,-4.8734,40.9617
bg,22.5699,2.8135
bg,14.7188,335.8175
bg,-3.5662,208.9628
bg,-14.0250,127.5678
bg,24.5029,209.2448
bg,-17.3324,121.6094
bg,-10.9660,262.0376
bg,-7.4945,269.8530
bg,-22.5960,254.3013
bg,-19.8342,164.6571
bg,24.8164,138.9895
bg,18.3749,257.2453
bg,25.1279,80.1627
bg,-9.8036,84.8211
bg,-3.1393,114.5585
bg,5.4138,334.5322
bg,5.3843,52.3941
bg,-20.9628,217.5131
bg,-3.2458,253.9586
bg,-5.4690,351.0704
bg,5.2043,166.6461
bg,-21.4532,31.4109
bg,14.6628,232.7972
bg,18.3996,217.6881
bg,-12.1412,209.0195
bg,10.6248,287.7170
bg,-3.1739,354.7641
bg,25.6365,344.5769
bg,4.3879,62.5570
bg,25.7231,303.5522
bg,-16.4839,67.7452
bg,24.0295,337.7712
bg,19.8724,219.8754
bg,0.2829,348.8480
bg,-8.5370,199.3830
bg,19.0660,335.9605
bg,-3.2732,332.5771
bg,-0.7091,199.3984
bg,4.7062,164.5815
bg,-1.8693,25.5964
bg,17.8531,289.5628
bg,-4.5248,15.2840
bg,17.9486,301.1282
bg,-13.2519,177.0757
bg,-21.4983,245.7751
bg,0.4098,231.1493
bg,-6.1298,269.6618
bg,23.0565,104.6403
bg,-18.6403,237.6953
bg,-8.3973,38.6863
bg,8.2871,242.0578
bg,-23.6257,240.3681
bg,9.1530,273.8222
bg,-21.6468,35.2495
bg,11.5721,60.9294
bg,11.5226,194.7330
bg,1.2122,212.4375
bg,9.4908,48.8309
bg,-12.2054,148.5989
bg,12.4137,312.3432
bg,0.4814,237.2288
bg,0.8676,231.7348
bg,14.1871,168.7240
bg,-6.6994,88.6581
bg,1.8161,345.3328
bg,12.2118,127.7542
bg,9.4773,98.3559
bg,20.0239,281.4105
bg,-24.0601,87.3132
bg,-6.4336,268.6149
bg,12.7144,24.8224
bg,23.8956,149.1458
bg,3.9947,297.6752
bg,13.6908,158.7358
bg,-2.8346,239.9039
bg,6.4940,279.9347
bg,-13.6341,343.5263
bg,19.9040,183.7227
bg,-12.0561,38.3383
bg,-19.5763,100.3876
bg,7.5638,324.8830
bg,-17.7449,358.2823
bg,23.0825,89.1232
bg,-25.1443,100.1792
bg,9.6010,215.7325
bg,-1.0735,224.1477
bg,14.1483,169.5923
bg,16.8569,276.5082
bg,-23.0130,252.4834
bg,-22.6946,120.2934
bg,-20.5093,217.1469
bg,13.1817,46.7827
bg,18.7874,275.1168
bg,-3.7015,239.1639
bg,-14.1525,41.5392
bg,21.5153,161.1891
bg,17.9108,286.3456
bg,-25.6247,115.6563
bg,23.2588,160.4103
bg,-21.3962,17.4204
bg,17.4177,279.4907
bg,-20.9206,20.0641
bg,24.5293,21.4561
bg,12.4734,43.3229
bg,13.4809,330.3220
bg,23.3907,63.2648
bg,20.0754,234.6419
bg,13.5370,334.2370
bg,10.6959,185.4891
bg,-13.3638,353.3192
bg,6.5024,78.7221
bg,-23.8825,157.2243
bg,-23.3750,221.9994
bg,-23.8926,227.6637
bg,-12.7444,258.6743
bg,3.0320,319.5564
bg,24.8024,63.5360
bg,13.6136,182.5059
bg,24.3399,230.4962
bg,-4.5048,67.3049
bg,5.7209,10.5780
bg,-13.4449,243.8426
bg,-16.9997,54.3153
bg,-10.9734,85.6420
bg,18.4385,145.4089
bg,13.2545,155.6619
bg,-25.6354,30.0711
bg,-18.2918,137.5735
bg,8.6588,151.4717
bg,23.1349,34.8397
bg,5.2666,4.7437
bg,-5.5983,54.3212
bg,24.7271,280.0212
bg,-6.2873,255.2632
bg,-12.3185,82.2376
bg,-21.0512,254.8833
bg,8.1750,124.7004
bg,-10.2329,24.2519
bg,9.2391,177.1189
bg,-9.5058,186.0658
bg,-25.9693,189.7133
bg,7.1419,79.4084
bg,-25.5707,91.4351
bg,-21.0978,37.3314
bg,-3.3734,132.4231
bg,17.3576,59.0177
bg,-9.3494,245.8676
bg,-4.5477,28.2573
bg,-12.5456,8.3345
bg,13.9301,12.4141
bg,7.9277,9.9431
bg,13.9324,147.2003
bg,-15.0610,158.6756
bg,-17.2851,214.7784
bg,23.5391,349.7041
bg,13.4634,229.3201
bg,-15.0737,219.9536
bg,23.6955,73.6769
bg,-13.9619,133.1787
bg,-7.9369,55.3483
bg,8.8355,282.2561
bg,-7.2456,49.4505
bg,5.3855,223.3258
bg,-21.9256,232.3929
bg,4.2171,327.9095
bg,-10.1003,126.6479
bg,-19.4285,244.5998
bg,-15.9592,132.8612
bg,17.6382,272.4961
bg,-21.2931,265.3874
bg,-22.4771,241.5472
bg,-8.2549,33.1083
bg,-8.9890,80.7433
bg,-23.5394,78.4151
bg,17.9890,317.6444
bg,25.2950,328.2206
bg,22.6237,251.7794
bg,17.7289,52.7255
bg,-25.3981,72.2039
bg,-6.4660,106.0412
bg,21.5550,300.4520
bg,-9.0262,236.9661
bg,14.2274,240.3887
bg,20.9160,153.5396
bg,-1.4322,285.3821
bg,-11.8308,71.4420
bg,0.3955,346.8509
bg,24.6215,183.9993
bg,-1.3119,39.9511
bg,18.7352,144.6195
bg,16.5662,137.6886
bg,-15.8310,208.9504
bg,13.4572,276.4931
bg,-7.6440,167.6672
bg,10.6894,44.2800
bg,-5.0994,217.3554
bg,-12.4200,226.8173
bg,-22.0916,114.1502
bg,8.7489,359.9897
bg,15.5390,9.0309
bg,21.1481,277.0525
bg,-4.5581,253.8672
bg,16.9491,57.6256
bg,2.8598,189.1548
bg,22.3215,26.9948
bg,8.7291,129.9885
bg,20.2542,52.7150
bg,23.4413,235.0405
bg,9.2642,288.7446
bg,23.2042,342.8406
bg,-14.8450,117.9023
bg,-8.8281,201.3300
bg,-6.1993,141.0880
bg,17.4370,202.2429
bg,0.4187,16.5689
bg,-14.9228,159.7116
bg,1.9699,246.3552
bg,-0.3718,147.8065
bg,-9.7595,93.7349
bg,-9.4217,220.2601
bg,19.8028,199.4327
bg,20.0933,156.8799
bg,20.1048,347.7806
bg,-10.0902,206.5539
bg,16.6947,215.6202
bg,22.0699,216.7260
bg,-13.0713,186.8745
bg,-20.0678,208.2874
bg,-0.8656,201.4168
bg,-19.4557,6.4709
bg,-21.5816,230.6381
bg,1.6626,183.1482
bg,5.9056,244.4875
bg,-21.4497,126.3817
bg,-24.8115,50.9780
bg,-1.7426,218.6079
bg,18.8171,337.5939
bg,6.4739,54.1201
bg,13.8101,314.4320
bg,21.5087,263.2102
bg,15.5604,91.5564
bg,-16.3160,6.2019
bg,-24.6745,260.2356
bg,11.7863,62.9603
bg,-0.1365,178.1200
bg,25.1362,152.7581
bg,-17.3579,150.0674
bg,9.7160,69.1683
bg,-12.5273,196.3890
bg,21.4104,130.5625
bg,20.6908,356.0113
bg,1.0300,67.1171
bg,3.6358,185.1002
bg,2.4715,303.0639
bg,-9.1652,183.9648
bg,25.0051,278.4808
bg,-6.9347,183.2980
bg,19.0585,313.9402
bg,-24.4560,80.8992
bg,-4.7243,197.7577
bg,2.8124,61.3735
bg,25.6712,160.2522
bg,-8.5780,38.1997
bg,22.9731,269.2931
bg,-16.9648,184.1512
bg,-19.2019,183.0655
bg,6.4021,68.2517
bg,22.9300,274.2448
bg,-15.0483,175.0066
bg,11.6187,49.1110
bg,-3.7839,152.4659
bg,14.2356,206.4418
bg,-4.2673,283.3708
bg,16.6486,301.2671
bg,25.7259,193.3776
bg,14.5614,26.1584
bg,2.4055,5.5750
bg,16.1086,311.1092
bg,-18.9335,192.0117
bg,4.8077,347.1545
bg,-10.2949,196.4755
bg,-3.8739,21.2316
bg,-17.5199,36.7084
bg,16.6239,329.8902
bg,12.9683,166.5990
bg,0.9969,48.8078
bg,6.3341,13.9865
bg,-20.4833,15.1599
bg,-15.6507,100.3170
bg,23.6640,168.8123
bg,10.3682,223.8054
bg,18.8853,274.7831
bg,-2.6730,258.3378
bg,15.3338,205.6528
bg,-7.3552,163.4228
bg,12.2873,287.9082
bg,-4.6399,33.6838
bg,8.5954,209.2438
bg,18.9618,224.1294
bg,-21.3297,90.8812
bg,8.0488,293.2344
bg,10.9247,10.4183
bg,-2.7603,352.8615
bg,-19.4472,151.6822
bg,3.2156,67.7461
bg,21.1354,18.2325
bg,23.0317,258.7069
bg,-5.2184,270.1301
bg,21.3267,196.5993
bg,2.5690,101.1115
bg,11.1839,308.6914
bg,-24.3187,268.8316
bg,14.2807,358.4573
bg,16.2775,356.6226
bg,9.6377,26.2567
bg,4.1144,78.1448
bg,19.4303,261.4338
bg,2.1448,133.4925
bg,-10.8718,154.0567
bg,-19.9972,244.5076
bg,5.2557,47.5111
bg,-10.3312,265.4507
bg,-4.6291,174.4642
bg,-7.2788,257.1957
bg,-17.5361,139.3502
bg,4.6642,159.9457
bg,-8.3850,241.0809
bg,-20.0583,231.6677
bg,6.8707,188.7542
bg,10.5177,136.0194
bg,-2.6491,216.2200
bg,25.9134,84.2324
bg,17.1887,76.9812
bg,14.7390,87.2543
bg,22.2050,327.2548
bg,-6.0651,94.0578
bg,17.2241,195.7979
bg,-17.0176,186.2380
bg,23.6882,103.0952
bg,15.3769,160.1461
bg,5.0457,208.0416
bg,17.6259,110.7892
bg,-21.0350,12.2755
bg,17.9680,294.0278
bg,4.1962,274.6320
bg,21.8699,354.4368
bg,23.5053,61.3252
bg,-0.1062,5.7385
bg,1.7140,173.5295
bg,19.4138,30.7277
bg,-16.4351,220.7649
bg,-17.3997,104.4122
bg,13.9491,357.0783
bg,-1.7987,254.1104
bg,22.0947,220.9496
bg,4.5118,135.2497
bg,18.6115,138.5852
bg,-7.1396,237.0802
bg,-21.9827,187.4019
bg,0.5972,147.8687
bg,-6.5753,124.7356
bg,-4.0087,14.7718
bg,8.8545,104.1879
bg,16.8904,10.8970
bg,0.2899,48.1645
bg,-18.0614,17.5755
bg,6.5096,324.5549
bg,18.2172,344.2627
bg,-18.0862,180.1448
bg,6.4396,251.6523
bg,-14.1522,16.0248
bg,11.7135,66.9389
bg,-18.0458,95.3683
bg,-3.3389,232.5753
bg,-25.5194,207.9983
bg,15.6425,94.9596
bg,14.3212,341.4330
bg,-12.8067,13.2841
bg,22.7341,277.3082
bg,18.0047,47.8989
bg,17.2775,279.6682
bg,-12.8303,188.1514
bg,-25.2848,76.5622
bg,16.2964,172.1580
bg,-22.7421,238.5139
bg,3.4619,41.4363
bg,-21.4093,64.9153
bg,-3.9405,72.1931
bg,1.6693,159.3234
bg,-4.1666,199.7746
bg,-22.6442,28.1032
bg,-15.4976,107.8064
bg,-20.1580,167.6801
bg,3.2502,130.2217
bg,-14.7313,141.0151
bg,20.5151,217.9086
bg,-6.6780,265.7083
bg,-22.1330,86.8673
bg,-19.0212,85.5820
bg,-22.2898,147.4593
bg,15.9189,249.6750
bg,8.2834,196.7220
bg,-17.0851,171.6150
bg,-19.1054,166.7464
bg,-14.8819,234.6086
bg,14.9536,245.9310
bg,17.1011,64.0256
bg,-10.3380,87.7600
bg,5.9077,214.5846
bg,23.2540,286.2635
bg,18.8200,189.3633
bg,17.0022,53.1503
bg,-20.4373,251.7193
bg,24.1705,196.6069
bg,21.4460,145.9504
bg,-21.3739,110.5173
bg,-21.3011,40.0630
bg,-15.8658,51.8959
bg,-2.6646,43.0616
bg,-21.4819,228.7807
bg,18.4812,262.1102
bg,-9.5263,201.0759
bg,20.3809,14.8736
bg,-15.4781,22.4837
bg,-1.8388,333.9111
bg,20.2068,308.7551
bg,13.9948,94.5764
bg,-9.8942,81.7204
bg,-23.6083,190.1541
bg,14.7248,166.6490
bg,15.3299,243.1817
bg,-12.3869,146.5954
bg,0.2093,131.2162
bg,-17.0410,171.9520
bg,-2.8249,141.3674
bg,3.0658,275.2580
bg,5.2738,207.0458
bg,11.0426,267.0990
bg,0.8864,124.2468
bg,-23.5659,218.1331
bg,0.3510,215.1613
bg,7.2223,57.6809
bg,25.9510,147.3134
bg,-21.6422,243.9457
bg,12.4523,271.5274
bg,0.2343,33.3568
bg,12.4867,25.3652
bg,-22.2941,125.5498
bg,-21.6731,113.9909
bg,0.9926,224.6448
bg,24.3312,130.2427
bg,21.5713,143.0866
bg,10.0947,108.2009
bg,6.5784,47.7310
bg,2.1670,156.7551
bg,24.2534,244.1016
bg,-24.7158,132.7099
bg,23.8014,322.5495
bg,19.4232,154.6920
bg,25.3291,246.7387
bg,3.2470,102.9097
bg,-22.2616,93.7621
bg,-12.2279,349.7257
bg,-7.6545,26.6857
bg,-0.1725,269.2341
bg,-12.8680,261.3553
bg,-11.5080,25.5514
bg,17.3209,217.2053
bg,-23.6644,188.8335
bg,20.7729,92.5344
bg,6.7074,157.3788
bg,2.3195,291.2411
bg,19.1989,344.3618
bg,20.9535,258.2189
bg,16.1737,79.6645
bg,-3.3299,234.6933
bg,-12.9933,122.4520
bg,23.2248,321.0134
bg,-8.5421,192.8200
bg,16.0793,351.9618
bg,-25.1737,107.9473
bg,-24.9054,214.7200
bg,-25.0786,31.1330
bg,13.1975,146.7668
bg,3.5833,2.0757
bg,18.8433,227.5623
bg,17.5292,254.4798
bg,-14.6678,80.0248
bg,7.2102,310.9134
bg,15.7291,310.3626
bg,-4.3004,144.3698
bg,22.6824,259.0448
bg,-13.6675,89.2360
bg,-15.6558,10.3524
bg,-13.8533,125.8224
bg,1.1448,5.1484
bg,12.6815,50.7160
bg,25.5580,56.6482
bg,14.7634,290.8260
bg,-19.2986,71.9671
bg,23.6863,340.8018
bg,-2.9183,353.2999
bg,-0.5554,224.2576
bg,9.6426,182.4500
bg,-21.5802,192.9586
bg,10.5831,332.4101
bg,-10.2686,103.7632
bg,15.0499,262.9932
bg,-17.9149,136.1885
bg,16.4391,280.7566
bg,16.5673,193.6568
bg,23.8548,81.3465
bg,-23.2662,188.5470
bg,-19.5168,25.5208
bg,-8.9170,350.9995
bg,24.3414,165.4746
bg,-18.2422,1.2778
bg,0.2217,263.4587
bg,-14.6345,248.9306
bg,18.1794,53.6919
bg,15.5473,16.7788
bg,14.9845,178.2793
bg,10.2716,162.5863
bg,11.2096,107.8223
bg,-0.1480,275.0269
bg,-6.4526,56.2574
bg,14.1235,135.0085
bg,10.8452,55.2918
bg,22.2567,275.8214
bg,24.4102,31.6828
bg,20.4796,224.5625
bg,-19.6936,267.2032
bg,9.5333,220.2843
bg,14.3906,101.0473
bg,-14.6979,240.0143
bg,-8.6848,341.5956
bg,-24.7354,160.3460
bg,-20.5709,115.6762
bg,-9.4933,125.7080
bg,20.5547,265.1600
bg,-17.8797,158.6025
bg,3.2330,250.9816
bg,24.7629,128.5812
bg,16.8386,190.9997
bg,-9.7403,128.0624
bg,20.8111,228.7380
bg,13.3901,317.9048
bg,-24.4100,172.3538
bg,14.0278,47.6716
bg,-25.7705,116.6735
bg,-3.0238,127.5778
bg,-9.4385,359.0984
bg,-0.1745,160.7010
bg,-20.3534,7.6909
bg,-19.9439,82.9202
bg,-9.8234,10.5121
bg,21.2970,277.1893
bg,16.1929,269.7045
bg,14.6113,3.5701
bg,6.6558,48.9497
bg,2.0735,137.4790
bg,-21.9603,87.2375
bg,9.1045,314.2288
bg,0.9005,45.3507
bg,-11.4437,47.4334
bg,22.3067,192.7302
bg,-20.8469,151.3093
bg,14.7430,154.9481
bg,14.6429,37.0703
bg,8.3623,189.7226
bg,4.7807,49.9657
bg,0.4253,195.0117
bg,-25.0948,148.9195
bg,-8.2385,118.8728
bg,-8.8885,14.8101
bg,-18.4046,215.3286
bg,-12.5584,222.8155
bg,-12.7488,161.6228
bg,11.6054,201.9710
bg,4.0514,20.3633
bg,2.3051,93.9431
bg,-22.5476,58.3847
bg,7.0139,72.8310
bg,-12.0181,50.2195
bg,-1.2971,333.7205
bg,-19.5459,13.4138
bg,17.3204,171.4831
bg,23.9932,275.7376
bg,9.4868,226.7962
bg,-7.2897,5.0888
bg,-16.4155,80.9713
bg,17.7785,11.1998
bg,-24.2740,24.6685
bg,-0.6779,162.6829
bg,19.2079,113.2920
bg,18.2023,335.8067
bg,2.4649,80.1650
bg,-14.2418,25.8559
bg,-3.0924,171.3105
bg,4.3577,310.5805
bg,-0.1496,357.9750
bg,-0.6219,112.9774
bg,5.3263,304.8123
bg,5.8898,44.7153
bg,-12.5058,150.2513
bg,-15.2947,243.1652
bg,-9.6654,39.7035
bg,-15.8884,133.9261
bg,-17.8252,174.3495
bg,-0.4869,190.2663
bg,-25.9837,201.4928
bg,-18.8564,92.5370
bg,7.8837,112.3908
bg,18.2399,162.5218
bg,-19.2999,129.3044
bg,-22.6517,116.4199
bg,17.0917,306.4783
bg,25.7165,282.5708
bg,-18.0071,167.9546
bg,-6.9770,172.8708
bg,14.2456,161.1186
bg,24.4486,164.8066
bg,-16.3576,75.5455
bg,12.4348,252.7446
bg,-5.9460,358.1319
bg,-6.2624,348.6275
bg,-13.8824,27.0567
bg,-1.0027,165.1406
bg,-13.0362,193.7797
bg,3.3202,29.1133
bg,-12.8237,188.2780
bg,25.1810,228.7740
bg,0.2097,280.0530
bg,-7.7182,5.4656
bg,16.0503,57.6339
bg,24.6763,241.1851
bg,-15.0719,68.2125
bg,-22.8396,162.5294
bg,12.3610,265.9222
bg,1.1368,96.0721
bg,-22.9480,107.7082
bg,23.6816,297.0222
bg,-2.3189,240.8946
bg,9.6810,180.8830
bg,24.2212,146.0445
bg,-19.2888,225.3788
bg,-17.7006,358.8202
bg,-20.7537,23.8068
bg,21.9055,320.4946
bg,-16.9231,142.8722
bg,16.8025,181.9110
bg,2.0063,263.1269
bg,2.7523,319.8489
bg,-18.8657,207.5247
bg,24.1236,260.3525
bg,-8.8757,187.9953
bg,22.2148,334.4392
bg,-5.5466,120.6117
bg,6.4799,16.1804
bg,12.6213,282.9195
bg,-15.4843,235.6200
bg,-11.0774,157.5695
bg,20.1942,76.5920
bg,-2.1624,4.0963
bg,16.8662,214.6880
bg,18.9914,247.3057
bg,-8.7497,158.9349
bg,14.8576,354.1560
bg,-3.5258,41.2211
bg,7.5767,291.3320
bg,6.4209,342.0992
bg,2.9443,173.2086
bg,-23.1442,89.3125
bg,-8.0597,105.9658
bg,7.5356,28.7111
bg,3.1988,57.4657
bg,-23.3525,86.5542
bg,8.4473,10.1266
bg,1.1734,294.8178
bg,6.0467,188.6829
bg,-13.5314,247.3234
bg,5.7601,234.1547
bg,-15.4503,154.2827
bg,7.3440,249.1325
bg,-13.6160,191.0575
bg,4.0857,148.7274
bg,7.3606,2.7290
bg,-19.0137,166.7259
bg,-9.2654,137.1010
bg,10.6254,242.5423
bg,10.6415,296.2899
bg,10.1056,17.0088
bg,13.7076,276.9000
bg,-24.3782,32.8331
bg,-9.5080,215.9152
bg,12.1668,292.0673
bg,12.1824,237.4058
bg,10.6118,287.0061
bg,-4.5339,223.3843
bg,25.3861,309.7139
bg,14.4773,140.0918
bg,-22.6571,111.9092
bg,-18.1708,126.1868
bg,-6.6470,146.0119
bg,15.4771,253.6208
bg,-14.7878,128.5562
bg,-18.0256,222.3380
bg,25.2521,271.3769
bg,21.5829,187.4987
bg,-5.9043,215.5801
bg,8.7120,321.9986
bg,-24.0217,141.3877
bg,15.2382,254.6040
bg,7.4919,23.5685
bg,-15.5857,214.1025
bg,25.8895,273.7692
bg,-25.2263,36.2117
bg,-13.3940,27.9009
bg,-18.5415,115.6020
bg,24.9690,231.9195
bg,21.6214,137.5141
bg,23.7459,284.0979
bg,-16.7898,214.0144
bg,18.7572,162.4047
bg,-10.7654,214.6808
bg,-6.5570,242.4190
bg,3.5535,220.8688
bg,-12.8497,124.1393
bg,17.3239,226.4954
bg,20.0786,175.4595
bg,-6.5384,355.2815
bg,4.1458,233.1434
bg,-14.0111,231.5983
bg,21.4235,213.4203
bg,24.9773,144.8757
bg,-24.0682,64.7361
bg,21.9179,302.5800
bg,-12.9045,170.3597
bg,-11.4355,245.7346
bg,-25.4491,85.2604
bg,-21.2831,137.1190
bg,24.8462,0.9962
bg,-0.5666,254.9339
bg,10.8190,291.6781
bg,-24.0040,147.6749
bg,-2.5291,29.0212
bg,10.9233,50.8266
bg,-5.0184,228.0199
bg,5.8967,119.2043
bg,-12.5815,70.0681
bg,-5.3695,257.7716
bg,-23.2138,132.9393
bg,14.1933,352.7368
bg,-16.4834,53.8437
bg,25.0242,54.9361
bg,3.8969,162.6926
bg,2.4626,164.8160
bg,9.0751,277.9285
bg,-2.1869,61.5365
bg,22.2949,216.1639
bg,-0.9841,193.3440
bg,24.9807,259.6370
bg,-0.4270,91.6129
bg,-5.7070,260.6387
bg,-22.5051,145.0128
bg,13.6908,189.2044
bg,0.8079,229.0916
bg,-2.6866,260.1718
bg,-0.3529,211.8416
bg,-21.1746,88.4812
bg,14.5430,247.2279
bg,19.9126,313.3532
bg,20.1219,22.4909
bg,-22.0679,125.3026
bg,-2.6718,159.2603
bg,16.6322,185.5610
bg,19.2821,272.5041
bg,-8.2383,62.5454
bg,-16.6999,242.2750
bg,23.3322,146.0792
bg,-16.4989,20.5572
bg,9.1011,193.6885
bg,-18.9642,261.9748
bg,19.0983,124.9962
bg,24.5299,274.7416
bg,2.7588,239.9900
bg,-12.2606,207.1369
bg,15.5464,252.5515
bg,19.7390,18.4343
bg,21.2764,219.6247
bg,8.7054,8.0796
bg,12.0624,226.8478
bg,10.5193,184.6825
bg,10.2625,0.7572
bg,-13.4516,142.3141
bg,-23.0666,23.5078
bg,-4.4739,259.7569
bg,1.3643,303.0270
bg,22.2973,291.6921
bg,-7.5970,227.1292
bg,-10.8978,170.1609
bg,-14.2869,117.1286
bg,18.5971,313.7132
bg,-1.7824,150.8716
bg,23.9701,48.2744
bg,-22.1321,92.5894
bg,-18.5723,0.0340
bg,-24.4450,178.5320
bg,-6.1783,36.6942
bg,-3.3462,68.7320
bg,9.5597,271.7681
bg,21.0169,255.9820
bg,5.8477,176.0382
bg,16.3902,213.1742
bg,0.9721,248.6803
bg,0.8995,300.9354
bg,-0.6988,219.5273
bg,-18.1376,20.1063
bg,11.9417,220.8535
bg,2.2613,291.7910
bg,8.1341,4.9986
bg,25.8467,193.0918
bg,-2.6941,29.7752
bg,-18.3363,219.7332
bg,-20.8829,168.9275
bg,17.1971,187.4171
bg,9.1313,22.6936
bg,25.6131,138.3947
bg,4.1989,357.0788
bg,-4.1154,262.1334
bg,7.1341,277.3305
bg,-13.8351,79.0651
bg,-7.1522,222.9102
bg,-12.8896,156.2791
bg,-19.0664,175.4556
bg,14.7697,206.4113
bg,-22.4343,94.5015
bg,-20.2021,147.0591
bg,-19.2115,162.9677
bg,23.4831,288.4736
bg,20.8136,177.1123
bg,-15.6216,250.6952
bg,-20.5613,221.4080
bg,19.4877,227.2552
bg,2.0069,332.2817
bg,-24.9500,82.1387
bg,-9.8077,254.9049
bg,-23.4395,257.3580
bg,19.6505,83.1269
bg,-6.2632,0.8835
bg,12.7305,107.7040
bg,-1.8817,254.3430
bg,11.4838,321.7635
bg,14.9045,299.7093
bg,-21.0956,148.1349
bg,8.4446,121.7304
bg,19.7478,60.8132
bg,13.6890,324.5813
bg,-10.6317,4.9181
bg,21.4985,283.4772
bg,5.1484,274.3291
bg,-15.0088,93.7725
bg,-4.3533,182.7226
bg,-7.7572,339.8853
bg,16.0242,170.4023
bg,22.8528,218.4085
bg,11.4000,29.2161
bg,-21.7540,229.9389
bg,12.9540,194.4410
bg,15.3334,109.8213
bg,11.0433,146.0003
bg,-22.5216,239.5692
bg,-21.9952,85.8266
bg,21.4261,133.5853
bg,-16.3607,254.3951
bg,23.2115,180.6395
bg,2.7652,170.1257
bg,4.0338,134.7399
bg,-12.3872,49.0291
bg,-23.6363,111.2105
bg,-14.1793,195.0288
bg,-12.4192,12.6359
bg,0.6252,116.5090
bg,17.5573,226.8648
bg,23.5573,270.0616
bg,20.8632,185.6893
bg,-19.5426,243.7923
bg,21.3465,275.7653
bg,0.5220,276.4717
bg,-21.1238,191.5911
bg,24.7770,53.7895
bg,5.1722,296.3615
bg,12.7035,240.3483
bg,-4.5326,40.9908
bg,8.4454,224.3621
bg,-2.6165,20.1151
bg,15.7750,27.0752
bg,-2.0279,242.4114
bg,-7.1058,8.1854
bg,-20.5251,110.2757
bg,-14.0997,222.0379
bg,15.6912,169.9953
bg,-23.6424,249.9195
bg,21.7094,144.3612
bg,-8.7032,2.5062
bg,17.3932,304.0491
bg,-8.0879,80.9122
bg,22.5452,162.5483
bg,-25.0793,230.2416
bg,22.1998,250.5586
bg,-18.4325,142.6678
bg,18.6667,333.0142
bg,-20.2786,97.7375
bg,-14.4698,166.4949
bg,6.0067,160.2071
bg,-4.0107,334.9913
bg,24.6404,319.0571
bg,-15.6043,208.3974
bg,-3.6737,30.8372
bg,0.1538,192.0458
bg,2.7541,231.0286
bg,2.8556,223.1108
bg,-0.5381,188.8688
bg,6.4477,181.5941
bg,16.5506,164.7540
bg,13.0266,80.4500
bg,11.9315,259.3309
bg,19.9646,274.1637
bg,-0.2567,186.0234
bg,20.4411,341.0624
bg,22.0933,139.6469
bg,-25.4277,212.4973
bg,5.7474,179.3460
bg,-18.9484,61.3277
bg,23.5102,40.5406
bg,2.7236,172.8148
bg,-19.7267,56.1344
bg,23.1318,164.1936
bg,-24.1675,200.2297
bg,0.4413,181.2245
bg,21.5478,69.7916
bg,13.6493,118.9716
bg,-25.9471,219.2364
bg,-5.6894,339.6019
bg,8.8988,110.6758
bg,-1.2315,113.5101
bg,9.4887,34.6889
bg,-18.7680,0.9252
bg,-5.3358,213.0394
bg,-6.7816,125.0317
bg,25.0359,140.4723
bg,-20.1221,167.8450
bg,-24.8182,119.5910
bg,25.6248,306.4339
bg,21.3913,231.3068
bg,21.6370,110.2802
bg,-16.3314,16.5700
bg,-14.5257,235.4155
bg,15.3034,268.1523
bg,9.6556,251.6064
bg,-12.4509,47.0825
bg,-13.0478,210.2091
bg,-17.5646,37.5775
bg,-18.0563,87.2345
bg,-13.0269,82.0056
bg,0.2657,223.6372
bg,-9.2427,257.1796
bg,10.8327,290.8997
bg,-9.1217,209.4970
bg,-22.1215,94.5851
bg,-14.8176,0.1846
bg,-11.5048,129.7137
bg,20.7692,340.2085
bg,13.8728,254.8810
bg,8.1876,103.9683
bg,-23.9055,64.1588
bg,-3.1706,96.8509
bg,20.7985,90.8653
bg,18.2562,145.5365
bg,-0.7559,3.0707
bg,12.9212,274.7932
bg,-19.0209,204.2689
bg,22.1296,190.5266
bg,5.5684,236.7496
bg,8.1879,147.5452
bg,-2.5980,358.2961
bg,-21.0663,13.3784
bg,16.0815,28.4816
bg,-21.6862,110.8161
bg,11.8652,353.0078
bg,4.7291,8.8784
bg,-24.7787,46.9934
bg,15.8132,77.0943
bg,22.9224,340.2042
bg,24.3473,157.2806
bg,9.3248,50.4152
bg,-23.8191,245.2663
bg,-20.3897,21.2618
bg,-14.5113,49.5115
bg,-18.3241,134.5178
bg,25.2456,6.4802
bg,5.2688,16.5483
bg,6.9103,229.3652
bg,10.7134,170.2723
bg,21.2878,310.1718
bg,22.4807,152.2375
bg,-10.5522,107.3425
bg,-22.7412,85.6740
bg,15.2429,0.3985
bg,-4.1341,356.1318
bg,12.3923,221.2573
bg,-7.5033,190.7515
bg,-17.1547,243.3894
bg,5.3452,19.4006
bg,-22.4068,234.6468
bg,-24.4364,27.8093
bg,-6.2047,109.2912
bg,-25.0836,42.6437
bg,4.9490,202.1216
bg,23.7317,24.2787
bg,22.8317,283.8165
bg,9.9606,12.3646
bg,-7.3029,122.6416
bg,-15.6832,358.6184
bg,-3.6704,179.3048
bg,7.2986,19.5364
bg,15.4477,195.2394
bg,17.3841,288.3501
bg,-0.7460,97.9421
bg,7.4983,286.7944
bg,4.4866,257.2898
bg,11.0651,121.3931
bg,-7.4133,223.6725
bg,2.0192,23.9606
bg,-16.5481,243.8248
bg,-18.3520,134.7109
bg,11.1030,306.3576
bg,8.9170,194.7781
bg,16.8536,146.4458
bg,-14.5102,249.9233
bg,-21.2701,133.8240
bg,-13.4066,63.1376
bg,24.6799,289.3692
bg,23.8139,179.3778
bg,-3.3441,85.5529
bg,-17.3587,36.9828
bg,23.7831,141.7468
bg,-15.5844,174.7078
bg,11.9942,238.6641
bg,18.7438,201.4715
bg,-16.2247,65.4808
bg,-4.6867,143.8098
bg,-24.2520,49.1077
bg,-11.4255,45.0800
bg,-8.4714,131.4520
bg,-7.6966,228.0883
bg,-11.8073,259.4301
bg,10.6036,182.6919
bg,8.0189,341.1739
bg,2.0155,12.0426
bg,7.9433,155.7026
bg,15.7911,337.0962
bg,-14.9687,84.4926
bg,-21.9227,135.3851
bg,-13.0715,21.3927
bg,23.6000,284.6333
bg,24.3518,248.8562
bg,-24.2891,166.3178
bg,21.7656,218.8514
bg,-24.2348,205.2169
bg,-12.7111,358.1649
bg,-15.1630,187.3094
bg,-15.8816,357.5493
bg,-4.6045,244.7249
bg,-23.8096,166.1668
bg,-4.4834,357.6065
bg,-15.5069,89.5697
bg,12.5456,86.2216
bg,-16.7660,57.9291
bg,24.3164,233.5547
bg,14.0477,21.9716
bg,3.7017,254.1525
bg,10.5051,161.8683
bg,11.5454,162.0186
bg,15.9113,359.5847
bg,25.9755,152.6322
bg,-12.4345,134.5493
bg,-11.9985,194.5675
bg,-0.2178,230.4960
bg,-19.0998,149.3450
bg,10.4513,20.8494
bg,-21.5184,16.4495
bg,-15.7867,245.4655
bg,-12.1953,101.2618
bg,-14.8355,32.0780
bg,-1.8411,9.0925
bg,2.4322,188.9572
bg,-1.9118,177.9022
bg,-25.2244,25.0871
bg,-17.0418,69.3708
bg,18.7849,303.2477
bg,-1.7054,177.4454
bg,18.3880,28.0202
bg,-16.6668,71.9185
bg,2.2605,7.1217
bg,0.7000,123.8385
bg,16.6629,23.6360
bg,-1.0310,90.5844
bg,8.5141,227.0019
bg,-6.0310,138.2567
bg,-18.8087,20.1788
bg,13.9961,319.8782
bg,-10.6323,14.8445
bg,-17.2497,55.3271
bg,25.4537,159.2671
bg,9.5230,213.1940
bg,-25.1954,148.6503
bg,22.7689,195.6978
bg,6.2312,181.3058
bg,-2.6547,221.2993
bg,6.3869,285.1024
bg,-16.7176,154.7768
bg,-24.8079,201.7345
bg,-21.0864,68.1331
bg,20.3892,334.3863
bg,-1.0608,236.0833
bg,-15.9110,127.0753
bg,-19.9689,234.0737
bg,-6.9047,1.3087
bg,22.3588,218.9109
bg,-17.9958,13.0322
bg,14.3864,151.2315
bg,-0.0542,230.7858
bg,-8.9410,243.4073
bg,18.1177,210.5558
bg,12.8945,265.7731
bg,12.0420,59.6779
bg,-21.6568,134.4293
bg,6.2559,106.9218
bg,5.9502,153.2407
bg,1.5599,181.8032
bg,-17.5120,128.1245
bg,-19.7215,230.9554
bg,21.7105,265.4546
bg,25.3771,42.6894
bg,-4.9978,354.5879
bg,-0.3892,166.0673
bg,10.7559,41.2320
bg,6.3800,272.8703
bg,-2.3087,3.3445
bg,-4.7374,120.8923
bg,-13.0860,65.9261
bg,12.6591,70.4649
bg,9.4154,63.8670
bg,-11.2037,80.8057
bg,-1.2250,46.3282
bg,21.9155,283.6813
bg,-24.1177,96.4323
bg,-24.1766,209.2577
bg,-23.1565,152.5883
bg,25.2025,37.1192
bg,23.5224,154.4700
bg,25.1956,181.0676
bg,-10.4496,95.3949
bg,-23.0731,225.8177
bg,24.1764,212.7832
bg,14.0272,259.9300
bg,-16.5816,124.2486
bg,13.2130,201.7989
bg,-0.2160,153.5753
bg,20.7954,235.6729
bg,17.0995,256.8947
bg,-6.4695,25.6510
bg,-13.9029,153.1332
bg,-16.1839,249.0421
bg,5.9402,5.1064
bg,-8.9089,350.5314
bg,17.2791,244.2458
bg,-23.1151,106.3245
bg,0.4349,283.3261
bg,-7.8248,88.6344
bg,6.2443,201.7781
bg,-19.7063,155.0955
bg,-25.1921,174.2731
bg,0.9892,177.3080
bg,12.1896,56.7519
bg,-25.2787,122.9540
bg,-2.9089,176.9187
bg,-0.3360,27.1611
bg,25.0371,170.1215
bg,22.7011,291.7459
bg,6.2751,197.5450
bg,-0.1776,168.7478
bg,25.7393,180.0033
bg,-0.1031,337.1417
bg,-0.8288,164.7349
bg,-24.5766,112.5893
bg,-22.9964,162.0121
bg,-21.7840,147.2733
bg,6.9958,0.8072
bg,19.1992,224.7370
bg,-14.4322,184.6601
bg,-25.9907,130.4691
bg,16.6723,282.1635
bg,22.9958,311.1174
bg,6.0983,64.3230
bg,11.9461,289.3539
bg,16.3877,91.2624
bg,-23.6929,223.9054
bg,6.0896,158.0101
bg,-1.9109,183.8880
bg,21.5963,71.9207
bg,24.0021,262.7681
bg,-18.5064,157.3457
bg,24.7502,99.9653
bg,-11.0187,139.5675
bg,8.4722,309.3065
bg,24.4324,28.4366
bg,-20.4429,263.0305
bg,0.8766,161.6220
bg,0.8003,330.8462
bg,-6.3277,25.1080
bg,7.5464,292.5254
bg,-4.1688,11.5244
bg,17.4668,246.4351
bg,12.6092,248.3843
bg,16.8683,267.4816
bg,-9.7204,343.7861
bg,10.2826,189.6850
bg,3.9078,149.7059
bg,-4.6896,24.2175
bg,-21.7404,21.3496
bg,10.1925,27.4953
bg,-17.6385,225.5080
bg,-13.0245,164.0500
bg,6.9592,82.6192
bg,24.5323,241.6732
bg,12.9844,338.4253
bg,-8.1822,163.9478
bg,-20.7453,137.5978
bg,-10.8568,134.2311
bg,1.1771,235.4546
bg,-22.5746,227.8858
bg,-2.3207,29.8332
bg,-16.2470,107.3295
bg,-1.9093,196.5278
bg,-2.4595,194.2042
bg,-19.7239,19.4107
bg,-25.9532,97.4924
bg,23.0389,176.5836
bg,-19.5617,125.7512
bg,17.1413,241.1607
bg,24.6500,281.6486
bg,8.0674,53.4628
bg,-9.4982,168.5090
bg,-19.1857,182.0653
bg,-19.5787,120.6090
bg,13.7036,203.3142
bg,4.6891,151.7826
bg,25.1077,153.9416
bg,16.4459,3.5474
bg,22.9791,303.7620
bg,6.9039,157.2885
bg,0.6239,243.3752
bg,-15.9710,49.0046
bg,6.6989,210.7264
bg,-15.0523,140.0599
bg,0.6883,139.1472
bg,5.5108,252.4805
bg,10.2690,254.7183
bg,19.9060,234.1570
bg,14.1045,7.8802
bg,20.1488,179.3411
bg,-4.7069,102.0804
bg,25.0443,51.2104
bg,-20.1831,190.1081
bg,18.9887,159.4229
bg,-20.5569,108.8804
bg,21.8704,185.4488
bg,-18.2400,3.5190
bg,12.9811,155.0981
bg,-17.1430,143.4173
bg,-13.2373,224.3510
bg,10.2723,260.6063
bg,17.3565,7.2926
bg,-21.3958,176.6428
bg,-24.5429,189.4584
bg,8.7793,351.7992
bg,20.0547,247.4148
bg,-6.6094,128.7154
bg,3.6119,322.4362
bg,10.1851,0.5294
bg,21.5260,283.8071
bg,-11.2678,40.1718
bg,13.3806,9.3921
bg,-18.9237,51.5463
bg,11.1256,339.4487
bg,9.1049,146.8631
bg,-22.7675,116.5684
bg,16.5886,193.4296
bg,-14.6794,111.5620
bg,25.5340,165.1174
bg,-10.4208,114.6467
bg,-23.7407,167.6648
bg,16.4040,256.5228
bg,20.8079,147.6395
bg,3.9018,182.7045
bg,-22.1374,95.3539
bg,-25.3647,174.1175
bg,-17.3801,148.8278
bg,3.6319,315.6792
bg,-0.8537,37.9850
bg,-25.8300,107.8455
bg,20.2948,333.8417
bg,-24.0609,121.2740
bg,13.2129,185.0163
bg,-14.8656,218.0391
bg,13.8811,310.6687
bg,23.5865,266.5411
bg,23.5301,97.3273
bg,1.0143,4.1230
bg,5.8342,345.3197
bg,-4.4787,36.8839
bg,8.0956,217.8489
bg,-7.5354,256.3290
bg,-21.3539,123.1586
bg,-15.5619,53.4618
bg,20.3234,298.6668
bg,-23.8819,244.8213
bg,10.5487,219.2319
bg,-24.5449,197.4490
bg,11.3798,14.1315
bg,13.4286,282.0498
bg,-4.9271,46.5737
bg,2.6385,208.9797
bg,-23.1613,166.3820
bg,23.0391,212.5528
bg,-15.6043,187.0845
bg,-5.8465,180.9197
bg,-14.7841,195.9739
bg,-14.7431,38.0341
bg,0.6036,53.2808
bg,-18.3052,191.9094
bg,-11.7924,114.8247
bg,11.5063,173.6533
bg,-12.9604,125.1171
bg,15.3132,161.8578
bg,-21.4694,158.0116
bg,22.5790,227.1645
bg,3.2921,282.0662
bg,19.6820,148.9751
bg,22.7478,344.2265
bg,3.8939,153.2418
bg,22.2638,314.6777
bg,4.5465,195.7470
bg,15.2349,301.7374
bg,3.5115,232.2880
bg,24.2859,109.7157
bg,-10.6325,221.9275
bg,14.8501,12.2991
bg,7.4803,107.2578
bg,-6.0623,50.9654
bg,-1.2494,87.1449
