start,fa,assoc,cov,dur_s,S10,S12,S15,S18,S20,S25,S30,S40,S50,B10,B12,B15,B18,B20,B25,B30,B40,B50
2024-06-29T06:05:11.706698,3.078615959361697e-15,0,1,0.001464,37,37,33,33,33,32,27,24,20,4.9192,4.8009,4.4120,3.9018,3.5580,3.1646,2.7262,2.1443,1.8418
2024-06-30T10:39:41.827104,2.883085998501654e-24,1,1,0.001477,36,35,35,33,32,31,27,24,21,6.5883,6.1989,5.2725,4.4101,3.9528,3.2718,2.6773,1.8157,1.3741
2024-07-01T06:44:35.192968,5.485650594176674e-06,0,1,0.001017,19,19,19,18,16,16,14,11,10,3.3057,3.1978,2.8583,2.5013,2.2476,1.9436,1.6595,1.2455,1.0185
2024-07-05T00:39:30.411009,2.7429782587191734e-10,0,1,0.000983,23,23,22,20,20,20,20,19,16,6.6611,6.3806,5.6796,4.9349,4.5134,4.0700,3.6386,3.0379,2.6735
2024-07-12T04:51:17.229023,3.0574714060236903e-15,0,1,0.001458,25,25,25,25,25,23,21,20,18,5.7274,5.4564,4.7090,3.9160,3.4594,2.8814,2.3755,1.7039,1.3667
2024-07-12T06:00:25.956741,1.5444442046363684e-12,1,1,0.000639,26,26,25,25,25,24,22,19,15,3.4781,3.2984,2.8391,2.3828,2.1514,1.8038,1.4514,0.9789,0.7394
2024-07-12T21:09:20.065649,4.980974975359484e-09,1,1,0.000053,13,13,13,13,13,13,13,13,13,0.2640,0.2546,0.2268,0.1953,0.1761,0.1540,0.1347,0.1068,0.0916
2024-07-13T09:55:44.361445,1.719474346267532e-11,1,1,0.001446,23,21,19,18,17,17,17,16,14,5.6548,5.3575,4.5359,3.7742,3.3470,2.7876,2.2559,1.5891,1.2496
2024-07-13T19:06:04.633336,2.5073196230981193e-13,0,1,0.001163,30,30,29,28,27,26,25,23,21,6.8946,6.7014,6.1956,5.5102,5.1619,4.7337,4.3096,3.6441,3.2341
2024-07-14T14:34:09.569931,3.5498471931641083e-19,0,1,0.001707,193,165,50,11,10,7,5,2,2,7.9806,7.6590,6.8245,5.8693,5.3339,4.7123,4.0985,3.3183,2.8329
2024-07-14T14:39:46.396073,1.7871564391637422e-08,0,1,0.001577,28,27,26,25,25,24,22,19,16,7.4246,7.0845,6.2546,5.3522,4.8791,4.2857,3.7242,2.9206,2.4953
2024-07-14T18:17:38.246223,1.785824822528037e-09,0,1,0.001244,29,29,27,24,23,20,19,18,18,6.4299,6.1522,5.4146,4.6437,4.1825,3.6227,3.1132,2.4798,2.1299
2024-07-15T05:44:03.244879,1.8889625213438631e-06,0,1,0.008095,237,236,220,207,203,182,161,115,95,43.7252,43.4554,38.2345,33.1895,29.7266,25.1027,21.4231,15.6912,12.1016
2024-07-15T05:44:03.260610,1.540427928679682e-10,0,1,0.006467,202,202,190,181,171,161,154,130,113,35.0197,34.7943,30.5777,26.5375,23.7711,20.0019,17.0395,12.3755,9.4947
2024-07-15T05:44:03.340588,8.293450792764465e-11,0,1,0.003576,109,108,105,100,97,90,84,70,60,19.4098,19.2924,16.9445,14.6960,13.1590,11.0405,9.3897,6.8107,5.2611
2024-07-15T05:44:03.346495,8.406329642491448e-16,0,1,0.011002,390,389,382,364,354,342,317,255,193,58.3606,57.9883,50.7648,43.8469,39.1516,32.6504,27.6995,19.9536,15.5084
2024-07-15T05:44:03.357695,2.420557614049616e-11,0,1,0.009897,302,302,288,276,268,256,230,185,139,52.9089,52.5790,46.1160,39.9029,35.6992,29.8459,25.4123,18.4044,14.4656
2024-07-16T11:49:24.801470,9.894159759373897e-19,0,1,0.001489,31,31,29,26,26,26,25,19,16,5.7830,5.7431,5.0723,4.3872,3.9398,3.3058,2.8215,2.0838,1.7146
2024-07-20T05:19:31.509700,1.1345385978179443e-09,1,1,0.001407,22,22,22,21,20,19,16,12,12,6.1766,6.1112,5.2272,4.4491,3.9844,3.3320,2.8218,2.0238,1.6536
2024-07-20T08:45:36.494378,4.853680695768032e-17,1,1,0.001190,30,29,28,27,26,26,24,21,17,5.0293,4.9776,4.2089,3.5310,3.1199,2.5693,2.1312,1.4581,1.1612
2024-07-20T11:31:02.813174,2.2967332138503302e-10,0,1,0.000580,17,17,17,17,17,17,17,17,15,2.5754,2.5581,2.2575,1.9907,1.7739,1.5015,1.3067,0.9927,0.8375
2024-07-22T13:45:17.863840,5.6107389773512276e-12,0,1,0.001636,35,35,34,33,32,28,28,22,18,8.0189,7.9743,7.3727,6.7018,6.1234,5.4376,4.8824,4.0140,3.5067
2024-07-22T21:40:20.386240,6.79242110190782e-35,0,1,0.001859,47,47,47,46,45,45,43,39,32,7.7543,7.7205,6.8361,5.9366,5.3207,4.4832,3.8551,2.8270,2.3125
2024-07-23T22:45:06.286870,2.0561274332612821e-19,1,1,0.001663,28,28,27,27,26,25,24,18,16,7.1139,7.0577,6.1077,5.1931,4.5606,3.7518,3.1479,2.2098,1.7991
2024-07-24T06:39:32.343596,8.015301579616319e-14,1,1,0.000948,24,24,22,22,21,20,19,16,15,3.9764,3.9429,3.3362,2.8220,2.4821,2.0157,1.6643,1.1639,0.9121
2024-07-26T05:36:58.883049,5.0257389936481375e-26,1,1,0.001595,32,32,32,31,31,29,27,25,25,6.4331,6.3775,5.4842,4.5836,4.0414,3.3052,2.7026,1.8963,1.4927
2024-08-01T08:34:59.897574,2.086120195373241e-28,0,1,0.001063,34,34,32,32,32,32,32,31,28,4.4550,4.4491,4.1554,3.7812,3.4430,3.0468,2.7252,2.1566,1.8614
2024-08-02T02:41:35.628547,2.0436688825531945e-08,1,1,0.000413,16,16,16,16,16,15,14,13,9,2.1530,2.1405,1.8825,1.6328,1.4591,1.2090,0.9964,0.6443,0.4697
2024-08-02T15:47:38.608435,9.922821770074109e-08,0,1,0.001429,23,23,23,20,19,17,16,16,15,6.4948,6.4595,5.6187,4.7872,4.1954,3.4044,2.8689,2.0865,1.7119
2024-08-03T01:28:13.767102,8.22240973084664e-06,0,1,0.001178,26,25,25,24,24,24,24,23,22,4.4252,4.3955,3.8582,3.2835,2.8581,2.3792,2.0008,1.3601,1.0929
2024-08-04T01:39:01.884119,5.511633203192526e-52,0,1,0.001781,60,60,59,56,55,55,50,42,36,7.9056,7.8498,6.9521,5.9861,5.3322,4.4534,3.6798,2.4952,1.8880
2024-08-07T07:08:03.639943,9.557636285745e-06,0,1,0.000732,18,18,17,17,17,17,16,16,14,3.1595,3.0489,2.8737,2.6160,2.4067,2.1328,1.9217,1.5350,1.3228
2024-08-08T23:08:12.599097,4.354721838622854e-19,0,1,0.001498,32,32,32,31,31,30,27,21,14,4.4115,4.2223,3.8963,3.4809,3.1344,2.6767,2.3128,1.6122,1.3058
2024-08-09T05:38:35.238781,1.090511041275758e-24,0,1,0.001771,42,41,40,38,38,37,34,28,22,9.9722,9.6582,9.1377,8.4624,7.8103,7.1520,6.6126,5.5500,4.9624
2024-08-09T05:39:39.624300,4.231431960440388e-17,0,1,0.001942,41,40,40,38,38,34,32,27,23,10.6575,10.3221,9.7395,8.9440,8.2879,7.5120,6.9255,5.8280,5.1571
2024-08-09T17:17:00.245968,5.109807983195431e-20,1,1,0.001563,35,35,35,33,32,30,29,23,19,6.4999,6.1250,5.5416,4.8311,4.3970,3.8025,3.3021,2.4045,1.9348
2024-08-09T23:24:33.799589,5.154814822756194e-10,0,1,0.001713,24,24,24,23,23,21,17,17,14,5.9107,5.5517,5.0629,4.4530,3.9676,3.3646,2.8559,2.0833,1.7052
2024-08-09T23:26:09.084228,9.325257540192672e-11,0,1,0.000668,20,20,20,19,18,16,15,9,9,2.2260,2.0998,1.9210,1.7054,1.5313,1.2908,1.1123,0.8053,0.6677
2024-08-11T14:32:06.177765,1.413883229049484e-09,1,1,0.001661,24,23,23,21,21,19,18,17,12,6.3982,6.0543,5.5283,4.9100,4.4210,3.7767,3.2742,2.4294,1.9890
2024-08-11T21:22:30.964035,2.858321671633507e-10,0,1,0.001654,29,29,28,24,23,21,20,14,14,8.7520,7.9526,6.8265,5.8291,5.1934,4.2720,3.5603,2.4317,1.8511
2024-08-12T11:22:25.042908,2.893951603260382e-24,0,1,0.001654,49,48,47,45,44,40,37,33,27,10.4887,9.7912,8.6977,7.5850,6.8081,5.6361,4.6496,3.0499,2.2504
2024-08-14T13:39:31.620433,1.485572674948437e-20,1,1,0.001633,41,41,39,37,37,34,30,26,18,7.6744,7.2768,6.6855,5.9374,5.4121,4.6706,3.9390,2.6541,2.0000
2024-08-16T14:25:08.492702,2.813244674675793e-07,1,1,0.000228,16,16,14,14,14,14,14,14,13,1.1047,1.0176,0.8958,0.7722,0.6971,0.5850,0.4943,0.3543,0.2847
2024-08-17T09:34:51.160753,4.487030141686541e-25,0,1,0.000239,29,29,28,28,28,28,28,28,27,1.1583,1.0607,0.9250,0.7930,0.6985,0.5770,0.4883,0.3481,0.2796
2024-08-17T16:27:24.533271,6.677382435691199e-19,0,1,0.001754,34,33,31,31,31,31,29,28,25,9.3289,8.6636,7.7370,6.7927,6.2231,5.2735,4.4877,3.1200,2.3750
2024-08-21T07:27:16.425009,4.514114252644664e-16,0,1,0.000863,26,26,25,24,23,23,23,22,19,4.2048,3.8191,3.3135,2.7939,2.4413,1.9993,1.6715,1.1895,0.9672
2024-08-22T01:15:42.522466,2.3146147450235923e-13,1,1,0.001487,34,33,31,31,30,29,29,23,20,10.3060,9.6947,8.8183,7.8375,7.1315,6.2476,5.6370,4.6089,4.0261
2024-08-22T11:00:56.734470,1.9859045990261434e-41,0,1,0.013559,684,578,435,300,236,147,92,38,21,69.5480,63.1862,53.5717,44.9569,39.1430,31.1103,25.6457,16.8597,12.9632
2024-08-22T12:58:56.901964,1.5617938403109516e-17,1,1,0.001627,36,36,36,35,35,33,30,27,24,6.8334,6.3379,5.6698,4.9927,4.4931,3.8078,3.2639,2.3361,1.8932
2024-08-24T15:15:36.753215,1.2862068258824929e-12,1,1,0.001463,31,30,28,28,26,23,23,18,15,5.5513,5.3178,4.9624,4.4710,4.1267,3.5422,3.0435,2.1295,1.6625
2024-08-24T15:19:44.618510,8.079004752567843e-18,0,1,0.001234,29,27,27,27,26,24,22,20,13,4.1825,4.0049,3.7063,3.3393,3.0607,2.6350,2.2486,1.5980,1.2652
2024-08-25T06:58:48.553660,1.1054382953959509e-12,0,1,0.001704,33,33,32,28,27,26,24,22,21,10.1251,9.1930,7.8832,6.7498,5.9373,4.8074,3.9881,2.6774,2.0500
2024-08-26T12:29:15.240817,6.836722147589236e-09,1,1,0.000725,19,18,18,18,17,16,15,11,10,3.1270,2.9663,2.7067,2.4203,2.2457,1.9513,1.6675,1.1853,0.9414
2024-08-28T00:19:54.345310,5.2731551271508974e-11,1,1,0.001621,25,25,25,25,25,24,21,15,11,6.5258,6.3506,6.0182,5.4901,5.0251,4.4889,4.0623,3.2060,2.7713
2024-09-04T13:05:35.438160,2.7577343453095887e-06,1,1,0.000070,12,12,12,12,12,12,12,12,12,0.3405,0.3175,0.2826,0.2477,0.2231,0.1914,0.1663,0.1246,0.1054
2024-09-06T02:16:49.185095,1.3308658795196377e-19,0,1,0.001536,39,37,36,34,33,30,27,23,22,8.4620,7.9167,7.0695,6.1937,5.5700,4.6779,3.9122,2.6547,2.0038
2024-09-07T15:20:27.300197,2.788567980495709e-10,0,1,0.000518,20,20,19,19,19,19,18,17,15,2.8241,2.7511,2.6036,2.3951,2.2237,2.0210,1.8705,1.5626,1.3876
2024-09-08T08:17:33.568089,1.0738925939872017e-22,0,1,0.001172,38,38,36,35,35,35,33,31,25,4.6401,4.3062,3.8161,3.2935,2.9276,2.4245,2.0356,1.3739,1.0649
2024-09-08T15:41:04.450807,1.6381104325192262e-14,0,1,0.001496,32,31,31,31,30,27,27,20,15,8.7530,8.3594,7.7527,7.0259,6.4607,5.7369,5.2571,4.3482,3.8533
2024-09-08T18:57:41.552594,1.9960632690179583e-10,0,1,0.001572,26,25,25,23,23,23,21,19,19,9.2971,8.6286,7.6655,6.6787,5.9776,5.1059,4.4699,3.4553,2.9852
2024-09-09T17:34:44.358945,2.2921373344292117e-11,0,1,0.001429,32,32,32,32,31,28,28,22,19,7.8349,7.6263,7.2778,6.6859,6.1909,5.6236,5.1841,4.3490,3.8720
2024-09-09T20:49:28.473450,3.004746230389959e-13,0,1,0.000908,24,23,23,23,23,23,22,21,20,3.2790,3.1460,2.9359,2.6521,2.4177,2.0907,1.8380,1.3698,1.1593
2024-09-09T22:27:58.995070,1.183470016449336e-33,1,1,0.001566,45,45,44,44,42,36,32,21,16,5.6660,5.4193,5.0230,4.4955,4.0993,3.5369,3.0561,2.2541,1.8752
2024-09-10T09:47:18.102483,7.142890794969297e-31,1,1,0.001251,45,45,44,43,42,38,36,27,17,4.7171,4.5446,4.2540,3.8717,3.5255,3.0674,2.7225,2.0787,1.7514
2024-09-12T17:16:50.773784,2.9934538076331485e-12,0,1,0.001486,31,31,30,30,30,30,29,26,22,8.4379,7.8098,6.8596,5.9373,5.2933,4.4287,3.8606,2.8624,2.4189
2024-09-15T23:02:49.454968,1.39345592429404e-07,0,1,0.001663,31,30,30,27,26,24,22,18,13,7.9706,7.2424,6.1766,5.2300,4.5993,3.6687,3.0505,2.0267,1.6101
2024-09-16T13:32:00.545332,1.4635506110688817e-07,1,1,0.001310,28,28,26,24,24,23,23,21,17,7.0475,6.6446,6.0881,5.4695,4.9475,4.2674,3.8413,3.0361,2.6544
2024-09-17T00:48:42.678066,3.912163471718577e-12,1,1,0.000995,24,24,24,23,23,22,20,19,16,3.9549,3.7117,3.3469,2.9710,2.6941,2.2885,1.9694,1.4237,1.1568
2024-09-17T02:29:00.085474,3.044574747121118e-09,1,1,0.000928,21,20,19,19,18,17,15,12,12,3.7583,3.4912,3.1411,2.7615,2.4863,2.0842,1.8039,1.2832,1.0428
2024-09-17T08:35:08.286707,7.386079601214695e-11,0,1,0.001024,26,26,25,24,24,24,20,19,15,4.0893,3.9698,3.7707,3.4987,3.2034,2.8196,2.5388,2.0015,1.7284
2024-09-17T19:56:19.658477,4.733197471902903e-13,0,1,0.001410,28,28,26,26,25,25,23,19,16,4.9178,4.7555,4.4692,4.0875,3.7535,3.2572,2.8783,2.0908,1.7098
2024-09-19T07:27:53.588510,1.3469283353305505e-17,0,1,0.001793,40,40,40,38,37,35,31,26,18,7.4427,7.2010,6.7862,6.2556,5.7421,5.0838,4.5595,3.5489,3.0581
2024-09-19T17:04:46.079349,1.1975346320759164e-20,0,1,0.001330,33,32,32,31,30,27,27,24,20,5.3764,5.0681,4.6556,4.1438,3.7481,3.1483,2.7305,1.9574,1.5765
2024-09-19T22:22:44.012023,1.9748502452151587e-10,1,1,0.001513,22,22,22,21,20,19,17,16,13,5.7158,5.3696,4.8195,4.2532,3.8765,3.3103,2.8464,1.9768,1.6032
2024-09-19T22:24:39.461158,1.4226482101577184e-15,0,1,0.001298,31,30,29,28,28,26,25,20,15,4.8550,4.5718,4.1149,3.6304,3.2817,2.7382,2.3639,1.6356,1.3111
2024-09-20T00:05:52.329156,1.1818408482452336e-14,1,1,0.001076,28,28,28,26,25,25,21,16,13,4.2774,3.9682,3.5335,3.0846,2.7460,2.2868,1.9357,1.3195,1.0613
2024-09-22T02:18:54.589506,1.5428012616535654e-12,0,1,0.000991,28,27,27,27,26,21,19,15,12,4.8153,4.4765,3.9489,3.4464,3.1151,2.6096,2.1727,1.4229,1.0596
2024-09-22T16:22:27.636124,4.1140014889898306e-17,1,1,0.001192,29,29,29,29,29,26,25,20,16,4.5012,4.2712,3.9233,3.5254,3.2099,2.7542,2.4153,1.7633,1.4382
2024-09-23T18:15:53.269102,5.820780044786312e-11,1,1,0.000507,27,26,24,24,24,24,21,19,16,2.5375,2.3580,2.0846,1.8078,1.6057,1.3113,1.0929,0.7295,0.5697
2024-09-24T17:06:39.438398,1.9830073697545872e-08,1,1,0.001462,27,27,27,27,25,23,22,20,20,5.1140,4.8999,4.5381,4.1179,3.7450,3.2297,2.8265,2.0579,1.6909
2024-09-24T20:32:08.520056,3.4163278752816496e-12,1,1,0.001254,23,23,23,22,22,22,19,14,11,4.1991,4.0306,3.7760,3.4505,3.1446,2.7113,2.3130,1.6505,1.3471
2024-09-26T00:11:21.806050,3.1852587980691666e-11,1,1,0.001262,27,27,26,24,23,21,20,18,14,5.9002,5.5528,4.9429,4.3278,3.9141,3.2487,2.7503,1.8535,1.3844
2024-09-26T16:02:23.390327,3.6857367299790226e-06,1,1,0.001020,20,20,20,19,18,18,18,12,11,4.7436,4.3737,3.8405,3.3176,2.9714,2.4460,2.0560,1.4208,1.1473
2024-09-26T16:03:31.420836,1.5061719825427708e-11,1,1,0.001393,23,23,23,23,23,21,20,18,15,6.4381,5.9436,5.2161,4.5329,4.0461,3.3207,2.7945,1.9291,1.5492
2024-09-26T23:47:44.985608,1.3513909741438414e-08,1,1,0.000643,18,18,18,18,18,17,16,15,13,2.5963,2.4083,2.1219,1.8150,1.5958,1.3058,1.0970,0.7320,0.5631
2024-09-27T00:31:30.934542,1.1540871778142448e-21,1,1,0.002940,87,84,82,79,79,76,72,69,63,15.7231,14.3332,12.3970,10.4548,9.1704,7.3812,6.0879,3.8888,2.8465
2024-09-27T21:24:03.788944,7.345712042305909e-25,1,1,0.001580,36,36,36,36,35,30,29,24,18,5.5835,5.3560,5.0273,4.6155,4.2644,3.6803,3.2518,2.3181,1.8721
2024-09-28T21:41:03.173889,6.560311272545744e-06,1,1,0.000119,15,14,13,13,12,11,10,10,10,0.6865,0.6199,0.5306,0.4541,0.4049,0.3289,0.2775,0.1834,0.1375
2024-09-28T22:41:18.358779,4.0323822732138976e-43,1,1,0.001611,47,46,45,43,42,39,35,30,28,4.9030,4.7020,4.3359,3.9453,3.6117,3.0226,2.6297,1.7989,1.4491
2024-09-29T00:30:57.157640,2.7356957877661957e-14,0,1,0.001177,32,31,31,30,29,28,26,24,19,4.6063,4.3340,3.9405,3.5458,3.2397,2.7552,2.4289,1.7673,1.4790
2024-09-30T06:11:50.047944,4.029351925739119e-40,0,1,0.001535,51,50,50,48,48,47,43,37,32,6.5385,6.3005,5.9121,5.4283,4.9686,4.3244,3.9243,3.0560,2.6483
2024-09-30T09:28:48.496706,7.1967440590618155e-12,1,1,0.001425,27,27,26,26,24,22,21,14,9,5.1286,4.9393,4.6269,4.2289,3.8799,3.2919,2.9580,2.2462,1.8820
2024-10-01T21:03:27.773905,1.8767784072144083e-11,1,1,0.001312,25,25,24,24,24,23,23,20,16,5.5270,5.0572,4.4211,3.7916,3.3642,2.6916,2.2424,1.4671,1.1218
2024-10-02T12:42:44.610733,7.095211303752242e-11,0,1,0.001584,27,26,26,25,25,22,20,19,17,6.3048,5.9392,5.4048,4.8264,4.3976,3.6880,3.2240,2.3168,1.8992
2024-10-03T22:38:10.298952,3.323003460367996e-19,0,1,0.001471,32,32,31,28,28,25,24,19,16,7.0126,6.5274,5.7994,5.0557,4.5431,3.7548,3.2362,2.3053,1.9049
2024-10-04T07:13:52.897193,9.160466828017052e-35,0,1,0.001265,46,46,46,43,41,39,32,23,17,4.6856,4.5463,4.2709,3.9611,3.6365,3.1050,2.8143,2.1428,1.8272
2024-10-04T07:18:26.274747,1.1235256506465964e-42,0,1,0.001459,54,53,51,51,49,49,48,44,38,5.5581,5.3606,5.0438,4.6267,4.2362,3.6202,3.2156,2.4766,2.1280
2024-10-04T09:51:05.822503,2.889226236710298e-12,0,1,0.000589,22,22,22,21,21,21,21,19,18,2.8395,2.6104,2.2882,1.9848,1.7566,1.3955,1.1837,0.8243,0.6670
2024-10-05T12:23:17.740411,6.48970483154975e-06,0,1,0.001755,24,24,24,22,20,20,17,13,11,6.2409,5.9032,5.3953,4.7872,4.3263,3.5800,3.0916,2.1087,1.6752
2024-10-05T19:49:26.370159,1.6452142964341109e-07,1,1,0.001158,20,20,20,19,19,19,18,16,11,5.0034,4.6022,3.9887,3.4038,3.0166,2.4049,2.0353,1.3259,1.0445
2024-10-05T23:07:27.047883,5.856511012922419e-15,0,1,0.001546,32,31,31,31,31,31,31,28,26,7.4161,7.0140,6.4292,5.7655,5.2322,4.5037,4.0227,3.1388,2.6938
2024-10-06T07:55:58.744603,1.3351847992222644e-14,0,1,0.000895,23,23,23,22,22,19,19,16,16,3.1168,2.9816,2.7854,2.5386,2.3176,1.9632,1.7177,1.2318,1.0157
2024-10-09T07:15:08.333184,7.362392372516252e-32,0,1,0.001601,44,44,43,42,41,38,36,30,23,6.7800,6.2916,5.6343,4.9801,4.4925,3.7050,3.1519,2.2592,1.8476
2024-10-13T05:50:54.131969,5.066669550678879e-07,0,1,0.001265,26,25,24,23,23,22,20,18,16,5.6562,5.2166,4.6013,3.9957,3.5427,2.8904,2.4923,1.7059,1.3724
2024-10-14T05:17:40.134728,4.70661188716117e-28,0,1,0.001096,35,33,33,32,32,29,26,19,17,3.4108,3.3068,3.0964,2.8639,2.6193,2.2152,1.9506,1.3954,1.1486
2024-10-14T11:28:10.462071,8.73687968419245e-06,1,1,0.001056,21,21,21,21,19,19,19,15,9,4.1295,3.8362,3.4229,2.9680,2.6485,2.1802,1.8325,1.2394,0.9776
2024-10-14T14:49:43.645716,6.885032006768187e-07,0,1,0.000762,19,19,19,19,19,19,19,18,16,2.6377,2.4811,2.2452,1.9900,1.7976,1.4847,1.2615,0.8559,0.6554
2024-10-14T15:49:57.925832,2.135114321932604e-09,0,1,0.001063,22,22,22,22,22,20,19,18,17,4.7942,4.3948,3.7838,3.2282,2.8454,2.2376,1.8747,1.2412,0.9706
2024-10-14T15:50:36.052105,3.1495482735741178e-21,1,1,0.001060,34,34,34,33,31,27,26,24,21,4.7743,4.3696,3.7984,3.2330,2.8395,2.2962,1.9069,1.2442,0.9551
2024-10-15T04:46:07.671514,4.5065707363385465e-19,0,1,0.001776,46,46,42,40,35,34,31,24,23,8.2190,7.4987,6.5389,5.5684,4.9495,4.0463,3.4318,2.4173,1.9608
2024-10-16T19:28:40.816440,7.057425730358322e-12,1,1,0.001677,31,30,30,30,29,27,24,21,20,10.2272,9.6326,8.7569,7.8260,7.0824,6.2041,5.6239,4.5110,3.9410
2024-10-18T20:07:39.748802,1.339141669985993e-06,1,1,0.000555,19,19,19,18,17,16,14,13,12,3.5366,3.3343,3.0127,2.6929,2.4476,2.1261,1.9215,1.5386,1.3438
2024-10-19T15:39:57.980331,4.818503569429083e-13,0,1,0.000738,23,23,23,22,21,20,18,16,15,3.9328,3.6309,3.2126,2.7914,2.4947,2.0955,1.8119,1.3616,1.1305
2024-10-19T18:40:37.622931,1.2195067569414029e-11,0,1,0.001445,33,33,33,33,31,29,27,25,19,8.4948,8.0869,7.4914,6.7674,6.2142,5.5435,5.0684,4.1744,3.6855
2024-10-20T17:57:03.871109,2.8976716260122267e-08,1,1,0.001316,22,22,22,21,21,19,18,14,13,5.7185,5.4547,5.0446,4.5375,4.1340,3.5698,3.1750,2.4206,2.0737
2024-10-21T01:32:01.254462,2.0163449064597054e-10,1,1,0.001424,32,31,30,26,26,22,21,18,15,6.9998,6.3885,5.5097,4.6711,4.1245,3.3428,2.8106,1.9289,1.5542
2024-10-21T03:24:42.624951,3.459358616339263e-07,0,1,0.000999,22,22,21,21,20,19,19,16,15,4.5197,4.1499,3.6065,3.0682,2.7099,2.2412,1.8693,1.2800,1.0242
2024-10-21T08:38:57.108469,4.980736700063515e-08,1,1,0.000958,24,24,23,22,18,18,16,14,13,2.9998,2.8493,2.6263,2.3476,2.1250,1.8028,1.5483,1.0567,0.8540
2024-10-21T14:33:00.629415,1.0258902916112668e-14,1,1,0.000999,30,29,29,28,25,25,24,21,19,5.2170,4.7993,4.1968,3.6141,3.2145,2.6872,2.3260,1.6968,1.3835
2024-10-26T01:24:25.838198,7.417767058831483e-20,1,1,0.001430,29,29,29,28,27,25,25,23,21,6.8568,6.3187,5.5438,4.7566,4.2467,3.5302,2.9806,2.1363,1.7427
2024-10-26T23:59:22.250308,2.5926035074107856e-10,1,1,0.001641,25,24,24,23,22,20,18,16,15,7.3539,6.8582,6.0767,5.3316,4.7929,4.0511,3.4892,2.4615,1.9974
2024-10-27T20:09:00.499210,7.260032862571168e-06,1,1,0.000205,15,15,15,15,15,15,15,14,12,1.0565,0.9785,0.8635,0.7448,0.6655,0.5547,0.4814,0.3504,0.2915
2024-10-28T18:44:44.071644,2.867655944021929e-07,0,1,0.001450,29,29,29,28,26,25,25,23,20,7.8871,7.3313,6.5111,5.6389,5.0399,4.2592,3.7217,2.8224,2.3764
2024-10-30T05:20:33.560636,1.2416278537276275e-26,1,1,0.001383,32,32,32,30,30,29,28,25,22,4.6889,4.4269,4.0309,3.5706,3.2283,2.7303,2.3238,1.6163,1.3020
2024-10-30T20:47:58.840939,5.952757523157214e-07,0,1,0.001705,30,30,29,27,27,27,25,23,18,8.3114,7.6260,6.5651,5.6024,4.9410,4.0093,3.3859,2.2948,1.8729
2024-10-31T01:42:47.245667,4.852071339402813e-07,0,1,0.000663,21,20,19,19,19,19,18,17,12,3.0301,2.7545,2.3765,2.0232,1.7744,1.4205,1.1693,0.7615,0.5981
2024-11-02T07:59:35.226332,5.016929956082788e-35,0,1,0.001673,43,42,42,42,41,40,37,31,30,5.7101,5.5268,5.2133,4.7866,4.3624,3.7896,3.3341,2.4495,2.0414
2024-11-03T06:38:07.638466,6.646269817891312e-09,1,1,0.001341,25,25,25,24,22,21,17,12,8,4.1232,3.9579,3.6931,3.3504,3.0585,2.6298,2.2790,1.6092,1.3301
2024-11-03T23:32:42.851613,7.143799967335061e-16,0,1,0.000750,26,26,25,23,22,21,21,16,16,3.0345,2.8137,2.4640,2.1254,1.8902,1.5534,1.3144,0.8970,0.7178
2024-11-04T04:18:25.200253,5.291340951457979e-06,0,1,0.001107,23,23,22,22,20,20,17,14,13,4.7125,4.3373,3.7727,3.2091,2.8301,2.3062,1.9305,1.2540,0.9672
2024-11-04T11:40:17.470670,3.761158781618371e-14,0,1,0.001704,36,35,33,32,31,30,30,27,23,9.6008,9.3693,8.9459,8.2660,7.6980,6.9786,6.4639,5.4020,4.7875
2024-11-06T00:48:39.443150,4.393368177792141e-34,0,1,0.001091,42,42,41,40,40,35,34,24,16,3.7849,3.5529,3.2295,2.8669,2.5721,2.1363,1.8156,1.2321,0.9637
2024-11-12T20:09:55.517158,4.1819299117653785e-06,1,1,0.000458,17,17,17,15,15,14,12,10,9,1.5790,1.4971,1.3754,1.2216,1.1064,0.9340,0.7990,0.5265,0.4261
2024-11-13T13:13:34.163172,3.274076024884567e-14,0,1,0.001827,28,28,28,26,26,24,23,20,18,8.1966,7.6024,6.7248,5.8842,5.2642,4.3728,3.7620,2.6778,2.1527
2024-11-13T19:46:07.605843,2.6491273244335135e-10,1,1,0.001037,22,22,22,22,20,20,20,16,14,4.1443,3.8400,3.3902,2.9638,2.6501,2.2049,1.8593,1.2528,1.0030
2024-11-14T23:59:18.545621,6.058389303453196e-35,0,1,0.001771,47,46,46,45,45,38,35,29,24,5.4946,5.2307,4.8729,4.3962,3.9803,3.3372,2.8837,1.9928,1.6270
2024-11-15T16:19:38.452681,7.239739050283511e-17,1,1,0.001604,35,35,34,33,30,27,23,18,15,5.5945,5.3742,5.0072,4.5487,4.1355,3.5498,3.0751,2.1621,1.7320
2024-11-17T09:22:54.179502,2.5683221285926286e-09,1,1,0.001094,26,26,26,25,24,23,21,15,12,5.2015,4.8910,4.4037,3.9070,3.5130,2.9688,2.6113,1.9449,1.6438
2024-11-17T09:30:48.716910,2.3654231965175803e-11,0,1,0.001325,24,24,24,24,24,23,20,18,14,5.9820,5.6293,5.0986,4.5445,4.1022,3.4611,3.0502,2.2311,1.8644
2024-11-17T15:31:26.164954,1.4880767921017155e-11,0,1,0.001385,19,19,19,18,18,18,17,13,10,4.8300,4.6013,4.2683,3.8486,3.5367,3.0246,2.6294,1.8278,1.4836
2024-11-19T18:49:55.830446,1.872043616595264e-15,1,1,0.000404,21,21,21,21,20,20,18,17,15,1.7766,1.6266,1.4069,1.1898,1.0467,0.8406,0.6931,0.4464,0.3520
2024-11-20T04:34:48.500802,9.1030178497556e-17,0,1,0.001756,36,36,36,33,31,31,28,26,24,10.1272,9.8213,9.2616,8.5406,7.9083,7.1500,6.6170,5.5057,4.8627
2024-11-20T08:37:37.170430,4.144723789956085e-31,1,1,0.001157,45,44,44,42,41,35,32,29,24,4.9768,4.6881,4.2808,3.8140,3.4645,2.9357,2.5635,1.8944,1.5859
2024-11-21T08:54:22.097200,4.438245936212793e-06,1,1,0.001340,25,24,23,21,20,20,18,15,14,6.5701,6.0828,5.3519,4.6392,4.1114,3.4366,2.9609,2.1528,1.8070
2024-11-24T06:30:12.103531,5.9615768044928215e-06,1,1,0.001508,23,23,23,21,20,20,18,16,12,6.6938,6.2544,5.6649,5.0701,4.5903,3.9002,3.4128,2.5278,2.1340
2024-11-24T12:57:38.126828,5.472231088372233e-09,0,1,0.000579,23,23,23,23,23,21,21,17,14,2.1408,2.0043,1.7946,1.5882,1.4188,1.1916,1.0165,0.6910,0.5603
2024-11-25T18:52:18.965719,1.7731655837638257e-13,0,1,0.001252,28,27,25,25,25,25,23,17,16,5.0554,4.6482,4.0696,3.4765,3.0914,2.5160,2.1164,1.3639,1.0964
2024-11-28T10:26:45.582857,7.770091304477308e-08,0,1,0.002014,39,39,38,37,37,37,34,29,26,6.8587,6.5546,6.1131,5.4795,5.0024,4.2833,3.6791,2.5958,2.1289
2024-11-30T13:02:25.005721,2.0313337202082768e-06,1,1,0.001330,33,32,30,27,26,24,22,17,10,11.1517,10.3941,9.1809,7.9208,7.1443,5.8600,4.7121,2.7480,1.7626
2024-11-30T15:10:47.485502,2.3784953261271416e-10,1,1,0.001589,26,26,26,26,26,23,22,15,10,6.2942,5.8039,5.1177,4.4115,3.9051,3.1949,2.6419,1.7591,1.3884
2024-12-02T05:27:50.195026,2.0228222852145943e-10,0,1,0.001692,26,26,25,25,24,23,22,17,14,6.5723,6.2066,5.6443,5.0170,4.5351,3.8343,3.3472,2.3919,1.9552
2024-12-02T05:28:26.244569,2.0476293414713722e-20,0,1,0.001693,32,32,32,31,29,28,25,24,21,6.7361,6.3445,5.7314,5.0482,4.5403,3.8478,3.3527,2.3967,1.9675
2024-12-02T05:31:34.410831,2.5066517726768394e-25,1,1,0.001710,39,39,37,35,34,33,32,30,25,7.6484,7.1423,6.4539,5.6983,5.1516,4.3078,3.7145,2.6747,2.2152
2024-12-02T12:24:26.098105,1.575749769954766e-11,0,1,0.001227,23,23,23,21,21,19,18,16,15,5.9745,5.4452,4.6533,3.9468,3.4982,2.8431,2.3579,1.5468,1.1917
2024-12-02T12:26:01.574245,3.799233637879997e-11,0,1,0.000917,32,29,28,28,25,22,21,20,19,4.3498,3.9747,3.4152,2.9113,2.5422,2.0443,1.7118,1.1199,0.8902
2024-12-03T02:15:55.871190,8.789461739740618e-17,0,1,0.001734,39,39,38,36,36,36,35,29,25,6.7390,6.4807,6.0752,5.4823,5.0339,4.3289,3.8534,2.9093,2.4802
2024-12-04T13:01:40.851734,6.752203117323478e-17,0,1,0.001526,32,29,28,28,25,25,23,22,21,6.9186,6.2936,5.4134,4.5564,4.0131,3.2007,2.6397,1.7017,1.3133
2024-12-04T19:44:46.501599,1.9827071157143946e-21,0,1,0.001571,37,37,37,36,36,34,33,29,25,8.7405,8.2358,7.5154,6.6950,6.1086,5.2478,4.7170,3.6784,3.2198
2024-12-08T14:19:05.648746,3.067936831502935e-16,0,1,0.001580,29,27,27,26,23,23,22,22,18,7.9606,7.3007,6.3647,5.4741,4.8541,3.9404,3.3236,2.3086,1.8840
2024-12-11T08:17:48.503562,2.082980646656025e-07,0,1,0.001051,25,25,24,22,22,21,21,20,19,4.5379,4.1748,3.6541,3.1339,2.7942,2.2836,1.9698,1.3058,1.0420
2024-12-11T08:19:39.247817,6.4748134833012e-08,0,1,0.001669,29,27,27,25,24,23,23,21,21,7.4179,6.7637,5.8618,5.0281,4.4482,3.6078,3.0312,2.0205,1.5982
2024-12-11T10:44:54.440241,5.242249469340219e-27,1,1,0.001646,42,42,40,39,38,37,32,24,20,6.4443,6.0336,5.4243,4.7517,4.3003,3.6286,3.0542,2.0450,1.6111
2024-12-12T06:58:13.229048,1.5656341323805316e-22,0,1,0.000967,28,26,26,26,26,26,25,24,24,4.1605,3.8148,3.3059,2.8072,2.5000,2.0146,1.6771,1.0954,0.8679
2024-12-12T06:58:30.732937,3.191300194153655e-16,0,1,0.001066,27,27,27,26,26,23,20,19,17,4.5967,4.2172,3.6723,3.1205,2.7495,2.2478,1.8682,1.2367,0.9621
2024-12-16T20:19:48.240725,6.112224182439037e-14,1,1,0.001102,29,29,29,27,26,26,25,21,21,5.4972,5.0603,4.4253,3.8058,3.3906,2.7962,2.3815,1.7025,1.4059
2024-12-17T04:58:48.746109,9.502743242861741e-39,1,1,0.001824,49,49,49,49,49,48,45,37,32,6.4098,6.0947,5.6083,5.0372,4.6199,3.9096,3.3643,2.3168,1.8636
2024-12-18T13:32:03.601484,6.677107999683221e-09,0,1,0.001688,28,28,28,26,25,25,24,21,20,9.0905,8.7128,8.1340,7.3428,6.8211,6.1535,5.5696,4.4971,3.9165
2024-12-19T17:53:26.129170,1.8146545026285243e-11,0,1,0.001456,29,29,28,28,28,26,22,19,16,6.7204,6.2505,5.5401,4.8246,4.3224,3.7157,3.2333,2.3509,1.9774
2024-12-20T16:28:43.548002,4.638740642162727e-07,0,1,0.001360,26,25,24,24,22,20,18,17,13,6.8804,6.4311,5.7649,5.0155,4.5636,3.9605,3.4756,2.5806,2.1939
2024-12-21T18:31:04.851516,2.4693673206495943e-20,1,1,0.001377,33,33,33,31,31,28,25,19,16,6.1909,5.7402,5.1011,4.3973,3.9814,3.3952,2.9139,2.0537,1.6899
2024-12-22T18:44:59.836450,1.8073972956027448e-10,1,1,0.001310,22,22,22,22,22,21,21,20,18,5.7845,5.2380,4.4110,3.6230,3.3279,2.7940,2.2303,1.6454,1.3709
2024-12-24T17:37:50.392643,3.3517154790377755e-20,1,1,0.001805,32,32,31,30,30,26,23,19,14,6.3102,5.8672,5.1579,4.4150,4.1078,3.5170,2.9345,2.1733,1.7831
2024-12-25T08:44:38.490343,1.517928552604055e-14,0,1,0.001736,42,41,40,38,36,34,32,25,24,12.1703,11.3102,9.9661,8.6650,8.1302,7.0711,6.0426,4.6933,3.9191
2024-12-27T16:48:16.961239,5.338150141248523e-16,0,1,0.001747,34,34,33,33,32,28,26,18,16,6.3191,5.8630,5.1174,4.3401,4.0384,3.4057,2.7775,2.0373,1.6746
2024-12-29T14:03:34.359903,2.2455629604515594e-07,0,1,0.001031,24,24,23,22,22,22,21,17,14,3.9694,3.7205,3.2977,2.8467,2.6650,2.2792,1.8793,1.4241,1.2107
2025-01-01T11:37:15.631989,4.1817521491930547e-57,0,0,0.001443,61,61,60,58,54,52,49,34,22,5.8676,5.4806,4.8065,4.0711,3.7941,3.3248,2.7410,2.1252,1.8023
2025-01-01T21:47:25.375476,1.1494129822121496e-08,0,0,0.000124,12,12,12,11,11,11,11,10,9,0.4871,0.4385,0.3687,0.3106,0.2813,0.2368,0.1850,0.1292,0.1003
2025-01-02T12:16:07.700100,3.760440927737682e-07,0,0,0.000701,19,19,18,18,17,17,14,11,11,3.2816,3.0352,2.6451,2.2620,2.1009,1.7847,1.4204,1.0150,0.8062
2025-01-02T20:28:41.378387,3.8167450781802247e-26,0,0,0.001829,37,36,33,32,30,28,27,23,20,7.3474,6.6574,5.6320,4.6409,4.2483,3.5213,2.7509,1.8456,1.4780
2025-01-03T06:21:00.106344,8.852891146966692e-08,0,0,0.000934,19,19,19,19,18,17,15,10,7,4.8526,4.5936,4.1620,3.6988,3.5063,3.1808,2.8166,2.3194,2.0336
2025-01-03T12:03:06.411491,5.2184546462541346e-06,0,0,0.001254,20,20,20,20,20,19,17,13,12,5.5342,5.0079,4.2155,3.4657,3.1636,2.6689,2.1768,1.5916,1.3098
2025-01-04T06:36:51.171783,1.3740165674462063e-51,0,0,0.003673,164,164,161,157,156,153,148,140,127,19.7822,19.1923,17.8047,16.0183,15.3839,14.2838,12.7701,10.8372,9.5034
2025-01-04T14:07:08.441255,2.357849495261152e-07,0,0,0.000364,19,19,18,18,18,16,15,11,10,1.3088,1.2301,1.0940,0.9551,0.8975,0.7760,0.6317,0.4636,0.3767
2025-01-04T18:48:36.785479,3.584451313602203e-09,0,0,0.001693,27,26,23,22,22,20,20,16,15,5.8630,5.4210,4.7002,3.9802,3.6527,3.0978,2.4172,1.7246,1.3894
2025-01-06T08:48:21.203458,1.2159009274523553e-18,0,0,0.001870,41,40,40,34,34,32,31,25,21,8.6425,8.2260,7.4062,6.4741,6.1511,5.5221,4.7958,3.9156,3.3641
2025-01-06T19:52:09.235590,2.9147629809297303e-08,0,0,0.000364,20,20,18,17,17,16,13,8,5,1.3805,1.2616,1.0758,0.8989,0.8333,0.7052,0.5552,0.3906,0.3193
2025-01-08T18:57:53.142259,3.605985772882755e-08,0,0,0.001304,22,21,21,20,19,16,15,12,10,5.2259,4.6536,3.8804,3.1704,2.8490,2.3004,1.7354,1.1229,0.8733
2025-01-10T07:28:48.531179,9.179159504546704e-09,0,0,0.001088,23,23,23,23,23,23,21,15,10,4.0662,3.8431,3.4558,2.9920,2.7980,2.4535,2.0672,1.5589,1.3094
2025-01-10T09:01:41.433459,7.443483610350418e-07,0,0,0.001502,24,24,24,22,22,22,19,16,9,4.8277,4.5857,4.1427,3.5881,3.3697,2.9646,2.4685,1.8350,1.5172
2025-01-10T09:04:04.337496,4.7319798737334674e-07,0,0,0.001436,20,20,20,18,18,15,14,11,8,4.6285,4.4277,4.0193,3.4790,3.2673,2.8582,2.3636,1.7493,1.4411
2025-01-10T10:45:38.777983,1.2441162387786966e-18,0,0,0.001481,26,26,26,25,24,22,21,17,12,4.7646,4.5365,4.0944,3.5753,3.3420,2.9156,2.3913,1.7226,1.4264
2025-01-10T19:31:42.552096,9.929650200314097e-13,0,0,0.001498,28,28,26,25,24,22,20,16,10,5.4321,4.9010,4.1474,3.4227,3.1374,2.5761,2.0003,1.3648,1.0728
2025-01-10T21:07:35.655097,4.466386339102276e-06,0,0,0.000950,20,18,18,16,16,16,14,9,8,3.6613,3.3249,2.8389,2.3898,2.1878,1.8174,1.4379,1.0023,0.7984
2025-01-11T06:04:09.012042,5.684940613231425e-22,0,0,0.001886,39,39,38,35,33,29,26,20,17,7.0735,6.7515,6.1352,5.3513,5.0170,4.4674,3.7958,2.9652,2.5156
2025-01-11T16:15:43.013485,1.6871166824300942e-19,0,0,0.001856,43,43,40,36,36,34,32,27,23,7.4662,6.7828,5.7723,4.8125,4.4366,3.7382,2.9621,2.0707,1.6554
2025-01-12T07:57:54.738783,1.1103165811995306e-12,0,0,0.000948,21,21,21,21,21,21,18,16,10,3.4310,3.2089,2.8512,2.4462,2.2920,2.0018,1.6542,1.2291,0.9954
2025-01-13T14:43:51.577888,1.2604240596365087e-17,0,0,0.000896,29,29,29,27,27,25,24,19,14,3.3319,3.1341,2.8020,2.4381,2.2924,1.9526,1.5485,1.0566,0.8236
2025-01-13T14:48:02.471819,3.99870101610923e-41,0,0,0.001537,46,45,44,44,44,42,41,33,25,5.0830,4.7872,4.2687,3.7214,3.4831,2.9902,2.4080,1.7334,1.4167
2025-01-13T23:24:58.679482,3.540802021724636e-06,0,0,0.001218,26,26,24,24,23,22,21,18,15,6.8189,6.3262,5.5234,4.7963,4.5213,4.0218,3.4670,2.7835,2.4003
2025-01-18T19:42:41.591383,1.0022115110810669e-08,0,0,0.001357,32,30,30,29,29,25,21,14,11,11.2317,10.3243,8.9234,7.9639,7.4759,6.2862,5.1594,3.8394,3.0307
2025-01-22T02:19:01.216333,2.7419687006285304e-12,0,0,0.001575,26,25,24,23,22,21,18,15,13,5.9819,5.4919,4.5882,3.9885,3.7554,3.1795,2.5725,2.0300,1.6697
2025-01-22T11:09:43.052576,4.922134451149526e-12,0,0,0.001314,22,22,22,20,18,18,15,14,10,4.4656,3.9964,3.2996,2.8105,2.6207,2.1183,1.6405,1.2105,0.9629
2025-01-24T02:58:19.893734,4.1300380484802056e-17,0,0,0.001385,30,28,27,27,27,21,15,11,8,4.6041,4.2886,3.6822,3.2576,3.0750,2.6028,2.0810,1.5949,1.3213
2025-01-25T01:36:47.911985,7.77703659776941e-38,0,0,0.000437,39,39,38,38,36,33,30,28,26,1.6153,1.4897,1.2690,1.1104,1.0441,0.8733,0.6994,0.5394,0.4438
2025-01-26T10:30:37.285961,7.093431004566171e-08,0,0,0.001051,24,23,23,23,22,22,20,19,14,3.0989,2.8759,2.4646,2.1546,2.0192,1.6869,1.3143,0.9932,0.7957
2025-01-28T09:23:03.430169,7.449951110605458e-24,0,0,0.001614,36,36,35,33,32,28,25,19,16,4.7100,4.4263,3.8434,3.4147,3.2125,2.6876,2.1471,1.6010,1.2920
2025-01-28T09:23:32.324878,6.251997856171874e-28,0,0,0.001590,48,46,45,43,43,42,35,29,22,4.6985,4.3861,3.7854,3.3454,3.1503,2.6235,2.0935,1.5587,1.2543
2025-02-01T12:00:00.908481,1.872203083810176e-12,0,0,0.001346,26,25,25,25,25,23,18,15,12,5.7090,5.3800,4.7553,4.3331,4.1428,3.6866,3.1659,2.5751,2.1992
2025-02-03T03:59:19.584888,4.790283887131582e-39,0,0,0.000976,42,41,41,41,41,39,37,35,31,3.8616,3.4145,2.7816,2.3503,2.1807,1.7731,1.3654,0.9908,0.7852
2025-02-04T12:49:00.794185,4.65167629683525e-21,0,0,0.001599,45,45,44,43,42,38,33,28,26,8.4780,8.0621,7.2222,6.6513,6.4130,5.7993,5.1144,4.2786,3.6333
2025-02-05T03:16:08.274342,2.189964677000481e-47,0,0,0.001557,48,47,46,45,43,36,33,28,23,5.2592,4.8919,4.2165,3.7313,3.5087,2.9363,2.3756,1.7843,1.4500
2025-02-06T08:20:01.430209,6.0781228265192354e-15,0,0,0.000697,25,24,24,23,23,19,17,12,9,2.8782,2.6515,2.2794,2.0189,1.9129,1.6295,1.3465,1.0476,0.8769
2025-02-10T11:10:24.807069,1.5629712743646577e-15,0,0,0.001584,37,37,35,34,33,31,30,24,20,8.2552,7.8024,6.8896,6.2112,5.9672,5.3384,4.6880,3.9736,3.3848
2025-02-11T03:16:57.347095,7.505392345580244e-11,0,0,0.001219,19,18,17,17,16,16,14,12,11,3.9193,3.5801,3.0081,2.5968,2.4134,2.0095,1.5398,1.1384,0.9056
2025-02-11T18:55:43.434437,1.2153902044445784e-19,0,0,0.001119,32,30,29,28,26,23,20,16,13,4.7084,4.1929,3.3785,2.8784,2.6647,2.1911,1.7147,1.2869,1.0591
2025-02-12T19:12:45.430164,4.125621528500071e-07,0,0,0.001239,19,19,18,18,18,17,17,14,11,4.8671,4.4078,3.6820,3.2101,3.0036,2.5043,2.0106,1.5569,1.2772
2025-02-12T19:13:26.422242,5.462649475314537e-13,0,0,0.001675,22,21,20,20,20,19,18,14,11,6.5630,5.9844,5.0242,4.3609,4.0987,3.3610,2.7071,2.0548,1.6691
2025-02-13T14:29:51.284458,1.999098821131803e-11,0,0,0.001388,25,24,22,22,21,20,17,12,9,6.0259,5.4953,4.5692,3.9614,3.7301,3.1518,2.6078,2.0778,1.7210
2025-02-13T17:48:47.442791,8.327249043529319e-06,0,0,0.001490,23,23,22,20,20,20,19,16,13,5.7801,5.2556,4.3880,3.8251,3.5594,2.9634,2.3486,1.7805,1.4825
2025-02-14T00:05:13.158874,2.226128694229855e-18,0,0,0.000766,23,23,23,22,22,21,21,16,14,2.9619,2.6273,2.1189,1.7955,1.6539,1.3080,1.0024,0.7324,0.5675
2025-02-14T14:46:06.130430,2.4583402582449584e-21,0,0,0.000960,27,27,24,24,24,23,21,16,14,4.3820,3.9389,3.2315,2.7849,2.6119,2.1842,1.8148,1.4361,1.1922
2025-02-15T13:22:37.869273,1.1877546810336157e-25,0,0,0.001769,43,40,39,38,36,36,32,29,26,8.4546,7.6103,6.2621,5.4214,5.0971,4.3162,3.5916,2.8626,2.4194
2025-02-15T23:10:54.883958,9.818749377333447e-07,0,0,0.001474,23,23,22,22,21,20,19,15,13,7.3179,6.4818,5.3071,4.5188,4.1391,3.3098,2.5259,1.7159,1.2983
2025-02-19T14:27:06.988826,2.0072758309014194e-18,0,0,0.001905,32,32,31,31,31,28,27,24,21,7.3757,6.6195,5.4822,4.7337,4.4027,3.6523,2.8989,2.1763,1.7703
2025-02-20T11:22:57.690838,2.1745257201335977e-21,0,0,0.001427,34,34,31,30,29,29,25,19,17,6.4690,5.8442,4.8547,4.1873,3.9221,3.3239,2.7214,2.1239,1.7434
2025-02-20T14:43:23.117184,2.418494690102599e-07,0,0,0.001215,26,26,25,25,24,22,20,17,13,4.1985,3.8653,3.2830,2.8755,2.6982,2.2527,1.8188,1.3825,1.1168
2025-02-21T19:51:21.803211,1.4789018334801778e-41,0,0,0.001147,42,42,42,41,41,39,38,30,27,4.4826,4.0377,3.3321,2.8820,2.6763,2.1839,1.6898,1.2594,0.9900
2025-02-23T19:16:12.255288,7.392872913218331e-36,0,0,0.000617,38,38,37,36,36,33,30,25,21,1.8793,1.7454,1.4767,1.2916,1.2103,0.9903,0.7759,0.5762,0.4640
2025-02-25T11:00:44.786969,5.385820040589302e-06,0,0,0.000362,13,13,13,13,13,12,12,12,11,1.4894,1.3319,1.0831,0.9162,0.8483,0.6875,0.5406,0.4037,0.3280
2025-02-27T21:44:24.895599,5.455549916750674e-23,0,0,0.001413,30,30,30,30,30,29,27,19,15,5.9076,5.2781,4.3875,3.8030,3.5383,2.9352,2.3615,1.7863,1.4637
2025-02-28T21:25:55.456095,6.498924587331917e-40,0,0,0.001562,51,50,49,45,43,36,31,19,16,6.4318,5.8812,5.0134,4.3586,4.0454,3.2045,2.3856,1.5857,1.1794
2025-03-01T15:12:05.905362,1.5744990554059412e-14,0,0,0.001139,27,26,25,25,24,18,17,10,8,2.7123,2.4304,2.1767,1.9380,1.7574,1.3236,1.1114,0.8416,0.6195
2025-03-02T15:36:03.964924,6.648944925051949e-07,0,0,0.001384,20,20,20,20,20,19,17,14,12,4.6428,4.1262,3.5915,3.1196,2.8170,2.0690,1.6517,1.1492,0.8038
2025-03-02T20:19:09.750032,4.3842178486691205e-56,0,0,0.001174,48,47,46,45,42,40,32,22,16,2.9273,2.6534,2.3836,2.1132,1.9282,1.4841,1.2493,0.9718,0.7584
2025-03-04T07:53:04.391622,8.611747361898545e-06,0,0,0.000803,15,15,15,15,12,12,12,8,5,2.1179,1.9013,1.6936,1.5257,1.4004,1.1190,0.9519,0.7495,0.5224
2025-03-04T12:51:06.939440,1.9133157686621507e-11,0,0,0.001453,24,21,21,20,19,14,13,12,10,3.5936,3.2421,2.8876,2.5647,2.3270,1.7700,1.4992,1.1470,0.8263
2025-03-04T14:28:23.279112,2.682363179452896e-22,0,0,0.001861,35,34,34,34,33,30,27,22,22,5.2400,4.6911,4.1515,3.6966,3.3752,2.5537,2.0640,1.5499,1.1222
2025-03-05T16:55:52.843807,1.5095243466102187e-07,0,0,0.000933,17,17,17,16,16,15,12,10,9,2.7019,2.2849,1.9546,1.6827,1.5102,1.0899,0.8783,0.6569,0.4858
2025-03-07T03:57:59.922354,1.8374855991206438e-42,0,0,0.002536,81,81,77,73,71,68,62,49,45,7.9256,7.1648,6.4476,5.8610,5.4024,4.4444,3.9039,3.1021,2.1658
2025-03-07T08:45:19.138112,1.4584988548048656e-17,0,0,0.000872,24,24,23,21,21,21,18,14,11,2.2721,2.0479,1.8207,1.6212,1.4754,1.1402,0.9698,0.7328,0.5289
2025-03-07T10:53:54.957511,7.744824793044358e-16,0,0,0.000703,23,22,22,21,19,16,14,10,6,2.0050,1.7305,1.4866,1.3045,1.1724,0.8777,0.7350,0.5510,0.3980
2025-03-08T18:06:30.672628,2.761179830560771e-06,0,0,0.004892,131,126,118,111,105,86,76,49,33,23.5038,20.9713,18.5698,16.7612,15.3974,12.2868,10.2164,7.2787,5.0995
2025-03-09T09:54:41.990233,2.686300448984827e-30,0,0,0.001199,33,33,31,30,30,29,25,18,13,3.5231,3.0060,2.5561,2.2266,1.9929,1.4818,1.2226,0.8999,0.6346
2025-03-10T08:27:43.536668,1.9041271130680997e-21,0,0,0.001635,34,33,30,27,24,19,13,11,11,4.5566,3.9620,3.4319,3.0396,2.7589,2.1123,1.7704,1.3179,0.9397
2025-03-11T15:15:26.404063,1.0055255812370151e-20,0,0,0.001604,27,27,27,25,25,22,17,14,12,4.5989,3.9120,3.2817,2.8523,2.5380,1.8179,1.4679,1.0863,0.7720
2025-03-12T15:19:25.536350,1.2718952729170117e-06,0,0,0.000875,17,17,16,14,14,12,10,8,7,2.7863,2.4871,2.2167,1.9957,1.8176,1.4548,1.2312,0.9497,0.7146
2025-03-13T12:28:29.919167,1.3089485437996974e-12,0,0,0.000707,21,21,20,20,19,16,15,12,9,1.8461,1.6025,1.3879,1.2144,1.0887,0.8041,0.6627,0.4913,0.3606
2025-03-14T04:05:15.638756,1.095679235702115e-19,0,0,0.001456,31,31,30,27,26,22,14,12,11,4.0885,3.6841,3.3061,2.9899,2.7627,2.1700,1.8663,1.4486,1.0074
2025-03-14T05:31:57.161810,2.0977377725085864e-11,0,0,0.001514,23,23,23,23,21,18,12,9,6,4.0090,3.5059,3.0953,2.7619,2.4881,1.9284,1.6126,1.2326,0.8648
2025-03-16T11:32:04.829210,9.072693429407176e-07,0,0,0.001666,22,20,19,18,16,14,12,9,7,4.8423,4.1397,3.5095,3.0383,2.7127,1.9950,1.6348,1.1948,0.8801
2025-03-17T03:58:46.095198,1.958174627764434e-07,0,0,0.001426,21,21,21,19,19,18,16,13,11,4.9061,4.2723,3.6680,3.2150,2.8679,2.1671,1.7717,1.3144,0.9226
2025-03-17T20:57:51.568764,2.7426201090665817e-06,0,0,0.000981,24,24,22,21,20,17,15,10,8,3.5841,3.1779,2.8598,2.5912,2.3960,1.9922,1.7455,1.4165,1.0033
2025-03-18T05:39:33.766014,6.6849906111387255e-21,0,0,0.001679,28,28,27,26,24,22,21,17,13,4.5274,3.9770,3.4564,3.0264,2.7542,2.0521,1.7061,1.2847,0.9090
2025-03-18T10:28:34.221890,7.591014240033017e-18,0,0,0.001859,30,30,28,25,23,21,18,15,11,4.8128,4.2138,3.6467,3.1997,2.8730,2.1764,1.8168,1.3558,0.9755
2025-03-20T11:51:42.740662,7.488593380983062e-25,0,0,0.000778,27,27,27,27,26,23,22,18,16,2.4943,2.1407,1.8098,1.5587,1.3709,1.0071,0.7996,0.5717,0.4157
2025-03-20T15:46:18.108613,2.4604052849160692e-20,0,0,0.001447,46,45,42,40,37,28,25,18,13,12.0729,10.9314,9.7796,8.7609,7.9680,6.3266,5.1478,3.7724,2.8246
2025-03-23T06:46:42.817714,3.450984430006627e-54,0,0,0.000687,52,51,49,46,43,38,32,21,17,1.8750,1.6960,1.5177,1.3584,1.2356,0.9580,0.8029,0.5996,0.4469
2025-03-23T11:38:43.815470,1.9950996000717422e-32,0,0,0.001459,48,46,44,43,40,30,26,24,18,5.3710,4.8847,4.4713,4.0859,3.7801,3.1825,2.8031,2.2408,1.7280
2025-03-25T09:53:11.549221,6.770354090787654e-11,0,0,0.001110,20,19,19,17,15,14,13,11,9,3.3501,2.8523,2.4481,2.1017,1.8730,1.3785,1.1105,0.8106,0.5847
2025-03-25T15:33:09.569521,3.3514568655197496e-36,0,0,0.001301,51,51,51,49,48,45,43,37,36,6.2344,5.7357,5.3716,5.0392,4.7888,4.2415,3.8833,3.2683,2.4641
2025-03-28T01:39:54.906120,4.8830852545214695e-39,0,0,0.001060,38,38,37,35,34,30,27,20,17,2.7790,2.4782,2.1966,1.9562,1.7795,1.3577,1.1446,0.8555,0.6050
2025-03-28T13:02:57.569651,5.108492275720274e-06,0,0,0.000999,23,22,21,21,21,17,15,13,9,4.3986,3.9940,3.6595,3.4037,3.2039,2.7740,2.5096,2.0818,1.5621
2025-03-29T02:54:53.907992,3.108000466255762e-13,0,0,0.001453,27,26,25,22,21,20,17,12,8,6.0996,5.0803,4.1586,3.4453,2.9815,2.0914,1.6291,1.1558,0.8153
2025-03-30T11:53:33.380957,1.593308869307349e-26,0,0,0.001540,36,36,34,33,32,28,26,20,18,6.9884,6.3459,5.8147,5.3916,5.0898,4.4123,4.0025,3.3110,2.5115
2025-03-30T23:08:31.588524,1.386348524436446e-32,0,0,0.001114,34,33,32,32,31,30,28,21,18,3.2924,2.8485,2.4508,2.1559,1.9196,1.4538,1.2046,0.9171,0.6414
2025-03-31T01:15:27.755353,7.307724274955802e-18,0,0,0.001063,27,24,24,23,21,19,16,13,10,3.7677,3.4193,3.1111,2.7820,2.5335,1.9821,1.6670,1.2541,0.9277
2025-03-31T12:09:17.077212,4.235240746554946e-90,0,0,0.001899,89,89,87,83,79,72,68,64,58,8.8323,8.1178,7.5241,7.0695,6.6916,5.8860,5.3796,4.5509,3.4086
2025-04-03T19:16:03.844503,1.8668835910441207e-34,0,0,0.001769,42,41,41,41,41,39,37,33,27,7.0662,6.5837,5.9306,5.2632,4.7853,4.0303,3.4603,2.4561,2.0263
2025-04-04T15:44:03.407831,3.292885237859628e-34,0,0,0.001490,48,48,45,43,42,39,39,37,36,7.9406,7.2039,6.2392,5.3700,4.7973,3.9741,3.3894,2.3908,1.9844
2025-04-04T19:27:08.824075,2.5316944756858203e-19,0,0,0.001461,30,30,30,30,29,29,27,19,16,4.8434,4.6560,4.3653,3.9890,3.6599,3.1293,2.6977,1.8934,1.5584
2025-04-07T03:24:47.136902,2.1985390658687e-15,0,0,0.001485,28,28,28,24,22,22,22,20,17,7.0582,6.4305,5.5380,4.6822,4.1490,3.3435,2.7757,1.8195,1.4167
2025-04-09T04:47:07.129913,6.028010488865631e-27,0,0,0.001172,35,35,35,35,34,33,29,20,19,4.9396,4.7360,4.4264,4.0464,3.6966,3.2272,2.8708,2.2126,1.9261
2025-04-09T16:50:33.477602,1.1687277483791394e-06,0,0,0.001451,29,29,29,27,24,20,19,16,12,6.7090,6.0875,5.2148,4.4013,3.8634,3.0991,2.5524,1.6979,1.3484
2025-04-16T11:18:03.007476,8.290967059846508e-13,0,0,0.001198,31,29,29,27,27,25,23,22,19,6.0639,5.5769,4.9294,4.2941,3.8621,3.2062,2.7325,1.8509,1.4661
2025-04-16T11:18:22.520184,6.668024503460723e-16,0,0,0.001188,33,33,33,31,31,28,27,21,19,5.9327,5.4827,4.8677,4.2323,3.8039,3.1799,2.7366,1.8786,1.5240
2025-04-18T10:09:52.971960,7.062450221911432e-26,0,0,0.001475,42,41,40,39,36,35,31,24,20,8.7331,7.9978,6.8849,5.7965,5.1029,4.0250,3.3337,2.2490,1.7588
2025-04-18T15:47:26.194752,2.800312055380308e-07,0,0,0.000548,23,23,22,20,20,20,19,17,17,2.3667,2.1726,1.9108,1.6238,1.4409,1.1724,0.9809,0.6388,0.5023
2025-04-18T15:47:59.740859,8.215579837103849e-20,0,0,0.000990,26,26,26,25,25,24,24,22,22,4.3150,3.9825,3.4795,2.9710,2.6205,2.1385,1.8095,1.1875,0.9540
2025-04-20T18:41:20.760643,6.219143499991603e-26,0,0,0.001667,47,46,45,44,43,42,39,33,27,6.8643,6.2707,5.4414,4.6222,4.0893,3.3391,2.8154,1.8228,1.4153
2025-04-21T15:09:41.029659,5.24642513057231e-07,0,0,0.001560,30,29,29,28,27,26,23,20,18,7.4463,6.8191,5.9485,5.0873,4.5445,3.7275,3.1878,2.1698,1.6861
2025-04-22T13:35:05.985834,6.7983161429318294e-18,0,0,0.001507,31,31,28,27,25,24,21,20,20,6.0037,5.5516,4.9275,4.2714,3.7965,3.1092,2.6403,1.7666,1.3868
2025-04-23T07:22:19.250279,5.519311377207296e-09,0,0,0.000832,22,22,22,20,20,20,20,18,15,3.0948,2.9225,2.6704,2.3808,2.1695,1.8371,1.6068,1.1534,0.9509
2025-04-25T04:41:05.293377,4.723473874956028e-07,0,0,0.001391,22,22,22,21,20,19,18,14,13,6.1239,5.7438,5.1923,4.6177,4.1596,3.5260,3.1002,2.2853,1.8814
2025-04-26T04:43:40.311987,1.158107976879401e-41,0,0,0.001473,52,51,50,49,47,42,39,33,30,5.6219,5.3704,5.0022,4.5216,4.1340,3.5709,3.1669,2.3493,1.9692
2025-04-26T20:14:55.947687,3.067225968170562e-06,0,0,0.000621,17,17,16,16,15,15,15,14,14,3.2894,3.0438,2.7013,2.3293,2.0762,1.7551,1.5487,1.1598,0.9776
2025-04-27T04:56:57.455837,3.5221555355675254e-14,0,0,0.001567,26,26,26,25,25,22,21,17,13,5.7218,5.4480,5.0571,4.5521,4.1533,3.5494,3.0873,2.2397,1.9120
2025-04-27T17:18:03.181748,1.9023859877001445e-14,0,0,0.000395,18,18,18,16,16,15,14,14,14,2.0662,1.8441,1.5521,1.2989,1.1507,0.9360,0.7826,0.5141,0.4048
2025-04-27T18:54:07.611272,7.962918053064904e-14,0,0,0.001539,39,36,32,32,30,29,29,22,19,7.9126,7.2356,6.2617,5.4222,4.8463,3.9959,3.4417,2.4569,2.0294
2025-04-27T18:56:27.505897,4.444947732740909e-13,0,0,0.001473,30,30,30,28,28,26,26,23,21,7.4052,6.7982,5.9419,5.1325,4.6258,3.7606,3.2302,2.2661,1.8926
2025-04-28T01:55:52.406318,1.600725310622711e-07,0,0,0.001417,25,25,25,24,23,20,18,14,13,5.9107,5.7031,5.3990,4.9502,4.5559,4.0256,3.6370,2.8569,2.4583
2025-04-28T23:13:42.925985,4.2754739175887844e-20,0,0,0.001542,35,35,35,34,31,30,27,18,16,6.5325,6.2140,5.7576,5.1945,4.7950,4.1346,3.6712,2.7561,2.3496
2025-04-30T13:04:02.852010,1.4514970546279967e-26,0,0,0.001377,39,38,38,38,38,35,31,23,17,6.4845,5.7675,4.8745,4.0886,3.6081,2.9063,2.4244,1.5864,1.2296
2025-05-02T22:36:13.625189,6.199598954747716e-07,0,0,0.001550,27,26,26,24,23,22,19,12,10,5.9534,5.7357,5.4070,4.9521,4.5717,3.9861,3.5869,2.7297,2.3649
2025-05-02T23:57:05.879721,2.893454110498203e-35,0,0,0.001943,48,48,47,47,47,46,42,33,28,8.1194,7.6709,7.0752,6.4413,5.8937,5.0822,4.4954,3.4061,2.9017
2025-05-03T04:12:50.475308,3.670496880689873e-35,0,0,0.001813,50,50,49,47,46,45,43,36,34,9.5475,8.5540,7.2382,6.0827,5.4088,4.3594,3.7121,2.4823,1.9421
2025-05-03T21:08:48.329762,4.350994044430148e-20,0,0,0.000821,30,30,30,30,30,30,29,23,19,3.2081,3.0729,2.8590,2.6127,2.3975,2.0699,1.8331,1.3667,1.1428
2025-05-04T02:50:57.385188,3.9833105094594614e-13,0,0,0.001547,33,31,31,30,29,29,29,22,19,6.0951,5.6341,5.0559,4.4902,4.0972,3.4300,2.9354,2.0424,1.6853
2025-05-04T09:06:51.904534,7.802495439386871e-32,0,0,0.000984,37,36,36,35,35,31,31,27,24,3.2611,3.0603,2.7894,2.5226,2.3188,1.9441,1.6738,1.1370,0.9104
2025-05-05T02:10:34.049510,2.3631889055471697e-06,0,0,0.002731,69,68,65,60,56,52,46,25,13,13.4164,12.0109,10.3281,8.8109,7.8468,6.3916,5.3723,3.5572,2.8000
2025-05-05T17:57:01.930004,4.78532311236568e-20,0,0,0.001618,41,40,39,36,35,33,31,28,25,8.5321,7.7680,6.7907,5.9253,5.3092,4.4634,3.8644,2.8299,2.3706
2025-05-05T19:08:00.890260,1.8228931632532283e-16,0,0,0.001763,37,34,34,33,28,25,24,23,21,11.2530,10.3867,9.3351,8.2888,7.5382,6.6015,5.9604,4.7343,4.1244
2025-05-06T02:32:21.282920,3.7100164154019663e-20,0,0,0.001711,36,36,36,35,33,31,29,22,17,5.9609,5.6386,5.1745,4.6292,4.2162,3.5430,3.0936,2.1414,1.7447
2025-05-07T01:07:25.660297,1.7688134225518566e-40,0,0,0.001899,44,44,42,42,42,40,39,32,28,6.3549,6.0384,5.6155,5.0842,4.6343,3.9774,3.4940,2.5052,2.0966
2025-05-08T02:52:57.246147,1.666331914759922e-23,0,0,0.000722,35,33,32,31,30,28,24,12,11,2.8009,2.5865,2.3163,2.0381,1.8401,1.5458,1.3168,0.8872,0.7195
2025-05-08T18:16:20.045323,5.526050732342085e-15,0,0,0.001488,37,35,33,32,32,32,31,27,25,9.1106,8.6319,7.9931,7.2754,6.6487,5.9204,5.4147,4.3926,3.8891
2025-05-08T18:17:16.200277,1.3504543283213044e-07,0,0,0.000904,23,22,22,22,21,21,21,18,17,5.4559,5.1897,4.7834,4.3291,3.9730,3.5320,3.2220,2.6074,2.2974
2025-05-09T04:52:00.794196,1.0460953041877282e-36,0,0,0.001786,37,37,37,36,34,33,32,29,26,5.8784,5.5104,5.0946,4.5254,4.1538,3.4791,2.9929,2.0909,1.6877
2025-05-09T15:16:09.946711,6.313228130543357e-07,0,0,0.000859,24,23,23,23,22,22,19,15,11,5.0678,4.6834,4.1624,3.6561,3.3051,2.8170,2.4695,1.8959,1.6191
2025-05-10T21:20:06.115175,1.441052285470562e-16,0,0,0.001104,28,27,26,23,22,21,19,18,15,4.3273,4.0982,3.7620,3.3889,3.1057,2.6747,2.3987,1.7820,1.4954
2025-05-11T21:24:53.027547,4.814451801130686e-10,0,0,0.001609,27,26,25,23,23,22,18,14,10,6.8382,6.2743,5.6209,4.9505,4.4735,3.7275,3.2448,2.2949,1.8804
2025-05-13T21:47:10.255475,2.1692636629228694e-09,0,0,0.001641,30,29,27,25,24,23,20,17,13,7.6763,6.9652,5.9864,5.1327,4.5318,3.6566,3.0856,2.1060,1.6907
2025-05-14T09:07:57.570075,3.8788107454101224e-09,0,0,0.000873,29,29,28,27,27,26,25,17,13,4.1190,3.7945,3.3214,2.8791,2.5820,2.1419,1.7905,1.1715,0.8756
2025-05-15T02:09:54.549663,4.598429930170702e-21,0,0,0.001728,34,32,32,32,28,28,27,18,14,6.6694,6.1789,5.5025,4.8061,4.3357,3.6113,3.0310,2.0361,1.6250
2025-05-15T02:09:55.073017,8.831037057832557e-32,0,0,0.001545,40,40,39,38,37,34,32,25,20,5.9374,5.5074,4.8801,4.2714,3.8344,3.1774,2.6663,1.8275,1.4561
2025-05-15T07:46:21.394497,7.18521208671204e-06,0,0,0.000391,17,17,16,15,15,13,13,11,8,1.7702,1.5956,1.3664,1.1556,1.0190,0.8223,0.6809,0.4410,0.3412
2025-05-15T13:40:16.831281,7.292614339741885e-06,0,0,0.001251,28,27,27,26,25,24,22,16,14,6.2190,5.8791,5.3951,4.8398,4.4007,3.8244,3.4245,2.6859,2.3087
2025-05-16T23:34:01.739179,3.152167733825312e-13,0,0,0.001019,22,21,21,20,20,19,19,18,16,5.1393,4.7039,4.0642,3.4610,3.0807,2.4873,2.0869,1.3602,1.0880
2025-05-17T20:32:33.277772,5.3684646687132645e-09,0,0,0.001345,30,29,29,28,27,25,23,18,16,5.5348,5.1619,4.6239,4.0621,3.6702,3.0452,2.6050,1.8463,1.5005
2025-05-18T07:48:33.098540,1.8061937813104504e-48,0,0,0.001426,56,55,55,54,54,51,45,37,32,5.6794,5.3229,4.7922,4.2283,3.8091,3.1732,2.7259,1.9676,1.6204
2025-05-18T22:08:43.469417,1.0574690740564308e-22,0,0,0.001363,28,28,28,28,27,25,24,21,19,4.8318,4.5984,4.2322,3.7889,3.4495,2.9367,2.5532,1.7864,1.4484
2025-05-19T07:08:26.001617,1.9170783057513465e-19,0,0,0.001292,35,33,29,28,28,28,24,19,18,7.8870,7.1033,5.9693,4.9650,4.3614,3.3885,2.7367,1.7168,1.2633
2025-05-19T13:47:17.589828,1.2626549501206951e-24,0,0,0.001973,39,37,36,35,33,29,28,25,22,10.5763,9.6486,8.4429,7.3508,6.5955,5.5433,4.8487,3.6042,3.0551
2025-05-19T18:24:34.729624,1.6336444897904102e-33,0,0,0.001691,45,45,44,43,43,40,39,28,24,8.1312,7.4736,6.5026,5.6281,4.9927,4.0712,3.4306,2.3836,1.9925
2025-05-20T11:31:41.509952,3.1243274826946187e-12,0,0,0.001391,33,33,33,30,30,29,29,23,23,7.8254,7.4629,6.9374,6.2862,5.7558,5.0645,4.6191,3.6903,3.2407
2025-05-21T06:57:34.036871,1.0907039782755316e-17,0,0,0.001774,31,31,30,29,29,28,25,20,19,7.3622,6.9599,6.3838,5.6921,5.1769,4.4306,3.8822,2.8590,2.3913
2025-05-23T18:45:41.152574,1.5365896953560571e-27,0,0,0.001718,46,46,46,44,41,38,33,27,23,7.4238,7.0160,6.3574,5.6121,5.1019,4.2663,3.6303,2.4217,1.9392
2025-05-24T14:59:44.110724,1.1855004895068878e-22,0,0,0.001923,36,36,35,32,32,30,29,23,17,10.2297,9.2712,8.0737,6.9480,6.1934,5.1134,4.4103,3.2069,2.6611
2025-05-25T13:25:53.777740,3.148883507524428e-09,0,0,0.001225,30,29,29,28,27,27,25,20,19,6.8841,6.3001,5.5279,4.7595,4.2324,3.5011,3.0427,2.2502,1.9006
2025-05-27T21:16:00.767940,1.6962820207226231e-10,0,0,0.000706,21,21,21,21,20,20,20,18,13,2.2207,2.1287,1.9785,1.7935,1.6363,1.3810,1.1984,0.8319,0.6907
2025-05-28T12:29:58.678315,5.869761145092838e-06,0,0,0.001101,21,20,19,19,19,17,17,14,10,4.8995,4.6204,4.2178,3.7529,3.3909,2.9132,2.5724,1.9140,1.6360
2025-05-31T19:31:22.429654,8.306400510424494e-06,0,0,0.000785,19,19,18,17,16,16,16,14,11,3.1476,2.9518,2.6497,2.3384,2.1251,1.8095,1.5522,1.0748,0.8822
2025-06-07T08:36:46.482742,9.154207143020916e-07,0,0,0.000870,22,22,21,19,18,17,17,13,11,4.3816,4.0050,3.4703,2.9821,2.6587,2.1877,1.8744,1.3274,1.0892
2025-06-08T10:43:55.344500,2.8632790655597463e-98,0,0,0.030373,2855,2460,1873,1369,1128,692,415,141,66,185.5361,165.8704,140.8970,118.6235,105.4618,87.2380,74.1224,50.2228,39.2241
2025-06-08T14:26:43.385598,1.6244322934074662e-30,0,0,0.001562,45,44,44,44,44,41,41,37,37,7.8408,6.9399,5.7960,4.8951,4.2797,3.3835,2.7942,1.7813,1.3963
2025-06-09T09:59:35.458582,1.5278508334804614e-38,0,0,0.001203,47,46,46,45,44,44,42,40,35,5.4354,4.9469,4.3381,3.7548,3.3702,2.8070,2.4036,1.6708,1.3500
2025-06-09T16:17:22.186996,4.655154377804046e-10,0,0,0.000617,21,21,21,21,20,18,14,14,11,2.5961,2.3505,2.0264,1.7429,1.5559,1.2645,1.0523,0.7049,0.5372
2025-06-10T14:06:48.003821,1.3588220515678231e-43,0,0,0.001503,44,44,42,41,41,41,41,39,35,6.3505,5.8108,5.0935,4.3777,3.8782,3.1548,2.6280,1.7163,1.3709
2025-06-12T09:06:53.387861,5.951267317574969e-20,0,0,0.001210,32,31,31,28,28,28,27,24,20,5.6583,5.1615,4.4850,3.8470,3.4430,2.8625,2.4017,1.6763,1.3567
2025-06-12T14:53:16.612989,1.7707713309942684e-07,0,0,0.003662,130,130,127,124,121,118,115,100,91,45.8230,43.5296,40.3744,37.2413,35.4658,32.2958,29.2478,22.6932,17.6108
2025-06-12T14:53:16.618871,8.910461700383952e-08,0,0,0.007599,275,269,262,255,250,244,233,207,180,94.8727,90.1137,83.5586,77.0227,73.3152,66.7448,60.4276,46.7916,36.2719
2025-06-12T14:53:16.684621,9.77210173575533e-08,0,0,0.002679,96,95,93,88,85,83,80,72,62,33.9911,32.3011,29.9685,27.6453,26.3329,23.9799,21.7041,16.9089,13.1989
2025-06-12T14:53:17.439633,1.3484488817757888e-06,0,0,0.002756,131,125,119,114,108,103,94,77,58,36.5476,34.7367,32.2355,29.7077,28.2810,25.6781,23.2019,17.8750,13.9248
2025-06-13T00:18:40.163558,1.796301351402747e-10,0,0,0.000919,24,23,21,20,20,18,18,16,15,4.4219,4.1142,3.6807,3.2184,2.8898,2.4423,2.1188,1.5456,1.2871
2025-06-13T17:31:11.336966,1.3048308993022223e-11,0,0,0.001188,22,22,21,20,19,16,15,13,11,4.5264,4.1952,3.7152,3.2352,2.8938,2.3712,1.9950,1.3158,1.0158
2025-06-14T17:37:19.830247,4.706990735727653e-09,0,0,0.001186,22,21,20,19,19,18,17,15,13,5.4455,4.8992,4.1780,3.5562,3.1495,2.5302,2.1115,1.3675,1.0722
2025-06-17T01:35:29.569682,2.146468328432969e-07,0,0,0.001354,26,25,25,25,24,24,22,15,10,6.7023,6.2934,5.7039,5.0666,4.6228,3.9492,3.4849,2.5918,2.1746
2025-06-18T11:12:11.197239,7.548333618618795e-16,0,0,0.000473,21,21,21,21,21,20,20,18,18,1.8717,1.7252,1.5090,1.2895,1.1533,0.9570,0.7964,0.5439,0.4223
2025-06-19T09:25:20.835009,8.758327990488517e-06,0,0,0.000276,14,14,14,14,14,14,13,13,12,1.3348,1.2264,1.0816,0.9281,0.8435,0.7152,0.6139,0.4306,0.3474
2025-06-21T09:13:47.037147,6.312398126761243e-09,0,0,0.003410,115,105,87,71,62,47,29,12,3,19.9193,17.8423,15.1952,12.8272,11.4356,9.4671,7.9739,5.4078,4.3538
2025-06-21T09:13:47.041063,5.3564328060997297e-79,0,0,0.022386,1524,1293,973,698,559,349,194,64,36,119.3582,107.6677,92.8115,79.4364,71.3413,59.9787,51.1939,35.2975,28.5591
2025-06-21T19:29:59.566152,5.6464167143954856e-08,0,0,0.001213,25,25,24,23,23,23,22,19,18,6.7181,6.2317,5.5976,4.9329,4.4906,3.8737,3.4350,2.6625,2.2980
2025-06-22T16:48:25.802563,4.7154310853665855e-06,0,0,0.001382,26,26,25,23,22,21,17,12,8,8.3234,7.5354,6.4277,5.4693,4.8509,3.9966,3.4103,2.4653,1.9788
2025-06-24T15:37:25.306405,2.1333814309412495e-11,0,0,0.000715,25,25,24,23,23,21,21,21,19,4.1693,3.7909,3.2947,2.8325,2.5393,2.1045,1.8153,1.3198,1.0790
2025-06-24T18:39:20.376947,2.011604406982307e-28,0,0,0.001352,49,48,47,45,43,39,39,35,31,7.6819,7.1827,6.4740,5.7201,5.1875,4.4958,4.0335,3.1404,2.7211
2025-06-27T10:02:10.124161,8.958629836551556e-10,0,0,0.001218,24,24,23,22,22,22,21,18,15,5.6127,5.0665,4.3640,3.6799,3.2579,2.6434,2.2207,1.4985,1.1965
2025-06-28T01:39:08.258424,3.282589257205136e-12,0,0,0.001610,34,34,32,29,29,27,24,19,17,8.5038,7.9842,7.1702,6.2953,5.7001,4.7560,4.0080,2.6419,2.0109
2025-06-29T15:19:30.145070,3.3712692439791596e-17,0,0,0.001733,42,40,38,34,32,29,29,24,21,10.4908,9.2768,7.8554,6.6554,5.9482,4.9399,4.3089,3.2131,2.7089
2025-06-30T15:14:00.520478,3.5394463723648587e-25,0,0,0.001623,44,44,42,42,41,41,40,37,34,8.4790,7.9650,7.2732,6.4822,5.9453,5.1764,4.6420,3.6460,3.1501
2025-07-01T06:01:58.912930,1.7658085129672191e-06,0,0,0.000073,12,12,12,12,12,12,12,12,12,0.3529,0.3220,0.2832,0.2445,0.2183,0.1829,0.1545,0.1062,0.0863
2025-07-01T18:34:47.461073,6.778196981424449e-11,0,0,0.000896,22,22,22,21,20,20,18,16,12,4.6609,4.4523,4.1455,3.7527,3.4310,3.0477,2.7630,2.2078,1.9214
2025-07-02T04:05:08.152970,9.092243775519733e-19,0,0,0.001739,41,39,35,34,33,30,29,21,18,5.9152,5.5920,5.0888,4.5012,4.0814,3.4411,2.9923,2.0886,1.6986
2025-07-02T07:59:01.277781,6.5236837039089305e-06,0,0,0.000924,24,24,24,23,23,23,22,20,17,4.8203,4.3835,3.7838,3.2289,2.8761,2.3642,1.9670,1.2936,0.9996
2025-07-02T15:28:11.732212,3.034966981490887e-17,0,0,0.001311,38,37,37,37,33,30,29,22,20,8.3659,7.9461,7.3145,6.6186,6.0895,5.4546,4.9759,4.1158,3.6337
2025-07-04T08:16:27.082866,4.1395060179224105e-09,0,0,0.002822,83,82,79,74,70,63,55,40,28,17.0019,15.9486,14.4136,12.7860,11.7598,10.0238,8.4803,5.5799,4.1119
2025-07-04T08:16:27.300283,1.0553451202018756e-09,0,0,0.002253,70,69,67,64,60,58,54,38,29,13.6022,12.7476,11.5324,10.2477,9.4250,8.0277,6.7863,4.4502,3.2862
2025-07-04T08:16:27.324164,4.087261554397258e-18,0,0,0.009722,359,354,346,334,325,311,288,213,154,57.4532,53.8148,48.6101,43.1550,39.6197,33.6932,28.4050,18.6584,13.9104
2025-07-05T09:56:54.114609,3.931529450869198e-07,0,0,0.001231,21,21,21,20,20,17,17,15,13,4.6698,4.5181,4.2607,3.9001,3.5923,3.1521,2.8214,2.1338,1.8161
2025-07-07T12:10:09.867565,6.633866245778236e-11,0,0,0.001330,31,30,29,27,27,26,24,22,18,7.4850,6.9309,6.1920,5.3752,4.8573,4.1560,3.6710,2.8078,2.3833
2025-07-08T06:14:50.451339,2.448508099719675e-19,0,0,0.001576,35,33,33,31,30,27,26,23,19,8.2127,7.6198,6.7163,5.8201,5.2311,4.3006,3.5938,2.2820,1.7018
2025-07-09T03:09:08.258646,2.1875421013984207e-19,0,0,0.001775,32,32,32,31,30,29,27,20,16,6.3746,6.0797,5.6315,5.0945,4.7243,4.0986,3.5822,2.5549,2.1004
2025-07-09T04:52:44.190526,2.5031935228014737e-07,0,0,0.000588,21,21,21,21,21,20,19,14,10,2.2353,2.0916,1.8953,1.6820,1.5392,1.3013,1.1024,0.7585,0.6076
2025-07-09T18:48:52.500844,2.507005366417948e-17,0,0,0.000853,22,22,22,21,21,18,18,15,13,3.1738,3.0277,2.8188,2.5284,2.3130,1.9826,1.7194,1.2558,1.0382
2025-07-10T03:35:08.376525,1.3325216501089568e-19,0,0,0.000945,31,31,29,29,27,26,26,23,22,4.4464,3.9920,3.4250,2.9076,2.5649,2.0795,1.7688,1.1484,0.8944
2025-07-11T03:47:10.410953,2.1233862567302965e-17,0,0,0.001448,33,32,31,29,28,26,24,17,14,6.3338,5.7641,5.0131,4.2803,3.7940,3.1073,2.6100,1.7281,1.3822
2025-07-11T19:22:57.836946,2.81674799345179e-09,0,0,0.001539,28,26,25,22,22,19,17,13,10,6.2391,5.8956,5.3647,4.7297,4.3208,3.6275,3.1207,2.2735,1.8686
2025-07-12T05:05:15.681146,4.233059683422755e-10,0,0,0.001804,22,22,21,20,20,19,19,16,13,6.0598,5.7810,5.3682,4.8599,4.4581,3.8075,3.3237,2.3926,1.9698
2025-07-12T06:44:10.547430,5.158293098800324e-19,0,0,0.001951,36,36,36,33,33,33,33,27,24,7.3300,7.0570,6.6195,6.0815,5.6125,4.9129,4.3720,3.3433,2.8368
2025-07-13T08:39:47.149887,3.7191159494274675e-19,0,0,0.001203,42,42,40,39,39,38,34,31,24,5.7434,5.4512,5.0228,4.4876,4.1285,3.6133,3.2159,2.5141,2.1940
2025-07-13T12:12:13.321955,5.980972190593353e-07,0,0,0.001212,29,28,28,26,23,23,20,14,10,5.9131,5.5477,5.0463,4.4997,4.0939,3.5876,3.2057,2.4956,2.1412
2025-07-20T18:52:01.808633,6.093919034622181e-16,0,0,0.001669,32,30,29,27,26,25,24,22,22,7.4944,6.8336,5.9064,5.0061,4.4009,3.5057,2.9258,1.8957,1.4878
2025-07-20T20:16:08.353540,2.565705070435699e-13,0,0,0.000741,26,26,26,26,26,24,20,20,18,3.3907,3.1373,2.8023,2.4565,2.2399,1.9101,1.6246,1.1519,0.9191
2025-07-22T12:13:29.192595,8.06182021293365e-13,0,0,0.001572,27,26,25,23,22,21,20,18,14,7.2551,6.7390,5.9895,5.2313,4.6962,3.9197,3.3592,2.3239,1.8594
2025-07-22T20:49:59.512102,4.731141734474012e-34,0,0,0.001324,42,42,42,41,41,40,37,30,25,6.0957,5.8169,5.3415,4.8420,4.4802,3.9192,3.3327,2.2267,1.6804
2025-07-22T20:51:18.887800,2.2136335639302902e-10,0,0,0.001247,27,26,25,25,24,23,22,20,18,4.2076,4.0137,3.7183,3.3807,3.1389,2.7446,2.3982,1.6992,1.3843
2025-07-24T16:03:49.349416,4.224556513637067e-12,0,0,0.001199,28,26,26,26,26,23,22,17,16,6.3929,5.8103,5.0292,4.2268,3.7242,2.9763,2.4683,1.5484,1.1494
2025-07-24T23:04:31.544108,1.949270340142963e-33,0,0,0.001430,42,42,42,40,39,36,30,24,23,5.9585,5.6624,5.2059,4.6570,4.2634,3.6184,3.1027,2.0418,1.5694
2025-07-25T16:40:37.075609,2.262326396430107e-06,0,0,0.001864,29,29,29,28,28,25,24,20,18,6.2605,5.9686,5.5318,4.9914,4.5979,3.9323,3.4249,2.4242,1.9327
2025-07-26T15:14:03.306676,4.801007807752327e-20,0,0,0.001878,37,37,36,35,33,31,30,25,20,6.8254,6.4384,5.9063,5.2556,4.7823,4.0880,3.4971,2.4519,2.0080
2025-07-29T17:43:28.791176,7.128655214420502e-12,0,0,0.000969,25,25,25,24,23,23,23,23,18,3.1210,2.9977,2.8014,2.5293,2.3340,2.0282,1.7399,1.2363,1.0116
2025-08-01T11:38:47.047194,6.1222898820600564e-33,0,0,0.001950,50,49,48,46,44,43,40,36,35,9.1021,8.4462,7.5864,6.7246,6.1465,5.2818,4.5638,3.2343,2.5961
2025-08-01T16:09:19.260403,5.482497182409802e-12,0,0,0.000922,24,24,23,22,21,19,18,13,13,4.5696,4.0709,3.4413,2.8559,2.4913,1.9814,1.6438,1.0403,0.8019
2025-08-03T08:44:37.914429,3.7395748148816144e-06,0,0,0.000595,18,17,17,16,16,16,15,13,12,3.2898,3.0031,2.5737,2.2044,1.9709,1.6094,1.3294,0.8582,0.6659
2025-08-03T16:40:24.509267,5.394594568132116e-39,0,0,0.001819,49,47,46,45,45,44,43,40,37,8.2664,7.5388,6.4621,5.4644,4.7855,3.8530,3.2007,2.1102,1.6748
2025-08-05T09:17:35.951914,9.057674306830176e-12,0,0,0.001522,27,27,26,25,24,23,21,17,16,8.0989,7.4109,6.5316,5.6145,5.0987,4.2639,3.5944,2.4775,1.9617
2025-08-06T14:50:37.114856,1.0735933737968131e-09,0,0,0.000763,20,20,18,18,18,16,16,15,9,2.9919,2.7838,2.4589,2.1406,1.9310,1.5927,1.3510,0.9037,0.7225
2025-08-07T04:46:43.252260,4.4597510984260883e-08,0,0,0.000218,15,15,15,15,15,15,15,13,13,1.0281,0.9411,0.8186,0.7026,0.6206,0.5158,0.4392,0.3032,0.2493
2025-08-08T15:25:30.420756,4.382877057506674e-16,0,0,0.001709,34,33,33,32,32,31,29,24,19,7.9744,7.5618,6.9015,6.1584,5.6785,4.8283,4.0316,2.5548,1.8652
2025-08-09T09:57:29.044152,1.1619236617010525e-61,0,0,0.001717,62,62,62,60,59,57,54,46,40,5.8975,5.5897,5.0998,4.5682,4.1624,3.5389,3.0333,2.1141,1.6996
2025-08-10T13:40:56.173774,1.6875670707356082e-10,0,0,0.001066,24,23,23,23,22,21,21,17,16,4.8173,4.4173,3.8020,3.2135,2.8324,2.2902,1.9047,1.2183,0.9604
2025-08-17T04:11:46.384629,2.7002919284252283e-25,0,0,0.001510,37,36,36,33,33,29,28,24,23,6.6408,6.1901,5.5564,4.8982,4.4857,3.8298,3.3234,2.4525,2.0430
2025-08-18T09:38:44.812093,5.0936065799958374e-11,0,0,0.001256,21,21,21,19,19,17,17,15,14,6.3929,5.7883,4.9929,4.2469,3.7661,3.0613,2.5710,1.6645,1.3023
2025-08-23T19:58:30.858103,2.9774692691990463e-24,0,0,0.001756,45,45,42,40,40,38,36,28,25,7.3141,6.8884,6.3012,5.6166,5.1111,4.4007,3.8144,2.7804,2.3369
2025-08-24T20:14:25.081323,2.796296595161483e-37,0,0,0.001886,45,44,44,42,40,36,30,22,20,6.7858,6.5058,6.1143,5.5332,5.0722,4.3940,3.8730,2.8042,2.3232
2025-08-24T21:52:40.034277,1.5848868513366038e-19,0,0,0.001534,33,32,30,30,29,28,25,23,21,5.6326,5.3994,5.0213,4.5742,4.2264,3.6670,3.1990,2.3414,1.9423
2025-08-25T20:25:49.454948,7.220286579345724e-17,0,0,0.001078,27,27,27,27,27,24,24,17,9,3.9195,3.7442,3.4807,3.1567,2.8888,2.5039,2.2241,1.6214,1.3410
2025-08-25T20:26:53.798983,2.570695073149215e-10,0,0,0.001829,26,26,26,25,23,22,22,20,16,6.5124,6.2455,5.8353,5.3116,4.8783,4.2243,3.7042,2.6623,2.2244
2025-08-25T20:29:00.339326,4.3570520410745614e-24,0,0,0.000798,30,30,29,29,29,28,28,27,21,2.8655,2.7454,2.5749,2.3379,2.1360,1.8668,1.6419,1.1994,1.0019
2025-08-26T19:50:01.720037,2.2562786664529493e-07,0,0,0.000949,19,19,19,18,17,17,17,14,9,4.6694,4.2538,3.6926,3.1534,2.7867,2.2594,1.9311,1.3234,1.0612
2025-08-26T22:53:04.124957,1.8741256476970069e-35,0,0,0.001736,47,46,45,45,45,42,42,32,26,8.2725,7.5781,6.5680,5.5694,4.9398,4.0183,3.3941,2.3060,1.8781
2025-08-27T03:38:34.454557,8.98806151102234e-32,0,0,0.001410,43,43,43,40,38,37,36,36,32,6.1364,5.6600,4.9778,4.2642,3.8661,3.2565,2.7787,1.9633,1.5952
2025-08-27T22:37:55.291612,9.559706924856304e-37,0,0,0.001597,50,50,49,48,47,44,39,35,30,7.1856,6.8227,6.2799,5.6266,5.1878,4.4925,3.7908,2.5963,2.0164
2025-08-28T05:35:54.661671,6.626026885441345e-11,0,0,0.001165,22,22,22,22,22,22,22,20,13,6.2988,5.7516,5.0267,4.2630,3.7781,3.1015,2.5778,1.6552,1.2568
2025-08-28T05:36:03.843172,7.594063763686803e-22,0,0,0.001146,35,35,34,31,30,29,29,23,20,5.9318,5.4167,4.7112,4.0242,3.5918,2.9193,2.4175,1.5835,1.1894
2025-08-28T21:22:31.890236,4.2111315926262847e-16,0,0,0.001460,26,25,25,25,24,23,22,18,13,5.4358,5.2064,4.8577,4.3924,4.0753,3.5511,3.0821,2.2342,1.8367
2025-08-28T23:05:17.582170,4.7966436849726937e-17,0,0,0.001830,36,35,34,33,30,28,26,22,16,7.3153,6.9170,6.3689,5.6785,5.2450,4.5990,3.9594,2.8790,2.3346
2025-08-29T02:34:48.652544,2.129754106372257e-13,0,0,0.001757,34,32,31,29,29,26,21,18,16,7.5960,6.9837,6.0892,5.2471,4.7244,3.9018,3.2505,2.2096,1.7721
2025-08-29T04:17:40.100539,2.8991480346393663e-35,0,0,0.001901,56,54,53,53,50,49,49,41,36,8.7665,7.9841,6.9241,5.8709,5.1845,4.2071,3.5149,2.3330,1.8664
2025-08-29T13:52:47.926267,1.1882223218319737e-23,0,0,0.001816,46,46,43,42,42,40,35,33,31,9.7699,9.1746,8.2400,7.2357,6.5515,5.6444,4.9932,3.8806,3.3422
2025-08-29T19:53:13.896480,3.91611267125246e-13,0,0,0.001080,21,21,21,21,21,21,19,15,14,3.9596,3.8014,3.5663,3.2472,3.0012,2.6341,2.3390,1.6757,1.3948
2025-08-29T19:58:59.382560,2.666927635463639e-13,0,0,0.000970,21,21,21,20,20,20,19,16,15,3.4959,3.3372,3.0844,2.7777,2.5372,2.2026,1.9395,1.3967,1.1537
2025-08-30T02:43:28.564809,2.3096066797746737e-16,0,0,0.000714,27,26,26,26,25,23,21,20,15,3.1863,2.9628,2.6328,2.2942,2.0915,1.7619,1.5001,1.0331,0.8301
2025-08-30T04:28:31.101593,6.60801965042325e-08,0,0,0.001200,28,28,27,24,24,24,22,16,15,6.2643,5.7183,4.9946,4.2558,3.8146,3.1031,2.5685,1.6758,1.2764
2025-08-30T20:14:57.750378,2.689828933879006e-10,0,0,0.000843,22,22,22,22,21,19,16,14,10,3.1059,2.9777,2.7742,2.5068,2.3212,2.0453,1.8103,1.3232,1.0899
2025-08-31T05:46:43.758386,6.0858353204941e-20,0,0,0.001177,31,31,31,31,30,28,27,22,19,4.5684,4.3294,4.0286,3.6369,3.3402,2.8855,2.5413,1.8523,1.5604
2025-08-31T10:31:17.512852,9.654939973402105e-08,0,0,0.001697,38,38,37,35,34,34,29,24,22,9.5529,9.1852,8.7207,7.9836,7.3828,6.6175,6.0749,5.0199,4.4645
2025-08-31T22:12:09.167890,4.169102804270846e-09,0,0,0.001863,30,29,29,26,24,22,20,18,13,9.2172,8.3506,7.2328,6.2392,5.6144,4.7130,3.9641,2.8020,2.2826
2025-09-01T07:49:19.398533,3.248551490293637e-11,0,0,0.000969,28,27,27,26,25,23,21,15,11,4.0849,3.9327,3.7027,3.3788,3.1321,2.7651,2.4876,1.9375,1.6434
2025-09-04T02:25:08.468286,6.101719950025866e-42,0,0,0.001420,51,51,50,50,48,41,39,32,26,6.4468,5.9347,5.2247,4.4989,4.0657,3.3320,2.7755,1.8460,1.4315
2025-09-04T12:16:39.670270,4.882119654901468e-41,0,0,0.001663,47,45,44,42,42,40,40,37,31,8.5223,7.8580,6.8896,5.9363,5.2887,4.4111,3.7938,2.7590,2.3517
2025-09-04T14:42:16.504176,3.2384154535676726e-20,0,0,0.001552,29,29,29,29,29,29,26,23,21,5.6890,5.4147,5.0110,4.4733,4.0579,3.4543,2.9974,2.1273,1.7636
2025-09-06T04:02:29.380415,7.650932238277921e-07,0,0,0.001470,27,27,27,26,26,23,22,18,13,6.2877,5.9737,5.5030,4.9253,4.4925,3.8830,3.4212,2.5815,2.1716
2025-09-06T04:03:12.438984,4.84530261935745e-07,0,0,0.001360,33,32,31,29,27,24,23,20,18,5.7910,5.4778,5.0780,4.5512,4.1288,3.5518,3.1376,2.3202,1.9747
2025-09-06T09:05:19.844058,2.0252873065685219e-07,0,0,0.001765,28,28,28,28,27,27,26,22,19,9.0212,8.5469,7.8543,7.0716,6.4967,5.7390,5.1970,4.0934,3.5532
2025-09-06T20:26:34.563292,1.2582072142986858e-11,0,0,0.001636,28,28,28,26,26,26,24,19,17,7.2977,6.8672,6.2549,5.5261,5.0733,4.3363,3.7364,2.6457,2.1202
2025-09-08T00:08:39.126841,8.404225400439302e-12,0,0,0.001536,33,33,33,33,33,29,29,24,19,6.2022,5.8407,5.3047,4.6810,4.2745,3.6383,3.1054,2.0783,1.5678
2025-09-08T11:32:01.928924,8.726305135108568e-28,0,0,0.001626,39,39,39,39,39,36,34,29,24,7.3505,6.7814,5.9692,5.1858,4.6307,3.8210,3.2667,2.3511,1.9191
2025-09-08T12:28:56.928799,3.818960632410115e-07,0,0,0.001277,22,22,21,20,19,18,18,17,15,5.3139,4.9224,4.3896,3.8246,3.4396,2.8998,2.4831,1.7614,1.4518
2025-09-08T13:15:24.627807,2.0770788790028803e-11,0,0,0.001343,24,24,23,22,22,22,20,18,17,6.0881,5.5522,4.7973,4.0763,3.6117,3.0196,2.5665,1.7798,1.4243
2025-09-08T16:19:15.156327,1.6533440037464463e-16,0,0,0.001564,30,30,28,26,26,25,25,23,18,5.3751,5.0695,4.6342,4.1026,3.7306,3.1682,2.7046,1.8902,1.5482
2025-09-08T21:00:25.019403,7.811994984360357e-20,0,0,0.001703,30,29,29,27,27,25,24,22,20,7.5742,6.9119,6.0844,5.2648,4.7822,4.0124,3.4026,2.3223,1.8664
2025-09-09T11:51:25.661375,3.389620974511153e-23,0,0,0.001710,38,38,37,35,35,33,32,23,14,6.8322,6.3598,5.7319,5.0669,4.5747,3.8898,3.3345,2.3500,1.9605
2025-09-09T14:24:42.242496,4.9002241212083006e-08,0,0,0.000633,19,19,19,19,19,17,16,13,9,2.6784,2.4831,2.2037,1.9182,1.7404,1.4652,1.2625,0.9015,0.7289
2025-09-09T19:34:29.718865,3.7271295022966206e-21,0,0,0.001310,32,31,30,30,30,27,24,22,20,4.9489,4.7193,4.3832,3.9571,3.6812,3.2181,2.7847,2.0192,1.6494
2025-09-09T21:14:27.987879,1.4447202183778315e-14,0,0,0.000981,21,21,21,21,21,21,20,18,17,3.6006,3.4515,3.2235,2.9282,2.7097,2.3812,2.0661,1.4735,1.1896
2025-09-10T21:34:37.948049,7.351025480974448e-44,0,0,0.001031,42,42,41,39,39,36,33,26,21,3.3382,3.1872,2.9768,2.6967,2.4785,2.1651,1.8683,1.3075,1.0555
2025-09-11T13:13:01.580870,1.4227271454469023e-11,0,0,0.001725,32,31,29,27,27,24,23,17,15,7.9063,7.2669,6.3625,5.4451,4.8544,4.0338,3.4178,2.3915,1.9184
2025-09-11T20:08:53.893211,1.641720045745289e-33,0,0,0.001093,40,40,40,40,39,37,36,30,25,3.6681,3.5240,3.2795,2.9847,2.7705,2.4205,2.1208,1.5241,1.2398
2025-09-12T15:46:04.393392,2.513926930218828e-25,0,0,0.001485,33,33,32,31,31,29,29,24,22,5.3430,4.9830,4.5127,3.9712,3.6097,2.9992,2.5860,1.7940,1.4475
2025-09-13T14:19:06.278984,1.1023311734906124e-10,0,0,0.001720,28,28,27,24,23,21,21,19,18,6.9669,6.3832,5.6396,4.8482,4.3296,3.6251,3.0474,2.0301,1.6366
2025-09-14T12:16:35.656944,3.927798127375145e-07,0,0,0.000344,18,18,17,16,15,13,12,12,12,1.6974,1.5501,1.3447,1.1424,1.0100,0.8224,0.6872,0.4545,0.3583
2025-09-14T16:56:34.887287,7.308313760688779e-08,0,0,0.000896,22,22,21,21,20,20,18,17,15,3.8629,3.5303,3.0931,2.6492,2.3292,1.8867,1.5699,1.0146,0.7960
2025-09-16T09:30:12.555944,7.223198475341348e-30,0,0,0.001743,49,49,45,43,43,43,43,40,38,8.0907,7.4454,6.5026,5.5907,4.9886,4.1268,3.4393,2.3644,1.9137
2025-09-19T07:00:54.645940,2.634815132650192e-13,0,0,0.001591,26,26,26,25,25,24,23,18,16,5.9115,5.5933,5.1666,4.6476,4.2241,3.6239,3.1683,2.2643,1.8931
2025-09-22T16:23:51.137449,5.937030370693201e-06,0,0,0.000671,18,18,18,18,17,16,16,13,10,2.6187,2.4377,2.1836,1.8989,1.7257,1.4237,1.2119,0.8313,0.6666
2025-09-22T16:23:55.673519,4.76836145847042e-37,0,0,0.001406,44,43,40,39,39,38,36,33,32,5.4799,5.0957,4.5426,3.9660,3.6038,2.9910,2.5507,1.7099,1.3528
2025-09-24T01:43:27.941928,1.456324709111685e-09,0,0,0.001494,32,31,31,31,29,29,28,26,22,8.8485,8.1981,7.3002,6.3759,5.7571,4.9513,4.4035,3.4452,2.9729
2025-09-29T22:59:28.803714,8.196994913098901e-06,0,0,0.001061,24,24,23,20,18,18,16,14,11,5.2119,4.8496,4.3566,3.8245,3.4671,2.9167,2.5749,1.8964,1.5974
2025-09-30T02:10:02.378781,7.65115564507406e-10,0,0,0.001584,30,29,28,26,25,22,21,18,14,7.0648,6.5056,5.7144,4.9288,4.4072,3.5840,3.0536,2.0664,1.6736
2025-10-01T13:09:45.161208,6.813989398556827e-16,0,0,0.001856,28,27,27,26,24,24,21,18,14,8.3249,7.6885,6.6967,5.6749,5.0600,4.0617,3.4374,2.3022,1.8410
2025-10-03T23:44:39.635915,1.5729391173229613e-21,0,0,0.001735,37,37,37,35,32,31,26,23,20,8.2747,7.5930,6.6396,5.7046,5.1061,4.1650,3.5726,2.5000,2.0452
2025-10-04T00:51:36.703422,5.284275553253845e-25,0,0,0.001820,36,36,35,33,32,32,30,27,23,7.7937,7.2725,6.4701,5.6805,5.0867,4.2668,3.6813,2.5526,2.1279
2025-10-04T18:57:11.936612,7.412993611149554e-12,0,0,0.001244,31,30,29,29,27,27,26,23,19,7.1895,6.7327,6.0510,5.3354,4.8347,4.1567,3.6836,2.8549,2.4384
2025-10-05T09:47:43.869929,4.905146996193088e-06,0,0,0.000962,25,25,25,25,25,25,25,19,16,4.3395,3.9683,3.4232,2.9136,2.5686,2.0706,1.7296,1.1621,0.8964
2025-10-06T07:38:02.064624,5.479546446538739e-40,0,0,0.001152,41,41,41,41,41,40,38,36,34,4.1401,3.8789,3.4751,3.0469,2.7554,2.2807,1.9485,1.3300,1.0473
2025-10-07T14:40:17.679054,1.2349518032415156e-30,0,0,0.001376,44,44,43,40,40,39,37,35,33,7.3733,6.8986,6.2774,5.5616,5.0772,4.3698,3.8937,3.0105,2.5650
2025-10-07T19:20:58.766686,1.486022352500286e-64,0,0,0.000515,66,66,64,63,62,62,60,54,50,2.4548,2.3575,2.2006,2.0027,1.8360,1.6295,1.4758,1.1816,1.0274
2025-10-08T08:53:39.119946,1.6689670940976086e-06,0,0,0.001118,22,20,20,19,19,18,17,16,16,5.2834,4.7973,4.1259,3.4602,3.0514,2.4579,2.0644,1.3506,1.0565
2025-10-08T20:05:00.883251,1.137094534355663e-21,0,0,0.001680,30,28,28,27,27,21,21,20,18,8.0174,7.4353,6.5809,5.7188,5.1317,4.2756,3.7096,2.6507,2.2383
2025-10-10T05:23:10.476005,9.1125830336401e-11,0,0,0.001655,27,26,25,23,22,21,20,17,14,7.7553,7.0089,6.0033,5.0621,4.4661,3.5550,2.9540,1.9158,1.4845
2025-10-10T12:13:13.370755,1.0589086924406262e-26,0,0,0.001566,45,44,42,41,41,39,35,33,31,8.7367,8.0383,7.0259,6.0546,5.4535,4.5621,3.9950,2.9723,2.5112
2025-10-10T19:09:39.334352,6.318105166933268e-06,0,0,0.001393,28,27,24,23,21,21,20,18,16,6.2233,5.8265,5.2440,4.5925,4.1529,3.4683,3.0026,2.1077,1.7454
2025-10-11T19:19:21.235836,4.827085164320403e-35,0,0,0.001730,50,49,49,47,47,44,43,41,38,8.5432,7.8250,6.8203,5.8548,5.1855,4.2664,3.6303,2.5111,2.0725
2025-10-12T17:52:39.582018,1.483203635318447e-06,0,0,0.000925,20,20,20,19,19,18,18,17,15,4.6381,4.3031,3.8019,3.2842,2.9367,2.4377,2.1242,1.5263,1.2586
2025-10-13T03:26:44.479301,4.175474175440382e-06,0,0,0.000257,16,16,16,16,16,16,13,10,6,1.0928,1.0072,0.8907,0.7713,0.6929,0.5730,0.4918,0.3328,0.2708
2025-10-13T04:22:45.717878,1.6186463669359752e-10,0,0,0.001084,25,24,23,21,21,18,18,15,15,5.0139,4.5332,3.8981,3.3255,2.9521,2.3887,2.0098,1.3430,1.0523
2025-10-13T06:08:43.457387,2.6123960779709137e-18,0,0,0.001473,31,31,30,29,28,24,23,17,15,5.7150,5.2999,4.7159,4.1200,3.6959,3.0502,2.5986,1.7483,1.3793
2025-10-13T18:13:22.440580,1.0042503390233174e-11,0,0,0.001045,23,23,22,21,21,21,21,19,19,5.1088,4.6988,4.1573,3.5931,3.2162,2.6067,2.2203,1.5939,1.3047
2025-10-13T19:00:55.089649,1.9375243661954065e-12,0,0,0.001406,32,32,32,31,30,26,25,20,15,6.8192,6.3661,5.7781,5.1582,4.7386,4.1215,3.6272,2.6799,2.1900
2025-10-14T04:38:25.448746,6.5525517217788026e-12,0,0,0.000600,24,24,23,23,23,23,21,21,19,2.4987,2.2954,2.0036,1.7202,1.5412,1.2397,1.0433,0.6994,0.5424
2025-10-14T06:17:16.986546,1.499925565349081e-17,0,0,0.001270,37,37,35,33,32,30,29,23,19,5.1916,4.8048,4.2763,3.7317,3.3642,2.7722,2.3527,1.5631,1.2661
2025-10-14T16:52:58.071138,6.922283931930316e-13,0,0,0.001398,27,27,27,26,26,24,23,22,21,6.9157,6.3897,5.6921,4.9578,4.4340,3.6601,3.1956,2.3201,1.9162
2025-10-16T14:59:19.882552,1.6241949074875722e-08,0,0,0.002355,76,75,74,72,71,66,66,46,40,16.9035,15.8759,14.4605,13.0582,12.1008,10.5106,9.4711,7.3528,6.0801
2025-10-17T14:25:57.599587,5.948533950138011e-19,0,0,0.001389,32,32,32,32,32,29,28,26,20,7.2426,6.7277,5.9735,5.2397,4.7157,3.9580,3.4859,2.6202,2.2203
2025-10-17T20:13:37.783022,2.5849919056791065e-06,0,0,0.000985,23,23,23,20,16,14,13,9,8,4.8271,4.4316,3.8710,3.3322,2.9760,2.4541,2.1074,1.4626,1.1701
2025-10-18T02:20:33.401389,9.307687102221415e-12,0,0,0.001706,26,25,24,23,23,21,20,17,13,5.7444,5.4282,4.9621,4.4477,4.0522,3.4353,2.9519,1.9766,1.5725
2025-10-18T12:10:33.038370,5.76433804152007e-13,0,0,0.001767,34,34,32,31,31,29,27,24,23,10.8009,10.4180,9.8656,9.1053,8.4583,7.6123,7.0429,5.8462,5.2046
2025-10-19T15:14:31.094083,1.507521120276981e-09,0,0,0.001170,27,27,27,23,22,20,18,15,12,5.9574,5.6023,5.0622,4.4814,4.0482,3.3847,2.9444,2.0882,1.7130
2025-10-22T15:23:20.874822,9.30680415411774e-06,0,0,0.000201,16,15,14,14,14,14,14,14,12,1.0002,0.9168,0.7972,0.6761,0.5964,0.4779,0.4108,0.2887,0.2320
2025-10-28T20:52:09.013779,5.453190244640934e-10,0,0,0.001586,27,27,27,26,26,23,19,14,12,5.3452,5.0592,4.6067,4.1285,3.7608,3.1080,2.6514,1.7366,1.4250
2025-10-29T20:12:56.222420,1.4443168559217431e-18,0,0,0.001645,34,33,32,31,29,28,24,19,16,7.4840,6.8144,5.9454,5.1046,4.5130,3.6564,3.0674,2.0197,1.6035
2025-10-30T19:46:29.629235,8.58452193542758e-33,0,0,0.001659,37,36,36,35,34,31,29,25,22,5.5930,5.2997,4.8305,4.2909,3.8828,3.2393,2.7709,1.8660,1.5325
2025-10-31T07:46:04.571096,2.3319747402272005e-15,0,0,0.001392,36,36,36,36,32,27,24,21,18,7.5618,7.0437,6.2936,5.5434,5.0084,4.2259,3.7254,2.7953,2.3706
2025-10-31T20:00:45.869719,6.268758132532832e-07,0,0,0.001652,35,32,30,29,28,22,22,14,9,5.8145,5.4683,4.9135,4.3236,3.9248,3.2665,2.7734,1.8898,1.5135
2025-11-03T07:09:38.693324,2.448689131635998e-15,0,0,0.000981,32,32,31,29,29,27,26,23,20,3.5778,3.4524,3.2547,2.9798,2.7528,2.4070,2.1221,1.5756,1.3160
2025-11-04T09:43:04.220697,2.1172877608656981e-13,0,0,0.001659,28,28,28,28,26,24,23,21,19,6.4499,6.0653,5.4922,4.8822,4.4524,3.7495,3.2484,2.3075,1.8768
2025-11-05T17:52:41.905067,1.3871639318815838e-10,0,0,0.000780,19,19,19,19,19,18,18,17,14,3.6922,3.3601,2.8736,2.4244,2.1365,1.7035,1.4198,0.9061,0.7028
2025-11-06T03:43:43.828503,7.754570927543855e-07,0,0,0.001375,27,27,26,24,24,21,20,19,18,7.5574,7.2213,6.6908,6.0644,5.5832,4.9124,4.4582,3.5964,3.1610
2025-11-08T07:21:51.535740,1.2329525599232352e-11,0,0,0.001570,38,37,35,35,35,32,28,18,11,10.8044,9.9773,8.6516,7.3496,6.5012,5.1984,4.2453,2.5913,1.8761
2025-11-10T03:50:53.137979,2.0082523278870533e-19,0,0,0.001678,37,37,37,37,37,33,32,23,20,6.7137,6.4272,6.0009,5.4086,4.9272,4.2458,3.7865,2.8111,2.3560
2025-11-10T15:57:08.560290,9.367073332002672e-30,0,0,0.001552,37,36,36,36,35,33,31,27,25,6.5364,6.0002,5.2140,4.4467,3.9278,3.1079,2.6015,1.7009,1.3168
2025-11-17T00:25:39.806321,6.2630884866814776e-15,0,0,0.001789,26,24,23,23,23,23,22,19,16,6.9357,6.6456,6.2282,5.7068,5.2144,4.5304,4.0443,2.9935,2.5218
2025-11-19T09:51:16.629491,1.2553144112542313e-08,0,0,0.001204,29,28,28,27,25,23,22,18,17,5.0192,4.6324,4.0286,3.4582,3.1037,2.5394,2.1417,1.4156,1.0848
2025-11-20T12:30:38.473688,1.642696971156681e-31,0,0,0.001244,41,41,41,39,39,39,34,28,26,4.4765,4.2504,3.8841,3.4895,3.1741,2.6922,2.3454,1.5770,1.2428
2025-11-23T09:55:46.867856,3.296755862855579e-11,0,0,0.001389,24,23,22,22,22,21,20,15,12,4.7183,4.4777,4.1136,3.6808,3.3504,2.8270,2.4265,1.6513,1.3013
2025-11-23T15:36:12.878623,2.7409829535231377e-10,0,0,0.001165,31,31,30,29,29,27,25,21,18,7.0293,6.6345,6.0384,5.3830,4.9500,4.3175,3.8885,3.1178,2.7036
2025-11-23T22:55:08.264451,1.8531004592122999e-10,0,0,0.001790,28,27,27,25,25,24,21,15,13,6.5346,6.2109,5.6793,5.1034,4.6650,3.9526,3.4834,2.4934,2.0495
2025-11-25T05:13:01.980792,1.1216852240995685e-15,0,0,0.001336,32,31,31,31,29,27,26,25,23,6.8040,6.2481,5.4816,4.7286,4.2603,3.5329,2.9682,2.0262,1.6133
2025-11-26T06:37:20.943543,5.4264471929837534e-14,0,0,0.001651,26,25,24,24,24,23,21,18,17,7.1287,6.4983,5.6544,4.8406,4.2894,3.4397,2.8693,1.9196,1.5268
2025-11-26T06:37:48.365588,2.734695113093034e-12,0,0,0.001524,24,23,22,18,18,18,18,15,13,6.6901,6.1521,5.3562,4.5835,4.0632,3.2712,2.7578,1.7810,1.3908
2025-11-26T12:58:12.988887,1.0848449650831768e-14,0,0,0.001715,40,40,39,37,37,37,36,28,25,12.1800,11.6560,10.8946,9.9557,9.2809,8.2294,7.3797,5.7236,4.7916
2025-11-29T09:07:14.102719,4.588500001681491e-09,0,0,0.000956,26,26,24,23,23,23,22,19,18,4.3121,3.9790,3.4923,2.9810,2.6584,2.1940,1.8685,1.2780,1.0135
2025-11-30T04:15:52.401665,7.565723768452911e-18,0,0,0.000719,22,22,21,20,20,20,19,19,18,2.9436,2.7243,2.3775,2.0445,1.8266,1.5070,1.2713,0.8327,0.6587
2025-12-01T02:13:23.579024,9.941703993495231e-29,0,0,0.001177,39,39,38,35,35,34,31,27,24,4.5915,4.2765,3.8045,3.2915,2.9639,2.4598,2.0836,1.3839,1.1194
2025-12-01T06:14:26.437524,8.613413891047394e-16,0,0,0.000993,25,25,25,25,25,24,22,18,14,3.8482,3.5618,3.1445,2.7087,2.4314,2.0066,1.7062,1.1214,0.8757
2025-12-04T13:26:29.544318,7.209137403405464e-10,0,0,0.001366,34,31,30,30,29,28,28,24,19,8.5600,8.0185,7.2465,6.4124,5.8929,5.0651,4.5815,3.6633,3.2100
2025-12-05T00:04:37.215425,1.9071355994407712e-20,0,0,0.001242,30,30,30,30,29,28,26,20,19,5.3455,4.9353,4.3413,3.7335,3.3584,2.7932,2.3573,1.6321,1.3104
2025-12-05T14:28:46.159413,1.8750773284084284e-09,0,0,0.000275,19,19,19,19,19,19,19,18,18,1.5241,1.4122,1.2467,1.0813,0.9706,0.8055,0.7056,0.5274,0.4443
2025-12-06T13:04:30.057024,2.4935467536387208e-17,0,0,0.000777,29,29,29,28,28,26,26,26,20,4.0083,3.7473,3.3678,2.9463,2.6630,2.2447,1.9778,1.5069,1.2954
2025-12-06T14:09:44.965847,5.423947445357623e-07,0,0,0.001230,24,23,22,21,21,19,18,16,12,6.5681,6.1332,5.4685,4.7777,4.3472,3.7018,3.2757,2.4805,2.1103
2025-12-06T17:06:56.797176,1.4006063048157213e-08,0,0,0.001028,21,21,21,21,21,21,21,20,19,4.8119,4.4547,3.9318,3.3950,3.0290,2.4615,2.0872,1.4501,1.1760
2025-12-06T17:35:43.111438,2.258445920697847e-15,0,0,0.001738,35,35,34,34,33,31,28,21,18,8.0642,7.4357,6.5518,5.6714,5.0323,4.0940,3.4927,2.3946,1.9250
2025-12-06T17:36:44.165162,4.886072780751384e-70,0,0,0.000959,69,68,67,66,66,62,60,59,58,4.4101,4.0430,3.5499,3.0854,2.7730,2.2639,1.9350,1.3247,1.0685
2025-12-08T13:31:15.043655,4.269048050511313e-26,0,0,0.001680,40,40,40,39,36,36,35,32,27,9.0882,8.3992,7.4311,6.4248,5.7451,4.7982,4.1950,3.0172,2.5302
2025-12-09T03:17:04.622873,9.675253697575626e-07,0,0,0.000668,15,15,15,15,13,13,12,10,9,2.4739,2.3380,2.1048,1.8694,1.7010,1.4173,1.2284,0.8330,0.6690
2025-12-09T13:43:39.296948,9.246122478679367e-10,0,0,0.000565,24,23,23,22,22,22,22,22,19,3.0082,2.7830,2.4240,2.1022,1.8793,1.5400,1.3246,0.9696,0.8095
2025-12-11T12:35:55.236656,9.98870443597642e-09,0,0,0.000830,25,24,22,21,21,20,20,17,13,4.4229,4.0821,3.5849,3.0865,2.7562,2.2712,1.9605,1.4173,1.1704
2025-12-12T09:32:14.924969,4.029222915565607e-12,0,0,0.001784,33,33,28,27,26,23,21,20,17,10.2047,9.4433,8.3540,7.2125,6.4989,5.3970,4.7149,3.5121,2.9868
2025-12-15T02:06:36.058551,2.6399292457746358e-15,0,0,0.001775,27,26,26,24,23,22,22,21,19,6.9331,6.5235,5.9228,5.2460,4.7906,4.0358,3.4701,2.3648,1.8772
2025-12-17T18:57:18.212415,3.209748316153643e-14,0,0,0.001456,38,36,35,35,32,30,29,21,14,10.7584,9.8987,8.4743,7.1735,6.3653,5.1483,4.2313,2.5510,1.7561
2025-12-18T00:23:12.775485,1.440071027908934e-08,0,0,0.000467,15,15,15,15,15,15,15,14,14,1.9647,1.8616,1.7079,1.5237,1.3937,1.1913,1.0446,0.7670,0.6477
2025-12-18T17:36:17.036804,4.170553710332247e-06,0,0,0.001035,19,19,17,17,17,17,16,13,13,3.9329,3.7364,3.4243,3.0626,2.7934,2.3653,2.0778,1.4380,1.1745
2025-12-18T23:06:09.742498,2.4438698959800723e-28,0,0,0.001474,41,41,37,35,34,33,33,25,21,7.2078,6.5579,5.6594,4.7973,4.2687,3.4736,2.9391,2.0018,1.6125
2025-12-21T02:41:43.883387,9.380197351324464e-07,0,0,0.001190,28,28,27,26,24,23,21,16,13,6.9483,6.6154,6.1622,5.6291,5.2030,4.6404,4.2540,3.4546,3.0399
2025-12-21T10:10:07.141713,9.285242263286352e-08,0,0,0.000755,20,20,19,19,19,18,18,17,16,3.8556,3.5357,3.0987,2.6278,2.3320,1.9103,1.6338,1.1584,0.9364
2025-12-23T07:12:16.272213,7.348272208739018e-12,0,0,0.001559,24,24,24,24,24,23,21,19,17,6.5723,6.2109,5.6747,5.0975,4.6471,3.9755,3.5125,2.5787,2.1551
2025-12-24T13:03:34.163088,4.942055779417356e-13,0,0,0.001467,26,25,23,23,22,20,19,17,17,6.7003,6.1149,5.2636,4.4323,3.8788,3.1186,2.6103,1.6841,1.3240
2025-12-25T06:11:55.571385,3.239445963337526e-11,0,0,0.001482,35,35,34,32,30,28,26,20,15,5.4370,5.2110,4.8704,4.4438,4.0935,3.5501,3.1594,2.3278,1.9827
2025-12-25T14:52:36.503355,1.2360325522313978e-46,0,0,0.002046,62,62,62,60,59,55,50,39,30,7.8316,7.2829,6.4635,5.5996,5.0561,4.1736,3.5267,2.3787,1.9055
2025-12-26T18:25:52.406935,1.7209775824319598e-07,0,0,0.001489,26,25,25,22,22,19,17,13,6,6.6914,6.1003,5.2423,4.4316,3.9150,3.1735,2.6569,1.7627,1.3852
2025-12-27T13:05:24.486266,1.4369842524121067e-09,0,0,0.001397,25,25,24,21,21,18,17,14,12,5.1821,4.8738,4.3990,3.8579,3.5206,2.9371,2.5173,1.7151,1.3652
2025-12-27T20:07:14.906433,2.5493342123773217e-08,0,0,0.001098,24,24,24,23,23,22,22,19,15,6.0100,5.6407,5.0956,4.5189,4.1402,3.6095,3.2185,2.4832,2.1361
2025-12-28T13:11:18.937816,2.2547610625809495e-07,0,0,0.001536,26,23,23,22,20,17,13,12,10,4.9292,4.7104,4.3893,3.9610,3.6057,3.0720,2.6888,1.8580,1.5135
2025-12-31T12:26:48.926307,1.2865239952914013e-22,0,0,0.001375,39,38,38,36,34,33,32,29,26,8.0265,7.5279,6.7244,5.9022,5.3640,4.4216,3.6598,2.3313,1.6591
2026-01-03T10:23:04.863712,1.841851843047511e-40,0,0,0.001645,58,56,56,54,53,52,50,40,38,6.8167,6.3614,5.7200,5.0429,4.5951,3.7868,3.2501,2.1783,1.7305
2026-01-03T10:26:24.406912,9.100043836244913e-24,0,0,0.001841,36,35,35,35,35,30,29,25,23,6.9975,6.5158,5.8641,5.1649,4.6479,3.9125,3.3648,2.3012,1.8326
2026-01-03T12:03:53.459038,5.243838905471787e-52,0,0,0.002025,57,56,56,53,51,48,44,38,36,7.8208,7.3043,6.4831,5.6312,5.1055,4.2566,3.6450,2.3717,1.9064
2026-01-06T09:32:08.921576,5.261900641953612e-24,0,0,0.001537,41,41,39,36,33,32,32,25,22,5.9616,5.5711,4.9641,4.3493,3.9216,3.2820,2.8092,1.9026,1.5207
2026-01-06T21:48:28.693116,4.9179943862828456e-27,0,0,0.001638,39,39,38,36,34,31,30,27,23,8.3852,7.8599,7.0806,6.2724,5.7040,4.8246,4.2571,3.2065,2.7532
2026-01-08T09:58:41.967907,7.496936416691786e-06,0,0,0.000131,12,12,12,12,12,12,12,12,11,0.5657,0.5215,0.4521,0.3842,0.3423,0.2782,0.2308,0.1512,0.1196
2026-01-09T08:31:56.429861,8.042009765135241e-17,0,0,0.001592,29,29,29,27,26,25,24,22,17,7.0216,6.4749,5.6797,4.8732,4.3699,3.5972,3.0650,2.0245,1.5775
2026-01-10T10:34:30.196636,1.9678075918674432e-09,0,0,0.001683,25,25,25,24,23,22,20,13,10,7.4332,6.8119,5.8939,5.0141,4.4225,3.5564,2.9265,1.8887,1.4594
2026-01-10T16:58:34.600537,3.395590394321543e-30,0,0,0.001611,49,49,46,46,46,44,43,41,40,9.1517,8.7384,8.1396,7.4391,6.9045,6.1397,5.6548,4.5384,3.9892
2026-01-12T07:37:25.823355,7.170083968043118e-11,0,0,0.001660,33,32,32,31,30,28,26,21,18,5.4270,5.1931,4.8016,4.3237,3.9665,3.3754,2.9135,2.0180,1.6265
2026-01-14T01:51:45.730983,7.897191124560157e-10,0,0,0.001306,21,20,20,20,20,19,17,12,9,5.0347,4.7352,4.2729,3.7953,3.4787,2.9451,2.5309,1.7572,1.4135
2026-01-16T23:51:16.920722,4.785043882878557e-06,0,0,0.001664,89,65,28,11,6,4,2,1,1,7.7938,7.1291,6.1458,5.2407,4.6583,3.7826,3.1935,2.1968,1.7808
2026-01-17T00:59:07.001209,6.549498693785487e-08,0,0,0.000927,20,20,20,20,18,16,14,13,13,4.0731,3.8263,3.4584,3.0712,2.7809,2.3446,2.0295,1.3783,1.0838
2026-01-17T05:30:00.887072,6.121492301269776e-26,0,0,0.001000,35,35,35,34,34,33,31,26,20,3.5808,3.3873,3.1303,2.7868,2.5641,2.1742,1.8712,1.2798,1.0172
2026-01-21T23:34:12.095044,1.926099922299081e-09,0,0,0.000496,17,17,17,16,15,15,14,13,13,2.2830,2.0700,1.7655,1.4814,1.2930,1.0415,0.8592,0.5566,0.4361
2026-01-22T06:38:54.077076,6.329002996963409e-14,0,0,0.001489,30,30,27,26,25,22,21,16,13,6.6954,6.2690,5.6388,4.9733,4.5423,3.8271,3.3173,2.3907,1.9358
2026-01-23T14:25:30.424337,1.8439523783342165e-24,0,0,0.001316,40,39,39,39,38,36,35,31,26,7.0889,6.5824,5.8228,5.0485,4.5261,3.7770,3.3198,2.4365,2.0377
2026-01-27T21:53:34.992461,2.1750009234355017e-08,0,0,0.000752,19,19,19,18,17,17,16,16,13,3.7268,3.3956,2.9391,2.4770,2.2050,1.7926,1.4929,0.9958,0.8055
2026-01-30T19:16:48.448348,1.7832348577116526e-31,0,0,0.001523,44,43,42,38,37,36,36,33,31,6.6936,6.1705,5.4398,4.6398,4.1368,3.3460,2.8422,1.9022,1.5338
2026-02-01T21:51:06.319832,2.1243353588462194e-13,0,0,0.001578,28,28,28,26,26,25,21,20,20,7.4670,6.8254,5.8602,4.9525,4.4161,3.5243,2.9170,1.9032,1.4457
2026-02-02T14:56:19.534285,1.234534865487163e-06,0,0,0.001825,35,34,33,33,31,29,24,22,21,6.7801,6.3542,5.7256,5.0500,4.5578,3.7910,3.2582,2.2333,1.8259
2026-02-03T03:08:08.675929,8.523509210589152e-15,0,0,0.001394,28,28,27,27,26,22,22,20,16,6.4123,6.1222,5.7075,5.1619,4.7627,4.1876,3.7736,2.8781,2.4690
2026-02-03T11:56:22.780990,1.7090946808389414e-10,0,0,0.001103,27,27,26,22,22,22,22,19,18,4.1211,3.9050,3.5763,3.2115,2.9441,2.5051,2.1909,1.5787,1.3024
2026-02-05T12:33:57.652590,1.1279180156715318e-06,0,0,0.000911,21,20,18,18,18,15,11,8,8,3.6642,3.4438,3.1038,2.7247,2.4717,2.0769,1.7981,1.2690,1.0357
2026-02-05T20:56:46.213356,5.081467931845431e-07,0,0,0.001481,21,21,21,21,20,19,18,16,16,7.1881,6.5194,5.6981,4.8596,4.3689,3.6210,3.1228,2.1946,1.7555
2026-02-07T09:49:01.724290,3.0083792190550376e-27,0,0,0.001138,38,36,35,32,32,30,28,25,23,5.1640,4.8364,4.3398,3.8335,3.4766,2.9271,2.5420,1.8345,1.5311
2026-02-07T20:54:53.787844,2.2721242607784423e-20,0,0,0.000608,27,27,27,26,26,25,24,24,23,2.8335,2.5752,2.2101,1.8754,1.6493,1.3183,1.1015,0.7189,0.5614
2026-02-10T08:54:52.565658,2.773370154047803e-07,0,0,0.001186,24,23,22,21,21,20,18,14,8,6.2176,5.6989,4.9729,4.2511,3.8168,3.1172,2.6380,1.8413,1.4981
2026-02-10T15:18:36.814729,2.568628930340132e-17,0,0,0.001493,27,26,26,26,26,25,22,18,15,5.7316,5.4549,5.0137,4.4799,4.0923,3.4521,2.9589,2.0269,1.5880
2026-02-10T19:10:51.472747,1.2722911549874394e-15,0,0,0.001038,27,26,26,26,25,25,25,23,21,4.8913,4.4200,3.7390,3.1303,2.7549,2.1977,1.8186,1.1832,0.9132
2026-02-11T05:51:37.417869,5.359443231485077e-08,0,0,0.000892,19,19,19,19,18,17,17,14,13,3.5619,3.4118,3.2005,2.9154,2.6892,2.3459,2.0931,1.5953,1.3556
2026-02-12T09:25:39.867852,3.5148256289775664e-14,0,0,0.001055,23,23,23,22,22,22,20,17,13,5.1184,4.6969,4.1316,3.5588,3.2124,2.6487,2.2736,1.6086,1.3038
2026-02-13T03:01:30.455864,3.8472884377331055e-08,0,0,0.000694,18,18,18,17,17,16,15,15,14,2.6862,2.5958,2.4524,2.2400,2.0648,1.7956,1.6130,1.2131,1.0259
2026-02-13T14:56:42.934718,3.123081535359593e-08,0,0,0.001641,26,26,26,26,25,25,24,18,14,6.9352,6.3716,5.5652,4.7423,4.1870,3.3972,2.8435,1.8730,1.5042
2026-02-13T19:04:44.631933,6.455766056718298e-09,0,0,0.001773,27,26,25,24,24,21,16,12,8,6.2691,5.8858,5.3593,4.7844,4.3564,3.7242,3.1896,2.1733,1.7300
2026-02-14T06:31:43.555163,5.228051501682676e-16,0,0,0.001847,41,41,39,39,39,35,30,26,20,6.3291,6.1062,5.7359,5.2182,4.8059,4.1566,3.6398,2.6324,2.1660
2026-02-15T13:04:30.969021,2.2644036085404128e-06,0,0,0.000332,13,13,13,13,12,11,11,9,9,1.4579,1.3364,1.1627,0.9869,0.8771,0.7004,0.5835,0.3766,0.2918
2026-02-16T17:20:39.015640,4.098082734941163e-15,0,0,0.000672,25,25,24,24,24,23,23,23,20,3.1485,2.8366,2.4273,2.0183,1.7879,1.4312,1.1940,0.7724,0.6027
2026-02-17T00:49:28.179386,1.4223208036735698e-25,0,0,0.001762,41,41,40,39,39,35,33,27,23,6.9705,6.6902,6.2781,5.7442,5.2895,4.5954,4.1042,3.0648,2.5673
2026-02-17T12:30:49.757954,1.8466883490042498e-07,0,0,0.000504,18,18,17,15,15,15,15,14,14,2.2971,2.1187,1.8486,1.5716,1.4130,1.1628,0.9991,0.6629,0.5257
2026-02-18T05:52:54.315891,1.965324655797391e-81,0,0,0.001645,80,80,80,78,78,74,74,58,52,6.0858,5.8183,5.4344,4.9210,4.5296,3.9697,3.4745,2.5083,2.0663
2026-02-18T11:04:52.689099,8.365061376756517e-43,0,0,0.000938,46,45,44,42,41,40,39,34,30,3.9164,3.6606,3.2806,2.9016,2.6823,2.2659,1.9395,1.3520,1.0943
2026-02-23T02:30:00.041934,1.2968119990107571e-08,0,0,0.001605,29,28,26,22,20,19,18,17,16,9.4394,8.6733,7.5142,6.3267,5.6069,4.4639,3.7474,2.5542,2.0249
2026-02-23T07:23:27.037752,9.169029098182639e-10,0,0,0.001038,28,28,27,23,22,21,19,16,11,4.0776,3.8396,3.4800,3.1078,2.8598,2.4325,2.0865,1.4537,1.1911
2026-02-25T09:06:41.545087,1.1052541315695905e-21,0,0,0.001018,35,35,35,34,34,34,31,28,26,4.0720,3.8365,3.5033,3.0828,2.8360,2.4241,2.0982,1.4499,1.1650
2026-02-25T09:36:32.823723,2.194568784638031e-06,0,0,0.000890,23,21,21,21,21,21,20,16,11,3.1897,2.9843,2.6696,2.3433,2.1104,1.7544,1.4874,1.0127,0.8001
2026-02-25T15:55:51.974792,2.458834658408674e-18,0,0,0.001482,46,46,41,40,40,36,34,30,23,13.5649,12.8606,11.7925,10.6226,9.8262,8.5695,7.4954,5.5111,4.3974
2026-02-26T22:08:22.974906,6.894340503517531e-16,0,0,0.001384,36,35,34,32,32,29,27,25,23,6.6954,6.2327,5.6253,4.9781,4.5272,3.8590,3.4047,2.5498,2.1535
2026-02-27T08:18:33.141249,1.3154212357241073e-07,0,0,0.000302,18,18,18,18,18,18,17,12,7,1.0642,1.0159,0.9375,0.8386,0.7700,0.6618,0.5769,0.4007,0.3199
2026-02-27T12:31:25.942942,5.907195251600346e-19,0,0,0.001322,30,30,29,28,28,28,25,20,17,5.3493,5.0208,4.5014,3.9506,3.5927,2.9911,2.5485,1.6718,1.2812
2026-02-28T00:39:39.566752,6.638903520519965e-60,0,0,0.001359,66,65,65,62,59,56,45,38,29,5.4650,5.1795,4.6866,4.1677,3.8094,3.2315,2.8025,1.9871,1.6254
2026-03-01T11:21:07.418906,9.22340505236931e-07,0,0,0.000503,17,16,15,15,15,13,13,13,11,2.5392,2.2943,1.9688,1.6515,1.4707,1.1739,0.9689,0.6257,0.4812
2026-03-02T23:30:01.762857,1.835719251327334e-30,0,0,0.001718,43,43,43,42,41,39,37,28,25,6.4181,6.1622,5.7284,5.2086,4.7783,4.1284,3.6399,2.6316,2.1935
2026-03-03T05:24:43.971221,1.664768656395012e-11,0,0,0.001680,30,29,28,26,26,24,23,18,17,5.4098,5.1867,4.8447,4.3696,3.9835,3.4507,2.9942,2.0728,1.6952
2026-03-03T22:21:14.248279,6.248520247981118e-28,0,0,0.001570,39,39,39,39,39,35,33,25,21,5.7978,5.5314,5.1556,4.6822,4.3048,3.6831,3.2581,2.3582,1.9744
2026-03-07T00:31:07.742851,7.924178166979744e-64,0,0,0.001244,59,59,59,59,57,55,54,44,33,4.1115,3.9538,3.6862,3.3337,3.0711,2.6445,2.3108,1.6455,1.3364
2026-03-09T21:55:55.236508,3.089513291758198e-26,0,0,0.001303,35,35,33,33,33,30,29,25,20,4.7633,4.4967,4.1038,3.6866,3.3688,2.9153,2.5264,1.8012,1.4649
2026-03-10T00:30:31.772027,3.755712707695926e-07,0,0,0.001216,21,21,21,21,20,20,18,14,9,4.4083,4.1663,3.7800,3.3661,3.0676,2.5947,2.2379,1.5562,1.2510
2026-03-12T15:31:28.969452,1.6555103470181277e-18,0,0,0.001860,37,36,36,35,35,34,31,28,27,10.8479,9.9856,8.8123,7.6399,6.8894,5.7255,5.0247,3.7547,3.1460
2026-03-12T23:39:06.765573,1.5036866955510594e-20,0,0,0.000953,32,31,30,30,30,29,27,24,20,4.9456,4.4209,3.7177,3.1055,2.7479,2.2439,1.8723,1.2510,0.9963
2026-03-15T21:55:21.523678,9.263481794083776e-14,0,0,0.001638,31,31,31,26,26,22,20,18,17,5.7379,5.4269,4.9694,4.4507,4.0578,3.4348,2.9343,2.0020,1.6181
2026-03-18T14:06:52.753620,3.6958130641317947e-09,0,0,0.000597,19,18,18,18,18,17,17,15,14,3.5675,3.2350,2.7966,2.3784,2.1109,1.7186,1.4494,1.0013,0.8105
2026-03-18T23:15:54.844693,1.6072224243906322e-08,0,0,0.000905,23,22,22,20,19,19,19,17,14,4.0075,3.6350,3.1990,2.7488,2.4667,2.0527,1.7350,1.1884,0.9754
2026-03-19T10:49:51.920876,1.6402640214557993e-11,0,0,0.001841,30,30,28,26,26,26,24,22,20,9.6213,9.0011,8.0909,7.0793,6.4089,5.4196,4.7316,3.5192,2.9418
2026-03-19T10:51:04.612407,2.689978308771803e-16,0,0,0.001689,40,40,39,37,35,31,30,27,23,9.0183,8.3615,7.4820,6.6170,5.9892,5.0372,4.4153,3.2765,2.7101
2026-03-19T10:52:11.181086,3.551921390273016e-09,0,0,0.001003,26,26,26,25,25,24,22,18,15,5.6050,5.2286,4.6592,4.0772,3.6629,3.0783,2.6670,1.9674,1.6326
2026-03-19T18:47:05.234597,1.0597902657698812e-14,0,0,0.001352,31,29,29,28,27,26,25,22,20,5.7383,5.2637,4.5721,3.9787,3.5328,2.9115,2.4697,1.7111,1.3977
2026-03-19T20:26:17.188718,7.528165920337398e-13,0,0,0.001318,24,24,24,24,23,23,22,22,19,6.2537,5.6334,4.8166,4.0851,3.6244,3.0014,2.5301,1.7440,1.4132
2026-03-21T08:34:15.924338,1.4594324502683008e-06,0,0,0.000851,22,22,22,22,21,20,19,18,16,5.5210,5.1918,4.7483,4.2751,3.9454,3.4959,3.1881,2.5791,2.2753
2026-03-22T02:22:34.165507,3.3300880959765077e-52,0,0,0.002022,68,67,65,64,64,62,61,53,49,9.1969,8.4473,7.4180,6.3610,5.7310,4.7057,3.9980,2.7266,2.2068
2026-03-22T08:16:46.748407,1.3904673736950333e-08,0,0,0.001669,28,28,28,24,24,21,19,17,15,9.8765,9.0699,7.9420,6.8606,6.1550,5.0963,4.3360,3.0632,2.4765
2026-03-22T08:16:59.216877,2.3578466195878633e-08,0,0,0.000841,22,21,20,19,19,17,16,14,13,5.0092,4.6052,4.0008,3.4524,3.0871,2.5392,2.1756,1.5215,1.2152
2026-03-22T08:17:43.354287,1.3831783285137452e-26,0,0,0.001711,56,51,50,47,46,45,44,40,32,10.5543,9.6487,8.3223,7.1670,6.3798,5.2988,4.4986,3.1532,2.5474
2026-03-22T15:03:58.623336,2.682784096914646e-24,0,0,0.001616,36,35,34,33,33,32,31,30,29,8.2179,7.4605,6.4118,5.4405,4.8080,3.8662,3.2777,2.1490,1.7229
2026-03-22T19:20:50.582337,1.17054195365133e-17,0,0,0.001510,29,29,28,28,27,27,26,21,17,5.9631,5.5360,4.8916,4.2273,3.7842,3.1276,2.6570,1.8067,1.4383
2026-03-22T19:23:43.527764,3.714894475485306e-07,0,0,0.000530,17,17,17,17,16,14,14,14,13,2.8063,2.5606,2.2381,1.9134,1.7070,1.3719,1.1210,0.7013,0.5228
2026-03-24T04:20:41.925114,1.4889508787074562e-10,0,0,0.001541,34,34,31,31,29,25,23,21,18,11.8425,10.7513,9.2593,7.8312,7.0140,5.8317,5.0893,3.9156,3.3622
2026-03-25T12:39:25.432949,2.7235309356611074e-20,0,0,0.001258,29,29,28,28,28,26,25,20,17,5.6357,5.2227,4.5949,3.9710,3.5847,3.0097,2.5815,1.8025,1.4607
2026-03-27T09:07:59.982833,1.0032528498635502e-12,0,0,0.001393,28,27,27,24,24,23,23,14,12,5.8697,5.5242,5.0135,4.4098,3.9870,3.3897,2.9732,2.1958,1.8187
2026-03-27T12:23:38.503991,2.4602304848883934e-39,0,0,0.001598,51,49,44,44,44,41,38,29,24,5.7657,5.3977,4.9094,4.3380,3.9337,3.3001,2.8812,2.0128,1.6626
2026-03-27T22:01:42.086513,1.5267226830334995e-16,0,0,0.001293,30,29,28,28,26,25,24,18,14,4.4197,4.1500,3.7771,3.3572,3.0647,2.5775,2.2255,1.4909,1.1944
2026-03-28T09:20:48.365199,1.484465951891451e-10,0,0,0.001657,30,30,27,24,22,21,17,15,14,6.4372,6.0874,5.5945,5.0296,4.5467,3.8513,3.3475,2.4311,2.0395
2026-03-28T11:03:26.096957,3.2682148061618754e-12,0,0,0.001392,28,28,27,27,27,25,25,22,21,5.3091,4.9625,4.4669,3.9368,3.5755,3.0595,2.6630,1.9065,1.5761
2026-03-28T20:37:56.239273,1.3117465299279471e-08,0,0,0.001281,23,23,23,23,22,22,20,15,11,3.8746,3.7245,3.4838,3.1552,2.9339,2.5755,2.2566,1.5850,1.2855
2026-03-29T16:12:22.664175,3.8740433610982062e-28,0,0,0.001672,40,39,39,38,38,36,33,30,25,7.8003,7.1703,6.2600,5.2939,4.7146,3.8879,3.2647,2.1601,1.7320
2026-03-29T20:50:11.292025,8.038172663263469e-14,0,0,0.001683,30,30,28,28,28,26,24,20,17,5.6593,5.3150,4.8152,4.3256,3.9423,3.3354,2.8466,1.9431,1.5461
2026-03-29T20:50:17.092845,8.457547258462413e-30,0,0,0.001221,39,38,38,35,35,35,33,28,21,4.0386,3.8326,3.5144,3.1111,2.8607,2.4007,2.0480,1.3894,1.1180
2026-03-30T03:30:28.061734,8.878615531171237e-15,0,0,0.001744,24,24,24,24,24,24,23,21,17,7.6508,7.2307,6.5754,5.8381,5.3114,4.5133,3.9514,2.9067,2.4390
2026-03-30T15:50:34.907890,6.345471987122259e-16,0,0,0.001155,26,25,25,25,24,23,20,16,11,5.9154,5.3997,4.6741,4.0365,3.6492,3.0204,2.5578,1.8042,1.4629
2026-03-31T08:21:15.514190,8.950297513015682e-23,0,0,0.001416,34,34,34,33,32,30,25,24,18,5.3406,5.0818,4.6813,4.1707,3.8088,3.2260,2.7940,2.0174,1.6691
2026-03-31T14:52:16.116198,2.394739517485067e-41,0,0,0.001740,49,49,49,46,46,43,39,32,27,5.6584,5.3755,4.9124,4.3702,3.9835,3.3727,2.8956,1.9737,1.6011
2026-03-31T14:59:03.663797,7.16399284791128e-47,0,0,0.001389,54,54,54,52,50,45,43,32,21,4.9841,4.7057,4.2525,3.7734,3.4409,2.9196,2.5008,1.6948,1.3651
2026-04-01T15:10:36.743014,5.405943827760874e-32,0,0,0.000897,42,42,41,41,39,36,35,30,29,3.6681,3.4018,3.0126,2.6035,2.3245,1.9213,1.6073,1.0719,0.8612
2026-04-02T08:47:09.264360,7.029469790501097e-59,0,0,0.001902,62,62,61,60,59,56,53,49,45,7.7395,7.2602,6.4946,5.6810,5.1248,4.2833,3.7185,2.5984,2.1316
2026-04-02T09:27:32.306128,7.392742091914627e-12,0,0,0.000967,27,26,24,22,22,21,21,20,14,4.4603,4.0906,3.5587,3.0655,2.7441,2.2636,1.9164,1.3420,1.0866
2026-04-03T13:57:43.041559,2.4655179781672127e-17,0,0,0.001505,28,28,28,27,26,25,24,16,13,4.8738,4.6496,4.2764,3.8568,3.4950,2.9340,2.5015,1.6867,1.3781
2026-04-03T17:51:52.443195,1.1419560724244537e-07,0,0,0.001757,25,25,25,24,21,21,19,16,14,7.2641,6.6625,5.7760,4.9135,4.3544,3.4883,2.9337,1.9256,1.4961
2026-04-03T19:31:58.552676,5.824813516652296e-13,0,0,0.001396,26,25,25,25,25,24,22,19,16,6.2080,5.7046,5.0566,4.3347,3.8834,3.1967,2.7032,1.8522,1.4686
2026-04-03T19:35:49.616787,4.186055424349539e-18,0,0,0.001676,31,30,30,29,29,28,27,23,19,7.4860,6.8926,6.0546,5.2327,4.6902,3.8691,3.2588,2.2558,1.8182
2026-04-07T15:30:44.340250,6.420350748659981e-19,0,0,0.000223,23,23,23,23,23,23,23,19,17,1.0090,0.9187,0.7892,0.6636,0.5817,0.4688,0.3908,0.2449,0.1908
2026-04-07T17:14:30.133741,6.296152444756814e-09,0,0,0.001226,27,26,26,26,25,25,23,22,18,5.6762,5.1690,4.4632,3.7994,3.3313,2.6588,2.2093,1.4508,1.1437
2026-04-08T12:35:26.001699,1.6021970280432475e-76,0,0,0.001060,81,79,78,76,75,74,71,64,56,4.9210,4.5206,3.8556,3.2159,2.8428,2.2576,1.8598,1.1890,0.8957
2026-04-13T15:21:03.226393,4.938172399301323e-26,0,0,0.001469,37,37,37,36,34,32,29,25,21,7.5358,6.8910,5.9695,5.0726,4.4924,3.6599,3.1228,2.2206,1.8066
2026-04-17T02:30:02.357891,6.5641073748958214e-43,0,0,0.001713,46,46,45,44,43,43,38,31,26,5.8814,5.5336,5.0448,4.5145,4.1096,3.4719,2.9944,2.0885,1.7078
2026-04-17T18:51:02.157486,7.89948898706452e-06,0,0,0.001270,25,24,24,22,21,19,17,10,8,4.9074,4.7394,4.4469,4.0678,3.7458,3.2885,2.9383,2.2437,1.8890
2026-04-19T03:05:26.354134,1.2786464393473369e-27,0,0,0.001875,37,36,33,31,31,30,30,28,27,8.9519,7.9898,6.7795,5.7236,5.0901,4.1327,3.4916,2.3779,1.8883
2026-04-20T08:42:38.639962,4.558868461448009e-06,0,0,0.001356,22,22,22,21,21,21,19,14,13,5.2056,4.8152,4.2639,3.7112,3.3503,2.7627,2.3401,1.5211,1.2005
2026-04-20T10:22:28.300978,1.8667692941475374e-20,0,0,0.000091,20,20,20,20,20,18,17,17,14,0.3420,0.3174,0.2813,0.2430,0.2202,0.1807,0.1526,0.1037,0.0826
2026-04-20T22:33:31.854719,2.2434774062583855e-38,0,0,0.001354,38,37,37,35,34,34,33,30,28,5.9869,5.5041,4.8456,4.1898,3.7570,3.1490,2.6813,1.8778,1.5420
2026-04-23T13:31:33.773135,5.313256476671261e-18,0,0,0.001608,31,29,29,27,27,26,24,18,16,7.2003,6.7236,5.9789,5.2252,4.7648,4.0412,3.4727,2.4989,2.0206
2026-04-24T08:02:02.628051,4.846045009924467e-09,0,0,0.001613,33,32,31,29,28,26,24,22,21,7.0948,6.4798,5.6016,4.7071,4.1596,3.3002,2.7478,1.8085,1.4208
2026-04-25T05:01:52.178592,6.534216227676051e-18,0,0,0.000916,28,28,28,26,26,26,22,19,16,3.5951,3.3393,2.9590,2.5551,2.3108,1.8996,1.6090,1.0714,0.8355
2026-04-26T11:48:25.478872,6.674577213662857e-08,0,0,0.000823,20,19,19,19,19,18,18,17,17,4.4514,4.1833,3.7755,3.3590,3.0585,2.6349,2.3360,1.8173,1.5683
2026-04-28T12:08:57.652239,1.2313430635655701e-10,0,0,0.001351,28,28,27,26,25,24,24,21,19,7.7266,7.3909,6.8594,6.2139,5.7595,5.1543,4.7305,3.8319,3.3700
2026-04-28T12:11:34.270444,1.412486278373567e-23,0,0,0.001936,45,44,44,43,41,40,37,36,32,11.0294,10.4193,9.5755,8.6378,7.9514,7.0234,6.3947,5.2028,4.5741
2026-04-29T15:42:55.117875,3.2994511236760535e-14,0,0,0.001644,33,33,32,32,31,29,27,17,14,8.7739,8.3380,7.6912,6.8750,6.3594,5.6777,5.1546,4.1325,3.6318
2026-04-29T19:37:36.013296,3.847008855169308e-12,0,0,0.001312,27,27,27,27,27,24,24,18,15,6.3593,5.8193,5.0115,4.2269,3.7326,3.0263,2.5319,1.7016,1.3948
2026-04-30T11:55:06.536062,1.3101529432846674e-14,0,0,0.001577,32,32,32,30,28,27,26,22,18,8.4163,7.7417,6.8154,5.8867,5.2886,4.4475,3.8756,2.8681,2.4213
2026-04-30T13:38:57.820279,4.403815120989157e-12,0,0,0.001764,28,28,28,26,23,21,21,17,17,8.9795,8.3719,7.4667,6.5384,5.8836,4.9971,4.3761,3.3079,2.8001
2026-04-30T18:18:25.064903,2.144595603330464e-36,0,0,0.001457,45,45,45,45,43,41,41,40,34,7.1848,6.4674,5.5108,4.6594,4.1215,3.3753,2.8492,1.9927,1.6343
2026-05-02T05:39:51.954228,6.634577695323887e-06,0,0,0.001811,54,49,39,34,27,21,13,5,3,10.7573,9.7585,8.3133,6.9688,6.2298,5.0133,4.0894,2.5391,1.9089
2026-05-02T05:39:51.975592,2.5267699246794483e-10,0,0,0.003760,127,119,102,81,70,53,36,13,8,22.2393,20.1409,17.1405,14.3660,12.8221,10.3477,8.4240,5.2337,3.9442
2026-05-04T09:31:19.403077,1.2668980698849282e-08,0,0,0.001962,50,49,49,45,42,39,36,29,22,10.5265,9.9131,8.9925,8.0016,7.3278,6.3993,5.6581,4.2292,3.5415
2026-05-04T09:31:19.421249,1.5615441839120855e-08,0,0,0.002700,76,75,72,68,68,64,64,53,38,14.4452,13.5983,12.3342,10.9719,10.0460,8.7628,7.7428,5.7928,4.8396
2026-05-04T10:18:37.826999,8.038907668127799e-17,0,0,0.001657,39,38,38,37,36,35,34,31,30,10.0860,9.5136,8.7135,7.8407,7.2130,6.3644,5.7878,4.6857,4.1475
2026-05-04T15:51:35.698861,9.84334645350374e-25,0,0,0.001296,37,37,35,35,35,33,29,26,22,5.6022,5.1918,4.6001,3.9973,3.6392,3.0573,2.6378,1.9165,1.6049
2026-05-06T09:08:53.434403,1.4937895168081939e-15,0,0,0.001603,35,35,35,30,29,27,26,23,19,8.6392,8.4182,8.0053,7.3933,6.9205,6.2590,5.7700,4.7378,4.1800
2026-05-06T11:45:50.392601,8.953415773297259e-17,0,0,0.001443,30,29,29,27,26,25,24,19,18,7.8015,7.1959,6.3440,5.5562,5.0140,4.2444,3.7299,2.8378,2.4028
2026-05-07T19:05:13.648495,2.3013413523116812e-11,0,0,0.000693,22,21,21,20,20,18,17,13,8,2.3522,2.2528,2.0943,1.8868,1.7240,1.4892,1.3030,0.9247,0.7462
2026-05-08T01:26:50.612298,9.032881937447789e-14,0,0,0.001417,27,27,25,24,24,23,22,16,12,4.8356,4.4857,4.0677,3.6219,3.3027,2.8082,2.4253,1.6889,1.3726
2026-05-08T17:27:31.177371,1.4482842588563767e-10,0,0,0.001827,31,31,29,29,29,26,25,22,16,7.0017,6.5791,5.9857,5.3574,4.9061,4.1578,3.6254,2.5393,2.0623
2026-05-09T03:26:26.402257,4.3177456707412134e-30,0,0,0.001837,45,45,43,41,39,36,34,29,28,6.7847,6.5249,6.0796,5.5406,5.1008,4.4978,3.9624,2.9447,2.4817
2026-05-12T11:13:58.753947,1.0241549123929324e-15,0,0,0.001799,28,26,26,25,25,25,21,18,14,7.6441,7.1580,6.5138,5.7906,5.2772,4.5258,4.0088,3.0229,2.5377
2026-05-14T12:34:03.832607,1.1944970546302268e-19,0,0,0.001532,34,33,33,31,29,28,25,20,15,6.1830,5.8526,5.3211,4.7671,4.3392,3.7024,3.2110,2.2864,1.8841
2026-05-14T12:34:56.291615,3.7877863324980344e-37,0,0,0.001842,46,44,42,40,36,32,31,27,22,7.3706,6.9650,6.3576,5.7138,5.2068,4.4933,3.9100,2.8243,2.3480
2026-05-15T11:09:18.125262,2.794383059866881e-29,0,0,0.001025,45,45,44,43,42,37,33,24,21,4.0812,3.8467,3.5154,3.1644,2.8865,2.4677,2.1788,1.5856,1.3319
2026-05-15T14:36:15.528913,4.471110142504352e-09,0,0,0.001645,26,25,25,24,23,21,18,16,11,6.2218,5.9493,5.5248,4.9980,4.6267,4.0609,3.5658,2.6195,2.2058
2026-05-16T08:55:38.688955,2.5256572685576472e-08,0,0,0.001108,23,23,23,20,19,19,18,15,13,5.5730,5.1421,4.5366,3.9177,3.4795,2.9076,2.4986,1.8198,1.5428
2026-05-17T07:36:14.284699,1.661288954774266e-07,0,0,0.001148,23,23,23,22,22,21,18,16,13,5.8327,5.3874,4.7641,4.1183,3.7286,3.1761,2.7917,2.0670,1.7608
2026-05-17T22:52:47.506395,3.8236650262072537e-45,0,0,0.001169,56,55,55,55,55,52,47,40,31,5.6084,5.1656,4.5498,3.9198,3.4953,2.9562,2.5624,1.8451,1.5487
2026-05-20T21:06:03.398919,1.5924816476028755e-11,0,0,0.001827,36,35,30,29,28,27,24,23,21,7.9530,7.3403,6.5098,5.6545,5.0990,4.2427,3.5737,2.4166,1.9100
2026-05-21T09:18:27.292581,6.8331571872651744e-18,0,0,0.001987,36,36,36,35,34,33,32,27,24,7.4524,7.0690,6.5291,5.8106,5.3088,4.5290,3.9721,2.8220,2.3413
2026-05-21T12:42:54.340249,1.2678192882082435e-06,0,0,0.000575,23,22,22,21,20,20,18,16,10,5.5500,5.1759,4.6198,4.0494,3.7102,3.1169,2.5588,1.5685,1.0301
2026-05-21T19:40:04.629965,1.5386641353438042e-19,0,0,0.001232,28,28,28,28,28,26,24,21,20,4.9005,4.5763,4.1252,3.6468,3.2896,2.7489,2.3370,1.5823,1.2251
2026-05-21T22:15:51.032380,1.0570954308389426e-22,0,0,0.001815,47,47,46,45,45,41,38,33,28,8.9312,8.3537,7.4434,6.5643,5.9373,5.0500,4.4138,3.3404,2.7904
2026-05-23T13:15:03.736818,4.2188032637374785e-20,0,0,0.001793,37,36,34,33,31,28,27,20,17,8.7864,8.1815,7.3756,6.4846,5.9657,5.1371,4.4471,3.1803,2.5102
2026-05-23T14:58:34.230587,1.0573699308062393e-36,0,0,0.001462,49,48,47,46,46,43,39,33,23,6.4253,6.0842,5.5459,4.9862,4.6422,4.0367,3.5043,2.5452,2.0571
2026-05-24T11:23:04.053601,3.352192476856101e-11,0,0,0.001588,93,55,32,11,7,6,4,4,4,6.9545,6.3819,5.6336,4.8524,4.3222,3.5891,3.0285,2.0645,1.6755
2026-05-24T11:46:30.253935,9.297216778201528e-16,0,0,0.001883,42,40,39,36,34,30,26,21,18,11.3381,10.5421,9.3124,8.1018,7.3895,6.2188,5.2401,3.5378,2.6477
2026-05-25T06:03:49.373961,5.259478628617632e-11,0,0,0.001548,27,26,24,21,20,19,19,17,13,7.0739,6.5579,5.7901,5.0427,4.4978,3.7402,3.2148,2.2250,1.8451
2026-05-25T12:03:47.017744,1.271331860588032e-28,0,0,0.001456,40,40,39,37,37,36,33,27,24,6.8190,6.3962,5.7307,5.0667,4.6541,3.9791,3.4150,2.4421,1.9958
2026-05-25T18:15:21.636659,2.8020513885399107e-10,0,0,0.001718,30,30,26,25,25,25,25,22,20,8.1049,7.3648,6.3652,5.4221,4.8451,4.0121,3.3778,2.3132,1.8629
2026-05-25T18:58:53.669071,2.515269379085314e-15,0,0,0.001400,26,26,24,22,20,20,20,15,12,5.1710,4.8776,4.4073,3.8961,3.5390,3.0363,2.5950,1.8017,1.4623
2026-05-25T19:57:42.468019,4.6237523018790424e-08,0,0,0.000705,20,20,19,19,19,19,17,16,16,3.4535,3.1743,2.8076,2.4376,2.2062,1.8611,1.6155,1.1711,0.9667
2026-05-26T20:08:18.354422,5.4684466069896344e-18,0,0,0.001675,31,30,29,29,29,26,25,21,18,8.3150,7.8150,7.0723,6.2491,5.7356,4.9303,4.3973,3.3771,2.8771
2026-05-27T14:18:00.189104,2.287460850744846e-06,0,0,0.001126,36,34,34,29,27,23,21,15,14,14.4428,13.0689,11.0256,9.0773,7.9394,6.1207,4.5677,2.2929,1.4860
2026-05-28T06:00:43.711732,1.5102622408891311e-06,0,0,0.000861,29,29,27,27,27,27,25,23,22,4.1523,3.8097,3.2887,2.8260,2.5217,2.0959,1.7859,1.2593,1.0401
2026-05-28T09:24:18.145071,4.490951435918707e-15,0,0,0.001730,43,42,41,39,36,32,30,24,21,8.5389,7.9325,6.9810,6.0426,5.5289,4.7093,3.9780,2.8064,2.2691
2026-05-28T16:21:41.803194,7.315563310449931e-15,0,0,0.001422,25,25,25,24,24,23,22,16,13,5.1299,4.8922,4.5281,4.0871,3.7862,3.2720,2.8339,1.9592,1.5391
2026-05-28T17:16:07.780107,1.323645080664346e-06,0,0,0.001155,22,22,22,20,19,17,16,13,9,5.9049,5.3216,4.5726,3.8516,3.4235,2.8133,2.3828,1.6274,1.3130
2026-05-31T17:58:03.927716,2.2840233336892033e-17,0,0,0.001834,38,38,38,38,35,32,30,27,25,9.1402,8.5697,7.8055,6.9172,6.3013,5.4325,4.8082,3.6920,3.1835
2026-06-02T23:46:07.161688,3.15379677780544e-24,0,0,0.001260,33,33,33,31,30,29,26,23,20,5.5779,5.2457,4.7850,4.2593,3.8800,3.3347,2.9503,2.1904,1.8710
2026-06-04T04:23:24.969219,3.2452870100490984e-36,0,0,0.001558,53,52,52,50,49,47,44,42,36,8.2492,7.4931,6.4757,5.5582,5.0067,4.1057,3.4519,2.3826,1.8758
2026-06-05T19:51:45.947405,4.19320251470481e-09,0,0,0.001633,31,30,29,26,25,24,23,19,17,6.7959,6.5023,6.0470,5.4771,5.0474,4.3761,3.8812,2.8767,2.4148
2026-06-06T19:48:19.423713,4.319121824836108e-08,0,0,0.001254,33,33,30,30,29,26,25,18,13,5.9807,5.6349,5.1402,4.5867,4.2073,3.6544,3.2421,2.5137,2.1724
2026-06-06T23:06:54.505401,1.5985764251089077e-11,0,0,0.001258,25,23,23,23,22,22,21,17,16,5.6532,5.1951,4.5598,3.9721,3.5712,2.9842,2.5464,1.8278,1.5083
2026-06-07T23:23:27.718647,2.2193537346509594e-10,0,0,0.001005,19,18,18,18,17,16,16,16,12,4.3179,4.0266,3.5926,3.1571,2.8536,2.3886,2.0699,1.4522,1.2009
2026-06-08T13:24:54.212168,4.0834517038985144e-10,0,0,0.001258,27,27,26,26,26,26,23,21,20,5.3510,5.0340,4.5930,4.0930,3.7219,3.1984,2.8058,2.0541,1.7364
2026-06-09T02:13:11.066412,4.6798843873405676e-11,0,0,0.000556,18,18,17,17,17,16,16,14,14,3.0439,2.7530,2.3509,1.9847,1.7691,1.4268,1.1867,0.7899,0.6211
2026-06-09T16:41:56.080853,4.06225710483134e-08,0,0,0.001651,32,32,31,27,26,25,23,20,17,9.1421,8.7928,8.2308,7.5228,6.9792,6.2421,5.7017,4.6670,4.1208
2026-06-11T02:48:05.294085,3.6849567681893702e-09,0,0,0.001652,34,34,31,30,29,25,24,18,14,8.5812,7.8720,6.9067,5.9697,5.3999,4.5155,3.8054,2.6223,2.0842
2026-06-11T21:02:15.644285,4.1940999504474377e-50,0,0,0.001842,60,59,59,58,55,55,53,45,41,8.2814,7.5986,6.6980,5.7650,5.1659,4.3044,3.7332,2.6215,2.1704
2026-06-12T16:14:46.064347,2.6757774749630553e-29,0,0,0.001771,41,41,39,38,37,37,36,32,29,10.1700,9.4178,8.3239,7.2138,6.4750,5.4276,4.6709,3.4625,2.9633
2026-06-12T17:57:06.127273,5.7504875660783104e-11,0,0,0.001115,28,27,25,24,23,22,22,20,18,5.7989,5.3513,4.6733,4.0533,3.6580,3.0600,2.7074,2.0306,1.7124
2026-06-14T21:02:49.587485,3.0995991018684493e-07,0,0,0.001605,25,25,25,25,25,25,23,22,17,6.4620,6.1281,5.5850,4.9754,4.4939,3.8309,3.3332,2.3548,1.9454
2026-06-15T00:58:57.367056,3.267716789387648e-06,0,0,0.000428,15,14,14,14,14,13,13,11,11,1.9008,1.7488,1.5180,1.2873,1.1443,0.9264,0.7794,0.5259,0.4219
2026-06-15T07:24:43.219169,7.260897610767649e-17,0,0,0.001422,32,30,30,27,26,24,23,18,14,6.2007,5.6564,4.9044,4.1985,3.7525,3.0587,2.5768,1.7186,1.3739
2026-06-16T05:52:26.475265,5.178435942030642e-19,0,0,0.001840,37,36,35,35,34,31,29,19,15,8.3060,7.7447,6.8991,6.0841,5.5553,4.7598,4.0043,2.8158,2.2294
2026-06-16T07:41:25.060720,2.300673269778036e-18,0,0,0.001020,33,33,31,29,29,28,26,25,22,6.1082,5.5405,4.6859,3.8585,3.3676,2.6067,2.0591,1.2961,1.0154
2026-06-16T17:14:21.812268,1.3927519466452322e-06,0,0,0.001568,29,29,29,27,26,25,22,18,15,8.6312,7.8829,6.9032,5.9577,5.3107,4.4301,3.8448,2.8185,2.3631
2026-06-17T02:45:12.643451,2.1745082800365004e-11,0,0,0.001306,25,25,25,22,21,20,19,15,12,5.6402,5.2491,4.6805,4.1482,3.8408,3.3501,2.8910,2.0718,1.7084
2026-06-18T02:56:33.272888,1.9571557046216604e-20,0,0,0.001224,35,34,34,33,33,31,28,26,17,5.7119,5.3249,4.8187,4.2518,3.9223,3.4432,3.0074,2.2217,1.7785
2026-06-18T07:36:06.809917,1.072063812286772e-32,0,0,0.001926,42,42,42,41,41,39,35,25,22,6.9492,6.6175,6.1243,5.5339,5.0524,4.3890,3.8160,2.7985,2.3404
2026-06-18T10:47:33.374234,7.148957439013463e-22,0,0,0.001848,43,43,42,41,40,38,35,28,22,9.6198,8.9720,8.1563,7.2799,6.7050,5.8706,5.2975,4.1010,3.5158
2026-06-19T05:59:12.539942,6.965544829452738e-11,0,0,0.000785,21,21,21,21,21,19,18,17,14,2.8248,2.6821,2.4398,2.1722,1.9728,1.6679,1.4479,1.0165,0.8389
2026-06-21T09:52:16.633473,1.6339292338295264e-11,0,0,0.001603,33,33,32,32,32,31,30,25,23,7.7641,7.3916,6.8346,6.1934,5.7133,4.9985,4.5095,3.5460,3.0757
2026-06-24T14:12:28.404133,8.326466996748866e-15,0,0,0.001685,32,30,30,29,28,27,24,18,14,7.7908,7.2947,6.4905,5.7204,5.1817,4.3903,3.8371,2.8210,2.3998
2026-06-24T23:42:27.774960,1.8616313546087959e-13,0,0,0.001407,29,29,29,29,26,23,21,18,15,5.4952,5.2472,4.8429,4.3838,4.0932,3.6000,3.1246,2.2939,1.8981
2026-06-25T12:55:25.906199,2.734537746483341e-26,0,0,0.001484,46,44,43,43,43,35,33,29,22,6.7704,6.3806,5.7877,5.1409,4.6740,3.9957,3.4980,2.6061,2.2066
2026-06-26T15:38:03.381514,2.5375651759943146e-10,0,0,0.001219,22,22,22,22,22,21,20,15,15,4.5084,4.2904,3.9592,3.5806,3.2703,2.7938,2.4496,1.7755,1.4911
2026-06-28T03:33:40.047719,1.5872212256680813e-12,0,0,0.001695,32,32,30,26,25,22,22,20,16,7.7413,7.1968,6.4597,5.6859,5.1782,4.3641,3.7666,2.6460,2.1230
2026-06-28T11:54:48.787304,3.2006613654597584e-43,0,0,0.001030,49,49,49,47,47,44,41,31,24,4.5482,4.2777,3.8928,3.4724,3.1640,2.6984,2.3888,1.7937,1.5279
2026-06-30T10:30:56.584235,5.364688554333351e-06,0,0,0.000391,17,17,17,17,17,17,16,16,14,1.5755,1.5172,1.4363,1.3089,1.2068,1.0553,0.9514,0.7332,0.6211
2026-06-30T10:43:52.754500,1.498909738534068e-35,0,0,0.001965,47,47,43,43,42,41,41,34,27,8.3363,7.9383,7.2615,6.4567,5.8969,5.0643,4.4927,3.4109,2.9177
2026-06-30T21:45:04.602639,1.2116127358981813e-29,0,0,0.001754,45,44,43,43,43,39,35,27,23,9.0791,8.3934,7.2985,6.2435,5.6544,4.7650,4.0200,2.8702,2.3271
2026-07-01T17:24:18.006519,1.8825377540994806e-24,0,0,0.001070,34,33,33,30,29,29,26,22,18,4.0502,3.7811,3.3758,2.9456,2.6609,2.2458,1.9340,1.3272,1.0716
2026-07-02T09:22:09.643261,3.6619271994244076e-41,0,0,0.001397,53,52,51,51,51,48,46,36,30,5.7193,5.5337,5.2381,4.8021,4.4373,3.8954,3.5003,2.6219,2.2105
2026-07-03T13:58:28.763060,9.740945527861564e-10,0,0,0.000811,29,27,26,24,23,22,22,20,19,4.1412,3.8184,3.3339,2.8309,2.5224,2.0628,1.7249,1.1490,0.8897
2026-07-04T02:59:38.746111,7.336454701791922e-16,0,0,0.001129,33,32,31,31,28,28,24,18,15,5.4752,5.1268,4.7054,4.2008,3.8381,3.3369,2.9782,2.2923,1.9450
2026-07-04T06:33:34.358826,4.629443000746045e-13,0,0,0.001469,28,27,27,26,26,22,21,15,13,5.8464,5.6691,5.4027,4.9813,4.6148,4.0576,3.6688,2.8868,2.4617
2026-07-05T18:01:46.561706,8.667428172068608e-08,0,0,0.000905,21,21,21,20,20,19,19,14,12,3.4467,3.2593,2.9828,2.6733,2.4690,2.1450,1.8598,1.3419,1.1015
2026-07-07T09:57:23.311785,2.2542980080674898e-08,0,0,0.000817,23,23,23,23,22,19,18,13,11,3.8432,3.5354,3.0831,2.6437,2.3606,1.9340,1.6435,1.1116,0.9037
2026-07-07T13:52:46.451020,3.835964357636823e-16,0,0,0.000773,27,27,27,27,26,25,25,22,21,2.6040,2.4740,2.2577,2.0145,1.8490,1.5737,1.3551,0.9362,0.7722
2026-07-09T05:51:06.539381,2.092021209812726e-09,0,0,0.001539,117,85,40,16,10,7,4,3,3,7.5589,7.0856,6.3674,5.5862,5.0818,4.3543,3.8382,2.8977,2.4523
2026-07-09T15:37:25.944213,9.938067236406798e-12,0,0,0.001719,29,28,28,27,25,23,22,19,17,7.3552,6.8526,6.1146,5.4418,4.9964,4.3209,3.7349,2.7079,2.1922
2026-07-12T00:14:17.701003,4.768589896554563e-15,0,0,0.001191,26,26,26,26,25,25,22,21,19,6.1298,5.7142,5.1163,4.4697,4.0396,3.4514,3.0171,2.2436,1.8700
2026-07-13T19:33:12.126600,1.06466474300701e-06,0,0,0.001125,25,25,24,23,23,22,20,18,15,4.2181,4.0204,3.7153,3.3460,3.0471,2.6499,2.3323,1.7039,1.4358
2026-07-17T05:39:51.183288,1.03220099531843e-10,0,0,0.001785,25,25,25,25,24,24,23,19,19,8.9339,8.1478,7.0822,5.9824,5.3613,4.4219,3.7539,2.5666,2.0861
2026-07-17T16:56:11.147553,1.521546534487758e-26,0,0,0.000969,36,36,36,35,35,33,32,26,20,4.7251,4.3517,3.8045,3.2672,2.9432,2.4704,2.1342,1.5235,1.2440
2026-07-19T02:01:37.212436,2.6952745621213782e-06,0,0,0.000439,16,16,16,16,16,14,14,12,10,1.9564,1.8334,1.6549,1.4571,1.3169,1.1176,0.9783,0.7107,0.5969
2026-07-19T20:54:56.864823,1.7591983324663147e-08,0,0,0.000866,23,23,23,22,22,22,22,20,17,5.0245,4.6668,4.1581,3.6420,3.3162,2.8412,2.5088,1.9336,1.6480
2026-07-20T04:44:58.583334,1.5516048710626437e-62,0,0,0.002515,97,97,97,94,93,91,86,78,72,12.3385,11.3160,9.8820,8.4569,7.5677,6.3014,5.3602,3.7394,3.0281
2026-07-25T00:04:00.723653,2.3399584524391397e-13,0,0,0.001381,33,32,29,27,27,26,26,23,19,6.8289,6.2883,5.5162,4.7553,4.2134,3.5055,3.0019,2.1321,1.7688
2026-07-25T17:18:22.687592,1.2646102976598075e-20,0,0,0.001896,41,39,39,38,34,33,30,22,19,10.6298,9.9490,8.9723,7.9209,7.2257,6.2758,5.5538,4.3713,3.7766
2026-07-25T22:28:29.835500,7.091851524753797e-08,0,0,0.001095,26,26,23,21,20,19,19,16,13,5.9628,5.5181,4.8445,4.1792,3.7147,3.0754,2.6457,1.9256,1.6143
2026-07-26T04:32:13.287428,6.478554364807044e-22,0,0,0.001633,34,34,34,32,30,29,28,24,21,9.3856,8.6375,7.4606,6.4025,5.7080,4.6664,3.9019,2.5938,1.9959
2026-07-26T18:57:16.536540,1.2488634878671325e-08,0,0,0.001136,29,29,28,28,28,25,23,21,17,7.4546,7.0943,6.6043,5.9721,5.5148,4.9210,4.4930,3.6737,3.2680
2026-07-28T10:26:46.036997,2.9656970084128736e-20,0,0,0.001056,31,31,30,30,30,30,29,26,23,4.8265,4.4131,3.8356,3.2505,2.8697,2.3887,1.9829,1.3290,1.0522
2026-07-29T09:51:42.475010,1.42613395198534e-17,0,0,0.001873,32,32,31,31,30,29,27,23,18,6.1857,5.8868,5.4204,4.9115,4.4839,3.8737,3.3610,2.3498,1.9109
2026-07-30T16:36:28.554691,2.3073028059320758e-11,0,0,0.001888,40,40,40,40,39,35,33,31,26,11.3393,11.0075,10.4287,9.6096,8.9469,8.1164,7.4985,6.1502,5.4399
2026-08-01T12:42:56.870472,5.629525969710383e-06,0,0,0.000870,21,20,20,19,18,17,16,14,13,4.8961,4.5327,4.0156,3.4804,3.1451,2.6675,2.3129,1.7325,1.4689
2026-08-02T08:16:26.291646,3.054068711449472e-13,0,0,0.001505,31,30,29,27,27,26,26,25,23,7.0918,6.4640,5.5959,4.7674,4.2422,3.4319,2.8535,1.9208,1.5301
2026-08-02T13:59:19.656072,4.005813100614818e-12,0,0,0.001401,27,27,27,26,25,25,22,16,13,8.2886,7.9122,7.3878,6.7241,6.2225,5.5425,5.0698,4.1415,3.6030
2026-08-05T22:56:28.097670,7.677743930879753e-13,0,0,0.001502,31,31,31,29,29,28,24,22,19,5.8488,5.6000,5.2139,4.7534,4.4196,3.8825,3.3857,2.4875,2.0611
2026-08-06T01:01:22.988680,2.0231841140006778e-11,0,0,0.000347,19,18,18,17,17,17,17,17,15,1.5239,1.4091,1.2331,1.0547,0.9408,0.7683,0.6469,0.4385,0.3498
2026-08-06T05:52:36.357160,1.4643605390764393e-08,0,0,0.001811,32,32,32,29,29,28,26,24,20,8.5118,7.7399,6.6816,5.7066,5.0590,4.0583,3.3879,2.2062,1.7269
2026-08-07T21:46:36.280548,5.00415088123541e-23,0,0,0.001894,37,37,37,36,36,34,32,26,19,7.4755,7.1666,6.6873,6.0551,5.5902,4.8804,4.3017,3.1194,2.5923
2026-08-08T05:44:01.255259,1.5559373795807358e-33,0,0,0.001045,47,46,46,45,45,41,38,34,27,3.5920,3.4421,3.1761,2.8611,2.6299,2.2330,1.9185,1.3390,1.0788
2026-08-08T20:13:44.364118,9.71295512533503e-41,0,0,0.001286,46,46,46,43,39,37,36,31,22,5.4273,5.2065,4.8044,4.3277,3.9692,3.4379,2.9858,2.1161,1.7030
2026-08-08T22:29:41.339922,2.0939979393235594e-14,0,0,0.001532,30,30,29,29,28,27,26,23,21,7.3831,6.7486,5.8170,4.9466,4.3647,3.5848,3.0401,2.0914,1.6728
2026-08-09T04:56:10.225795,1.6563701443724444e-09,0,0,0.001387,32,32,31,30,30,29,29,26,23,7.3168,6.5378,5.5095,4.6044,4.1043,3.3239,2.7691,1.8262,1.4290
2026-08-10T06:49:46.833805,3.0485989861552427e-16,0,0,0.001715,33,33,32,29,27,25,23,22,16,8.2953,7.5937,6.5932,5.6214,4.9874,4.1333,3.5253,2.4521,1.9757
2026-08-10T20:51:02.458904,3.0589162338239227e-15,0,0,0.001551,26,26,26,25,25,24,23,22,21,6.2981,6.0012,5.5492,5.0424,4.7017,4.1283,3.5807,2.6477,2.1895
2026-08-11T21:00:17.960897,6.449396483142424e-20,0,0,0.001768,36,36,36,34,34,34,31,28,23,7.9756,7.4970,6.7996,6.0505,5.5460,4.7254,4.0655,2.8145,2.2636
2026-08-11T21:32:22.823634,1.4440492849888892e-20,0,0,0.001496,32,32,30,29,28,25,25,23,21,6.2075,5.7526,5.1248,4.4388,3.9749,3.3160,2.8589,1.9576,1.6002
2026-08-12T19:37:07.388752,7.488150089156829e-09,0,0,0.001348,27,27,26,26,26,25,24,20,20,5.7427,5.3982,4.9250,4.4069,4.0747,3.5580,3.1011,2.2481,1.8443
2026-08-13T04:14:43.228915,5.561544683096985e-31,0,0,0.001854,43,42,37,34,33,33,32,28,24,8.5368,7.8355,6.8804,5.8766,5.2708,4.3401,3.6265,2.5029,1.9757
2026-08-13T05:15:08.848006,6.701096834405755e-08,0,0,0.001640,28,28,28,28,26,25,22,19,14,6.5300,6.2294,5.7274,5.0955,4.6631,4.0196,3.5317,2.6123,2.2131
2026-08-13T06:51:46.775321,2.8491608014119304e-21,0,0,0.001916,39,39,39,38,35,35,33,28,25,8.3462,8.0317,7.4675,6.8453,6.2899,5.4809,4.9013,3.6907,3.1120
2026-08-15T02:34:06.046949,1.3453169283031732e-14,0,0,0.002123,39,39,39,38,38,38,37,31,25,7.6374,7.2546,6.6199,5.9026,5.3654,4.5494,3.9115,2.7224,2.1670
2026-08-16T01:07:19.025610,2.498016792403186e-12,0,0,0.001545,25,25,24,22,22,21,21,15,11,6.0714,5.6391,4.9953,4.3352,3.9037,3.2608,2.7466,1.8625,1.4896
2026-08-16T01:34:32.359421,2.9802145383284386e-14,0,0,0.001091,30,30,29,27,26,25,25,20,16,4.3629,4.1133,3.7248,3.3028,3.0162,2.5633,2.1721,1.4481,1.1378
2026-08-18T20:11:12.634015,4.865960929600817e-10,0,0,0.004256,123,119,108,95,89,68,48,25,9,22.1484,20.3020,17.7721,15.2572,13.8234,11.5063,9.8447,6.8612,5.4339
2026-08-19T16:25:49.347422,1.562127796082964e-23,0,0,0.001563,35,34,34,32,32,31,28,25,22,7.2885,6.6846,5.8716,5.0222,4.5888,3.8381,3.2650,2.2901,1.8488
2026-08-20T13:07:43.819760,2.5065700835522946e-35,0,0,0.001867,53,53,49,46,44,41,39,34,32,8.1865,7.6217,6.7749,5.9122,5.3341,4.4761,3.8773,2.6666,2.1593
2026-08-20T17:03:57.955350,5.132716700407453e-35,0,0,0.001720,43,43,42,40,40,37,36,28,26,5.6943,5.4458,5.0367,4.5094,4.1072,3.5252,3.0326,2.1231,1.7270
2026-08-21T16:52:13.962415,9.88616304073513e-07,0,0,0.000867,24,23,22,21,20,20,17,15,13,3.6077,3.3989,3.1046,2.7757,2.5892,2.2665,1.9657,1.4577,1.2081
2026-08-22T05:55:11.755019,8.273109191742422e-17,0,0,0.001329,37,36,35,34,34,34,32,27,25,5.8691,5.6516,5.2966,4.8113,4.4569,3.9172,3.5212,2.7607,2.3701
2026-08-22T17:16:32.165530,1.5406980881378349e-13,0,0,0.001378,27,26,24,24,24,23,21,17,15,4.6720,4.4708,4.1277,3.6990,3.4067,2.9161,2.5284,1.7851,1.4441
2026-08-23T15:42:07.770130,6.287710573209898e-06,0,0,0.001410,21,21,21,18,16,16,15,11,6,5.8188,5.5054,5.0483,4.5555,4.2030,3.6518,3.1811,2.3472,1.9341
2026-08-24T22:04:00.125343,3.51701405938176e-12,0,0,0.000679,18,18,18,18,17,17,17,14,14,3.0131,2.7817,2.4682,2.1517,1.9409,1.5949,1.3627,0.9495,0.7729
2026-08-24T23:48:40.549292,2.883204700399969e-08,0,0,0.001277,25,24,23,23,23,21,21,14,12,5.8399,5.4774,4.9847,4.4417,4.0489,3.4485,3.0215,2.2586,1.9335
